ID,Text,Region,Context,Surface_Meaning,Intended_Meaning,Intent_Type,Emotion,Emotion_Intensity,Sarcasm,Sarcasm_Intensity,Polarity_Surface,Polarity_Intent,Relation,Customer_Service,Complaint,Escalation_Risk,Explanation,Source
LUB2-V2-0001,ما شاء الله على سرعة الإسعاف، وصلوا بعد ما خلصت الأزمة,الوسطى,اتصل شخص بالإسعاف لحالة اختناق لدى والده ووصل الفريق بعد أربعين دقيقة بعدما نقله الجيران بسيارة خاصة,مدح للسرعة,انتقاد ساخر لبطء الاستجابة,سخرية,غضب,5,نعم,5,إيجابي,سلبي,غير مرتبط,نعم,نعم,مرتفع,المدح الظاهر للسرعة ينقضه ذكر الوصول بعد انتهاء الحالة مما يكشف استنكارًا حادًا,V2_500
LUB2-V2-0002,الإسعاف وصل خلال سبع دقايق والفريق كان محترف جدًا,الشرقية,اتصلت عائلة للإسعاف بعد سقوط الجد ووصل الفريق سريعًا وأسعفه في المكان,مدح,شكر ومدح حقيقي,مدح,امتنان,5,لا,0,إيجابي,إيجابي,مرتبط,نعم,لا,منخفض,الرقم المحدد والسلوك الموصوف يجعلان المدح واقعيًا ويشكل مقابلًا مباشرًا للحالة الساخرة,V2_500
LUB2-V2-0003,الدكتور ما رفع عينه من الشاشة طول الكشف,الشمالية,زار مريض عيادة واستمر الطبيب في الكتابة على النظام دون النظر إليه أو فحصه,وصف لسلوك,شكوى من ضعف التواصل الطبي,شكوى,استياء,4,لا,0,سلبي,سلبي,مرتبط,نعم,نعم,متوسط,سرد وقائعي يحمل شكوى واضحة من أسلوب التعامل لا من التشخيص نفسه,V2_500
LUB2-V2-0004,الدكتورة سألتني عن كل شي وشرحت لي الخطة قبل ما أطلع,الجنوبية,أخذت الطبيبة تاريخًا مرضيًا مفصلًا وشرحت خطة العلاج للمريضة بلغة مبسطة,مدح,شكر وتقدير حقيقي,مدح,تقدير,4,لا,0,إيجابي,إيجابي,مرتبط,نعم,لا,منخفض,السلوك المهني المحدد المذكور يجعل الثناء موثقًا لا عبارة مجاملة عامة,V2_500
LUB2-V2-0005,موعدي بعد سبعة أشهر، إن شاء الله أكون طيب قبلها,الحجازية,حجز مريض موعدًا في عيادة تخصصية فكان أقرب موعد متاح بعد سبعة أشهر رغم حاجته العاجلة,تعليق متفائل,تهكم على طول فترة الانتظار,سخرية,إحباط,4,نعم,4,إيجابي,سلبي,غير مرتبط,نعم,نعم,مرتفع,التمني الظاهر بالشفاء يستخدم للتعريض بطول المدة التي تلغي جدوى الموعد,V2_500
LUB2-V2-0006,ممكن أعرف هل التحليل يحتاج صيام قبله؟,الوسطى,تستفسر مريضة عن شروط تحليل مخبري قبل زيارتها للمختبر,استفسار,استفسار حقيقي محايد,استفسار,حياد,1,لا,0,محايد,محايد,مرتبط,نعم,لا,منخفض,سؤال معلوماتي بحت لا يحمل شكوى ولا شحنة عاطفية,V2_500
LUB2-V2-0007,التأمين يغطي كل شي إلا اللي أحتاجه,الشرقية,اكتشف المؤمن عليه أن وثيقته تستثني تحديدًا العلاج الذي يحتاجه رغم شمولها لخدمات كثيرة,وصف للتغطية,انتقاد ساخر لثغرات الوثيقة,سخرية,خيبة أمل,4,نعم,4,محايد,سلبي,غير مرتبط,نعم,نعم,متوسط,المفارقة بين شمول التغطية واستثناء الحاجة الفعلية هي مصدر السخرية,V2_500
LUB2-V2-0008,التأمين غطى العملية كاملة وما دفعت شي زيادة,الشمالية,خضع المريض لعملية وتمت الموافقة التأمينية بالكامل دون مبالغ إضافية,إبلاغ,رضا حقيقي,رضا,ارتياح,4,لا,0,إيجابي,إيجابي,مرتبط,نعم,لا,منخفض,النتيجة المالية الواقعية تجعل الرضا مبنيًا على تجربة إيجابية ملموسة,V2_500
LUB2-V2-0009,طلب الموافقة مرفوض والسبب غير مذكور,الجنوبية,رُفض طلب موافقة تأمينية لإجراء تشخيصي برسالة مقتضبة بلا تبرير,إبلاغ,شكوى من غموض القرار,شكوى,ارتباك,3,لا,0,سلبي,سلبي,مرتبط,نعم,نعم,متوسط,الاعتراض موجه لغياب التبرير لا للقرار ذاته وهو ما يفسر الارتباك بدل الغضب,V2_500
LUB2-V2-0010,يعطيكم العافية على الترتيب، ثلاث ساعات انتظار لكشف خمس دقايق,الحجازية,انتظر مراجع في طوارئ غير مزدحمة ثلاث ساعات ثم استغرق الكشف دقائق معدودة,شكر,تهكم على سوء إدارة الوقت,سخرية,نفاد صبر,4,نعم,4,إيجابي,سلبي,غير مرتبط,نعم,نعم,متوسط,الفجوة بين مدة الانتظار ومدة الخدمة مفارقة تحول الشكر إلى انتقاد,V2_500
LUB2-V2-0011,يعطيكم العافية، دخلت بموعدي بالضبط وما انتظرت,الوسطى,حضرت المريضة قبل موعدها بقليل ودخلت في الوقت المحدد تمامًا,شكر,شكر حقيقي,شكر,رضا,3,لا,0,إيجابي,إيجابي,مرتبط,نعم,لا,منخفض,الالتزام بالموعد واقعة إيجابية تجعل الشكر مطابقًا للمقصد,V2_500
LUB2-V2-0012,الصيدلية تقول الدواء غير متوفر من ثلاث شهور,الشرقية,يبحث مريض مزمن عن دوائه في صيدلية المستشفى ويتلقى نفس الرد منذ أشهر,وصف للوضع,شكوى من انقطاع الدواء,شكوى,قلق,4,لا,0,سلبي,سلبي,مرتبط,نعم,نعم,مرتفع,انقطاع دواء مزمن لثلاثة أشهر مشكلة صحية جدية تفسر ارتفاع القلق واحتمال التصعيد,V2_500
LUB2-V2-0013,الصيدلي راجع معي كل الأدوية وحذرني من تعارض بينها,الشمالية,اكتشف الصيدلي تعارضًا بين دوائين موصوفين للمريضة ونبهها قبل الصرف,مدح,شكر وتقدير حقيقي,شكر,امتنان,5,لا,0,إيجابي,إيجابي,مرتبط,نعم,لا,منخفض,تفادي ضرر صحي محتمل يفسر الدرجة المرتفعة من الامتنان في التعبير,V2_500
LUB2-V2-0014,أنا ما أبي أزعجكم، بس والدتي تعبانة من الصبح,الجنوبية,ينتظر ابن مع والدته المريضة في صالة الانتظار منذ ساعات ويخاطب موظف الاستقبال بتلطف,تلطف,طلب عاجل مغلف بالأدب,طلب,قلق,4,لا,0,محايد,سلبي,مرتبط جزئيًا,نعم,لا,متوسط,الصياغة المهذبة تخفض النبرة لكن حالة المريضة تجعل الطلب عاجلًا وذا شحنة عالية,V2_500
LUB2-V2-0015,التقرير الطبي صدر بعد شهر وأنا أحتاجه لإجازة أسبوعين,الحجازية,طلب موظف تقريرًا طبيًا لإثبات إجازته المرضية ولم يصدر إلا بعد انتهاء الحاجة إليه,وصف للوضع,شكوى من تأخر الإجراء,شكوى,إحباط,4,لا,0,سلبي,سلبي,مرتبط,نعم,نعم,متوسط,المفارقة الزمنية مذكورة وقائعيًا وليست ساخرة لكنها تكشف ضررًا فعليًا,V2_500
LUB2-V2-0016,أشكر قسم التمريض، تعاملهم مع والدي كان راقي طول أسبوع التنويم,الوسطى,بقي الوالد منومًا أسبوعًا وتلقى رعاية منتظمة وتعاملًا محترمًا من الطاقم,شكر,شكر حقيقي,شكر,امتنان,5,لا,0,إيجابي,إيجابي,مرتبط,نعم,لا,منخفض,المدة الطويلة للتجربة تعطي الشكر مصداقية وتجعله تقييمًا مستقرًا لا انطباعًا عابرًا,V2_500
LUB2-V2-0017,طبعًا كل مرة أعيد نفس الفحوصات لأن الملف ما ينتقل بين الفروع,الشرقية,أُحيل مريض من فرع لآخر وطُلب منه إعادة تحاليل أجراها قبل أسبوع,وصف للوضع,شكوى من ضعف الربط بين الأنظمة,شكوى,نفاد صبر,4,نعم,2,محايد,سلبي,غير مرتبط,نعم,نعم,مرتفع,كلمة طبعًا تحمل تهكمًا خفيفًا وتشير إلى نمط متكرر من الهدر في الوقت والتكلفة,V2_500
LUB2-V2-0018,ممتاز إن الملف الطبي صار إلكتروني، وفر علي كل الأوراق,الشمالية,استخدم المريض النظام الموحد ووجد سجله متاحًا في مستشفى مختلف دون أوراق,مدح,رضا حقيقي,رضا,ارتياح,4,لا,0,إيجابي,إيجابي,مرتبط,نعم,لا,منخفض,الفائدة محددة وملموسة مما يجعل المدح مرتبطًا بتجربة ناجحة فعلًا,V2_500
LUB2-V2-0019,أنا مو مستعجل على النتيجة، بس هي جاهزة من أسبوع,الجنوبية,ظهرت نتيجة الفحص في النظام منذ أسبوع ولم يتم إبلاغ المريض أو مناقشتها معه,نفي الاستعجال,شكوى من عدم الإبلاغ,شكوى,انزعاج,3,نعم,2,محايد,سلبي,غير مرتبط,نعم,نعم,متوسط,نفي الاستعجال تلطيف شكلي ينقضه الشطر الثاني الذي يكشف تقصيرًا في التواصل,V2_500
LUB2-V2-0020,الله يشفيك ويعافيك، لا تشيل هم من الفحص,الحجازية,تطمئن صديقة صديقتها القلقة قبل إجراء فحص روتيني بسيط,دعاء وطمأنة,مواساة حقيقية,مواساة,تعاطف,4,لا,0,إيجابي,إيجابي,مرتبط,لا,لا,منخفض,الدعاء والطمأنة يتوافقان مع سياق داعم خالٍ من أي مفارقة,V2_500
LUB2-V2-0021,أخذت رقم وانتظرت وطلع إن النظام ما سجل الرقم أصلًا,الوسطى,انتظر مراجع ساعتين ثم اكتشف أن جهاز إصدار الأرقام لم يسجل دوره في النظام,سرد واقعة,شكوى من خلل تقني,شكوى,غضب,4,لا,0,سلبي,سلبي,مرتبط,نعم,نعم,مرتفع,الضرر ملموس وهو ضياع ساعتين بسبب خلل في النظام مما يبرر شدة الانفعال,V2_500
LUB2-V2-0022,شكرًا للموظفة اللي انتبهت إن دوري تخطى وأعادت ترتيبه,الشرقية,لاحظت موظفة الاستقبال خطأ في الترتيب وأعادت المراجع لموقعه الصحيح دون أن يطلب,شكر,شكر حقيقي,شكر,تقدير,4,لا,0,إيجابي,إيجابي,مرتبط,نعم,لا,منخفض,المبادرة الاستباقية من الموظفة واقعة محددة تدعم صدق الشكر,V2_500
LUB2-V2-0023,الغرفة نظيفة والخدمة منتظمة، ما توقعت هالمستوى,الشمالية,نُقلت مريضة لغرفة تنويم ووجدت النظافة والمتابعة أفضل من توقعاتها,مدح,رضا حقيقي,رضا,فرح,4,لا,0,إيجابي,إيجابي,مرتبط,نعم,لا,منخفض,تجاوز التوقعات مذكور صراحة مما يعزز صدق التقييم الإيجابي,V2_500
LUB2-V2-0024,براحتكم في تحديث النظام، المرضى ينتظرون بس,الجنوبية,توقف النظام عن العمل أثناء ساعات الذروة وتُرك المراجعون بلا معلومات لساعة,منح مهلة,تهكم واحتجاج على التوقيت,سخرية,نفاد صبر,4,نعم,4,محايد,سلبي,غير مرتبط,نعم,نعم,مرتفع,منح المهلة الظاهر يتناقض مع الإشارة لانتظار المرضى فيتحول لاحتجاج ساخر,V2_500
LUB2-V2-0025,أحتاج أعرف جرعة الدواء بالضبط لأن الورقة ما فيها توضيح,الحجازية,صُرف الدواء للمريض بدون تعليمات مكتوبة واضحة عن الجرعة,طلب توضيح,طلب حقيقي مع قلق,طلب,قلق,3,لا,0,محايد,سلبي,مرتبط,نعم,لا,متوسط,الطلب مشروع ومهم صحيًا ويعكس قلقًا حقيقيًا لا اعتراضًا على الخدمة,V2_500
LUB2-V2-0026,أول مرة عيادة تتصل تسأل عن حالتي بعد الزيارة,الوسطى,اتصلت العيادة بالمريض بعد ثلاثة أيام للاطمئنان على استجابته للعلاج,اندهاش,مدح حقيقي للمتابعة,مدح,تقدير,4,لا,0,إيجابي,إيجابي,مرتبط,نعم,لا,منخفض,السلوك غير المعتاد المذكور يبرر الاندهاش ويجعله ثناءً على متابعة فعلية,V2_500
LUB2-V2-0027,أول مرة أشوف موعد يتلغى وأنا داخل باب المستشفى,الشرقية,وصل المراجع للمستشفى فتلقى رسالة إلغاء موعده في نفس اللحظة دون سبب,اندهاش,استنكار ساخر للإلغاء المفاجئ,سخرية,غضب,5,نعم,4,محايد,سلبي,غير مرتبط,نعم,نعم,مرتفع,نفس صيغة الاندهاش السابقة لكن السياق سلبي فتحولت إلى استنكار حاد,V2_500
LUB2-V2-0028,التحويل للمستشفى التخصصي تم بسرعة وتابعوا معي لين ما ثبت الموعد,الشمالية,أنهى قسم التحويلات إجراءات المريض خلال يومين وتابع حتى تأكيد الموعد,مدح,شكر حقيقي,شكر,ارتياح,4,لا,0,إيجابي,إيجابي,مرتبط,نعم,لا,منخفض,المتابعة حتى النهاية واقعة محددة تجعل المدح مبنيًا على أداء ملموس,V2_500
LUB2-V2-0029,كل زيارة يقولون التحاليل سليمة وأنا للحين تعبان,الجنوبية,راجع المريض ثلاث مرات بنفس الأعراض وتُعاد له التحاليل دون تشخيص واضح,وصف للوضع,شكوى من عدم الوصول لتشخيص,شكوى,إحباط,4,لا,0,سلبي,سلبي,مرتبط,نعم,نعم,متوسط,الشكوى تتعلق بجمود المسار التشخيصي وليست اعتراضًا على موظف بعينه,V2_500
LUB2-V2-0030,ودي أشكر الفني اللي شرح لي نتيجة الأشعة بهدوء وأنا خايفة,الحجازية,كانت المريضة قلقة فطمأنها فني الأشعة وشرح لها الإجراء قبل البدء,شكر,شكر حقيقي,شكر,امتنان,4,لا,0,إيجابي,إيجابي,مرتبط,نعم,لا,منخفض,السياق العاطفي المذكور يفسر عمق الشكر ويربطه بسلوك إنساني محدد,V2_500
LUB2-V2-0031,الحمد لله، الفاتورة طلعت أغلى من المتوقع بثلاث أضعاف,الوسطى,تفاجأ مريض بفاتورة تجاوزت التقدير الذي أُعطي له قبل الإجراء بثلاثة أضعاف,حمد,تهكم واعتراض على الفاتورة,سخرية,صدمة,4,نعم,4,إيجابي,سلبي,غير مرتبط,نعم,نعم,مرتفع,صيغة الحمد الإيجابية تسبق واقعة مالية صادمة مما يقلب المعنى لاعتراض ساخر,V2_500
LUB2-V2-0032,الحمد لله، الفاتورة طلعت أقل من المتوقع بعد الخصم,الشرقية,طُبق خصم على فاتورة المريض بعد مراجعة قسم الحسابات لبنودها,حمد,ارتياح حقيقي,رضا,ارتياح,3,لا,0,إيجابي,إيجابي,مرتبط,نعم,لا,منخفض,نفس افتتاحية الحالة السابقة لكن النتيجة إيجابية فبقيت العبارة على معناها الحرفي,V2_500
LUB2-V2-0033,أرجو مراجعة بند في الفاتورة، محسوب علي فحص ما تم,الشمالية,وجد المريض في فاتورته رسوم فحص لم يُجر له فعليًا وطلب مراجعتها,اعتراض,اعتراض مالي هادئ,شكوى,حياد,2,لا,0,محايد,سلبي,مرتبط,نعم,نعم,منخفض,الاعتراض مصاغ بلغة رسمية هادئة ويستند لواقعة محددة قابلة للتحقق,V2_500
LUB2-V2-0034,أنا أقدر ضغط الطوارئ، بس حالة والدتي ما تحتمل انتظار,الجنوبية,تنتظر عائلة في طوارئ مزدحمة وحالة الوالدة تتدهور تدريجيًا,تفهم مع طلب,طلب عاجل مع تفهم حقيقي,طلب,قلق,5,لا,0,محايد,سلبي,مرتبط,نعم,لا,مرتفع,التفهم صادق لكن الحالة الصحية العاجلة ترفع الشحنة العاطفية وخطر التصعيد,V2_500
LUB2-V2-0035,التطبيق الصحي سهل كثير، حجزت وألغيت وأعدت الجدولة بدون اتصال,الحجازية,استخدم المستفيد تطبيق المواعيد وأدار حجوزاته بالكامل ذاتيًا,مدح,رضا حقيقي,رضا,رضا,3,لا,0,إيجابي,إيجابي,مرتبط,نعم,لا,منخفض,المنفعة الوظيفية محددة وواضحة مما يجعل الثناء واقعيًا ومباشرًا,V2_500
LUB2-V2-0036,التطبيق سهل كثير، بس يحتاج ست محاولات لين يفتح,الوسطى,يحاول المستخدم فتح التطبيق الصحي وتظهر له رسالة خطأ في كل مرة,مدح,تهكم على العطل التقني,سخرية,انزعاج,3,نعم,4,إيجابي,سلبي,غير مرتبط,نعم,نعم,متوسط,الشطر الثاني ينقض المدح مباشرة مما يكشف أن الجملة انتقاد لا ثناء,V2_500
LUB2-V2-0037,ما قصرت الممرضة، جت تطمن علي مرتين بالليل,الشرقية,مرت الممرضة على المريضة مرتين خلال الوردية الليلية للاطمئنان عليها,مدح,شكر حقيقي,شكر,تقدير,4,لا,0,إيجابي,إيجابي,مرتبط,نعم,لا,منخفض,السلوك المذكور محدد ومتكرر مما يجعل الثناء موثقًا بواقعة لا بانطباع عام,V2_500
LUB2-V2-0038,ما قصروا معي، ضغطت الجرس ساعتين وما جا أحد,الشمالية,ضغط المريض جرس الاستدعاء عدة مرات خلال ساعتين دون استجابة من الطاقم,مدح,لوم ساخر على الإهمال,سخرية,استياء,5,نعم,5,إيجابي,سلبي,غير مرتبط,نعم,نعم,مرتفع,عبارة المدح تتناقض مع واقعة الإهمال الموصوفة فتصبح أداة لوم لاذعة,V2_500
LUB2-V2-0039,ممكن تحولوني لطبيبة بدل طبيب لو تكرمتم,الجنوبية,تطلب مريضة تغيير الطبيب المعالج لأسباب شخصية عند الحجز,طلب,طلب محايد مشروع,طلب,حياد,1,لا,0,محايد,محايد,مرتبط,نعم,لا,منخفض,طلب تنظيمي بسيط بلا شحنة عاطفية ولا اعتراض على الخدمة,V2_500
LUB2-V2-0040,أنا ما أشتكي من العلاج، أشتكي من طريقة الكلام,الحجازية,تلقى المريض علاجًا صحيحًا لكن الطبيب تحدث معه بنبرة فيها استخفاف,توضيح,شكوى محددة عن أسلوب التعامل,شكوى,استياء,4,لا,0,محايد,سلبي,مرتبط,نعم,نعم,متوسط,الجملة تفصل بدقة بين الجانب الفني والجانب الإنساني وهو تمييز مهم في تحليل الشكاوى,V2_500
LUB2-V2-0041,صرت أعرف كل موظفي الاستقبال بالاسم من كثر ما أراجع,الوسطى,راجع المريض العيادة تسع مرات خلال شهرين لنفس المشكلة دون حل,تعليق,شكوى ساخرة من تكرار المراجعات,سخرية,إحباط,4,نعم,3,محايد,سلبي,غير مرتبط,نعم,نعم,متوسط,المبالغة في وصف الألفة مع الموظفين أسلوب تهكمي يبرز كثرة الزيارات بلا نتيجة,V2_500
LUB2-V2-0042,شكرًا على التذكير برسالة قبل الموعد بيوم، ساعدني كثير,الشرقية,أرسل النظام تذكيرًا للمريض قبل موعده بيوم فتمكن من ترتيب وقته,شكر,شكر حقيقي,شكر,ارتياح,3,لا,0,إيجابي,إيجابي,مرتبط,نعم,لا,منخفض,الفائدة التنظيمية المذكورة تجعل الشكر مبنيًا على أثر عملي واضح,V2_500
LUB2-V2-0043,أنا مستعد أدفع، بس أبي أعرف على وش بالضبط,الشمالية,طُلب من المريض دفع مبلغ إضافي بدون تفصيل للبنود المستحقة,استعداد مشروط,طلب شفافية مالية,استفسار,ارتباك,3,لا,0,محايد,محايد,مرتبط,نعم,لا,منخفض,الجملة لا ترفض الدفع بل تطلب وضوحًا مما يجعل المقصد محايدًا لا شكوى,V2_500
LUB2-V2-0044,الله يعينكم، كل يوم أشوفكم بنفس الابتسامة مع كل هالضغط,الجنوبية,يراجع مريض مزمن القسم أسبوعيًا ويلاحظ ثبات تعامل الطاقم رغم الازدحام,دعاء,مدح حقيقي وتقدير,مدح,تقدير,4,لا,0,إيجابي,إيجابي,مرتبط,نعم,لا,منخفض,السياق يوضح ملاحظة متكررة على سلوك إيجابي فالدعاء تعبير عن تقدير صادق,V2_500
LUB2-V2-0045,الله يعينكم على النظام، واضح إنه يشتغل ضدكم مو معكم,الحجازية,لاحظ المراجع معاناة الموظف مع نظام بطيء يعطله عن إنهاء المعاملات,دعاء,انتقاد للنظام مع تعاطف مع الموظف,شكوى,تعاطف,3,لا,0,محايد,سلبي,مرتبط جزئيًا,نعم,نعم,منخفض,التعاطف مع الموظف حقيقي والنقد موجه للنظام لا للأشخاص,V2_500
LUB2-V2-0046,أبي أغير مركز الرعاية الأولية، الحالي بعيد عن سكني الجديد,الوسطى,انتقل المستفيد لحي آخر ويريد نقل ملفه لمركز أقرب,طلب,طلب إجرائي محايد,طلب,حياد,1,لا,0,محايد,محايد,مرتبط,نعم,لا,منخفض,طلب واقعي مبرر بظرف حياتي ولا يحمل أي اعتراض على الخدمة,V2_500
LUB2-V2-0047,قالوا لي الجهاز معطل، وهذا نفس الجواب من السنة الماضية,الشرقية,حضر المريض لفحص مجدول فأُبلغ بعطل الجهاز وهو نفس السبب في زيارته السابقة,إبلاغ,شكوى من تكرار العطل,شكوى,خيبة أمل,4,لا,0,سلبي,سلبي,مرتبط,نعم,نعم,مرتفع,الإشارة للتكرار السنوي تحول الشكوى من حادثة فردية إلى اتهام بإهمال الصيانة,V2_500
LUB2-V2-0048,خلصت كل الإجراءات في زيارة وحدة، ما توقعت,الشمالية,أنجز المستفيد الفحص والتحليل وصرف الدواء في زيارة واحدة منظمة,اندهاش إيجابي,رضا حقيقي,رضا,فرح,4,لا,0,إيجابي,إيجابي,مرتبط,نعم,لا,منخفض,كفاءة الإجراء المذكورة واقعية ومحددة مما يجعل الرضا صادقًا,V2_500
LUB2-V2-0049,أنا آسف إني أتصل كثير، بس ما فيه أحد يعطيني جواب واضح,الجنوبية,اتصل المريض خمس مرات خلال ثلاثة أيام وتلقى إجابات متضاربة في كل مرة,اعتذار,شكوى من تضارب المعلومات,شكوى,نفاد صبر,4,لا,0,محايد,سلبي,مرتبط جزئيًا,نعم,نعم,متوسط,الاعتذار تلطيف اجتماعي بينما جوهر الرسالة شكوى من غياب إجابة موحدة,V2_500
LUB2-V2-0050,أعتذر إني سألت عن تكلفة العلاج,الحجازية,سأل المريض عن التكلفة قبل الإجراء فرد عليه الموظف بنبرة استنكار,اعتذار,احتجاج ساخر على أسلوب الرد,سخرية,انزعاج,4,نعم,4,محايد,سلبي,غير مرتبط,نعم,نعم,متوسط,صيغة الاعتذار مقلوبة وتستخدم للاعتراض على استنكار سؤال مشروع,V2_500
LUB2-V2-0051,الفريق الطبي اجتمع معنا وشرح كل الخيارات قبل القرار,الوسطى,عقد الفريق جلسة مع أسرة المريض لشرح البدائل العلاجية ومخاطر كل منها,مدح,تقدير حقيقي للشفافية,مدح,تقدير,5,لا,0,إيجابي,إيجابي,مرتبط,نعم,لا,منخفض,السلوك المهني الموصوف مفصل وواقعي مما يجعل التقدير مبنيًا على ممارسة ملموسة,V2_500
LUB2-V2-0052,ودي بس أفهم ليش تحولت لثلاث أقسام وكلهم يقولون مو تخصصنا,الشرقية,تنقل المراجع بين ثلاثة أقسام في نفس اليوم وكل قسم يحيله لغيره,استفسار,شكوى من غياب التنسيق,شكوى,إحباط,4,لا,0,محايد,سلبي,مرتبط,نعم,نعم,مرتفع,السؤال ليس معلوماتيًا بل احتجاج على تنقل عبثي يعكس خللًا تنظيميًا,V2_500
LUB2-V2-0053,أنا مرتاح للتشخيص بس بأخذ رأي ثاني عشان أطمن,الشمالية,شرح الطبيب التشخيص بوضوح والمريض يريد رأيًا استشاريًا إضافيًا للاطمئنان فقط,إعلان قرار,قرار شخصي بلا اعتراض,قبول,قلق,2,لا,0,محايد,محايد,مرتبط,نعم,لا,منخفض,الجملة لا تحمل تشكيكًا في الطبيب بل حرصًا شخصيًا مشروعًا,V2_500
LUB2-V2-0054,شكرًا لكم، غيرتوا لي الموعد لأقرب فرصة لما عرفتوا ظرفي,الجنوبية,أوضح المريض ظرفه الطارئ فقدم القسم موعده لليوم التالي بدل الشهر القادم,شكر,شكر حقيقي,شكر,امتنان,5,لا,0,إيجابي,إيجابي,مرتبط,نعم,لا,منخفض,الاستجابة الاستثنائية للظرف تفسر الدرجة المرتفعة من الامتنان,V2_500
LUB2-V2-0055,كل التعليمات اللي أعطوني إياها مكتوبة ومرتبة، ما احتجت أسأل,الحجازية,خرج المريض من العملية ومعه ورقة إرشادات واضحة غطت كل استفساراته المتوقعة,مدح,رضا حقيقي,رضا,ارتياح,3,لا,0,إيجابي,إيجابي,مرتبط,نعم,لا,منخفض,انتفاء الحاجة للسؤال دليل عملي على جودة التعليمات مما يدعم صدق التقييم,V2_500
LUB2-V2-0056,أبي أرفع شكوى رسمية على طريقة التعامل في القسم,الوسطى,تعرض المراجع لتعامل غير لائق من موظف ووثق الواقعة بالتاريخ والوقت,إعلان تصعيد,تصعيد رسمي صريح,تحذير,غضب,5,لا,0,سلبي,سلبي,مرتبط,نعم,نعم,مرتفع,الجملة إعلان صريح بالتصعيد وتوثيق الواقعة يزيد من جديتها,V2_500
LUB2-V2-0057,أقترح تضيفون شاشة توضح ترتيب الدور في صالة الانتظار,الشرقية,لاحظ المراجع أن غياب شاشة العرض يسبب تزاحمًا وارتباكًا وقدم اقتراحًا,اقتراح,اقتراح بنّاء,اقتراح,حياد,2,لا,0,محايد,إيجابي,مرتبط,نعم,لا,منخفض,الاقتراح ناتج عن ملاحظة واقعية لكنه مصاغ بلغة تحسينية لا احتجاجية,V2_500
LUB2-V2-0058,الحمد لله على العافية، الفحوصات كلها طلعت سليمة,الشمالية,تلقت المريضة نتائج فحوصات شاملة سليمة بعد فترة قلق,حمد وفرح,ارتياح حقيقي,رضا,ارتياح,5,لا,0,إيجابي,إيجابي,مرتبط,لا,لا,منخفض,الخبر إيجابي بوضوح والسياق يزيل أي احتمال لقراءة ساخرة,V2_500
LUB2-V2-0059,ثلاث أيام أحاول أوصل للعيادة والخط دايم مشغول,الجنوبية,يحاول المريض الاتصال لتعديل موعده ولا يجد ردًا على الخط الوحيد المتاح,وصف للوضع,شكوى من صعوبة الوصول,شكوى,نفاد صبر,4,لا,0,سلبي,سلبي,مرتبط,نعم,نعم,متوسط,سرد وقائعي يوثق تعذر الوصول عبر القناة الوحيدة المتاحة,V2_500
LUB2-V2-0060,جربت الرقم الجديد للحجز وكان الرد خلال دقيقة,الحجازية,أطلق المركز رقمًا موحدًا للحجز وجربه المستفيد فكان الرد سريعًا,إبلاغ إيجابي,مدح حقيقي,مدح,رضا,3,لا,0,إيجابي,إيجابي,مرتبط,نعم,لا,منخفض,التجربة الفعلية مع القناة الجديدة تدعم التقييم الإيجابي بشكل مباشر,V2_500
LUB2-V2-0061,أنا مو دكتور بس أعرف إن هالجرعة كثيرة على طفل عمره سنتين,الوسطى,لاحظ ولي أمر أن الجرعة المكتوبة تبدو مرتفعة جدًا لعمر طفله وراجع الصيدلي,تحفظ,تنبيه لخطأ محتمل مع قلق,تحذير,قلق,4,لا,0,محايد,سلبي,مرتبط,نعم,لا,متوسط,الجملة تحفظ مبني على منطق واضح وتستدعي مراجعة فورية لا مجرد شكوى,V2_500
LUB2-V2-0062,شكرًا للطبيب إنه اعترف إنه يحتاج يراجع الحالة مع استشاري,الشرقية,لم يجزم الطبيب بالتشخيص وأحال الحالة لاستشاري بدل التخمين,شكر,تقدير حقيقي للأمانة المهنية,مدح,تقدير,4,لا,0,إيجابي,إيجابي,مرتبط,نعم,لا,منخفض,التقدير موجه لسلوك مهني محدد وهو الاعتراف بحدود المعرفة لا للنتيجة,V2_500
LUB2-V2-0063,كل شي تمام بس المواقف بعيدة على المرضى كبار السن,الشمالية,لاحظ مرافق أن أقرب موقف يبعد مسافة طويلة عن مدخل العيادة,ملاحظة,ملاحظة بنّاءة مع نقد جزئي,اقتراح,حياد,2,لا,0,محايد,محايد,مرتبط جزئيًا,نعم,لا,منخفض,التقييم العام إيجابي مع ملاحظة تشغيلية محددة فالقطبية الكلية محايدة,V2_500
LUB2-V2-0064,بصراحة تعبت من كثر ما أشرح حالتي لكل دكتور جديد,الجنوبية,تغير الطبيب المعالج للمريضة أربع مرات خلال ستة أشهر بسبب دوران الكادر,تعبير عن التعب,شكوى من عدم استمرارية الرعاية,شكوى,إحباط,4,لا,0,سلبي,سلبي,مرتبط,نعم,نعم,متوسط,التصريح بالتعب مع ذكر السبب يجعل الشكوى مؤسسية لا شخصية,V2_500
LUB2-V2-0065,صار عندي ثقة أكبر بعد ما شرحوا لي المخاطر بصراحة,الحجازية,أوضح الفريق للمريض احتمالات الفشل والمضاعفات قبل موافقته على الإجراء,تعليق,تقدير حقيقي للمصارحة,مدح,ارتياح,4,لا,0,إيجابي,إيجابي,مرتبط,نعم,لا,منخفض,زيادة الثقة نتيجة للشفافية وهو ما يجعل التقييم إيجابيًا ومبنيًا على سبب واضح,V2_500
LUB2-V2-0066,ما شاء الله على الصيانة، جو الغرفة صار زي الفرن,الوسطى,بلغ المستأجر عن عطل المكيف قبل أسبوعين في ذروة الصيف ولم يحضر أي فني,مدح للصيانة,انتقاد ساخر لغياب الصيانة,سخرية,غضب,5,نعم,5,إيجابي,سلبي,غير مرتبط,نعم,نعم,مرتفع,المدح الظاهر يصطدم بوصف حالة الغرفة مما يكشف انتقادًا لاذعًا للتقصير,V2_500
LUB2-V2-0067,الفني جا في نفس اليوم وصلح المكيف وما أخذ أي رسوم,الشرقية,أرسل الملاك فنيًا في نفس يوم البلاغ وأصلح العطل ضمن عقد الصيانة,مدح,شكر حقيقي,شكر,رضا,4,لا,0,إيجابي,إيجابي,مرتبط,نعم,لا,منخفض,الاستجابة السريعة المذكورة تجعل الثناء متطابقًا مع الواقع,V2_500
LUB2-V2-0068,العقد يقول صيانة شاملة، وشاملة يعني ندفع إحنا,الشمالية,اكتشف المستأجر أن كل الأعطال تُحمّل عليه رغم بند الصيانة الشاملة في العقد,توضيح للعقد,سخرية من تفسير البند,سخرية,استياء,4,نعم,4,محايد,سلبي,غير مرتبط,نعم,نعم,مرتفع,إعادة تعريف كلمة شاملة بشكل عكسي مفارقة لغوية تحمل اتهامًا بالتحايل,V2_500
LUB2-V2-0069,أبي أعرف موعد تسليم الشقة بالضبط لأن عقدي الحالي ينتهي,الجنوبية,ينتظر المشتري تسليم وحدته السكنية ويحتاج تحديد موعد لترتيب انتقاله,طلب معلومة,طلب حقيقي مع ضغط زمني,طلب,قلق,3,لا,0,محايد,محايد,مرتبط,نعم,لا,متوسط,الطلب مشروع ومرتبط بحاجة تنظيمية حقيقية بلا اعتراض أو تهكم,V2_500
LUB2-V2-0070,الوعد كان تسليم في رمضان، وأي رمضان ما حددوا,الحجازية,تأخر تسليم المشروع السكني سنتين عن الموعد المعلن بلا تحديث واضح,تعليق,تهكم على الغموض والتأخير,سخرية,إحباط,4,نعم,4,محايد,سلبي,غير مرتبط,نعم,نعم,مرتفع,السؤال الساخر عن أي سنة يبرز طول التأخير ويحول الجملة إلى اتهام بالمماطلة,V2_500
LUB2-V2-0071,المكتب العقاري تابع معي كل خطوة لين ما انتقل الصك,الوسطى,أنهى المكتب إجراءات النقل وتابع مع المشتري حتى صدور الصك باسمه,مدح,شكر حقيقي,شكر,تقدير,4,لا,0,إيجابي,إيجابي,مرتبط,نعم,لا,منخفض,المتابعة حتى إتمام الإجراء واقعة محددة تدعم صدق الثناء,V2_500
LUB2-V2-0072,الصور في الإعلان لشقة والواقع لشقة ثانية تمامًا,الشرقية,زار المستأجر شقة معروضة فوجدها مختلفة كليًا عن صور الإعلان,وصف,شكوى من تضليل في العرض,شكوى,خيبة أمل,4,لا,0,سلبي,سلبي,مرتبط,نعم,نعم,متوسط,السرد يوثق فجوة بين الإعلان والواقع وهي شكوى مباشرة بلا تهكم,V2_500
LUB2-V2-0073,تكفى بس رد علي، صار لي أسبوعين أرسل للمالك,الشمالية,يحاول المستأجر التواصل مع المالك بخصوص تسرب ماء ولا يتلقى أي رد,رجاء,شكوى من انعدام التواصل,شكوى,نفاد صبر,4,لا,0,محايد,سلبي,مرتبط,لا,نعم,مرتفع,الرجاء البسيط يكشف حجم الإحباط لأن الحاجة عاجلة والتجاهل مستمر,V2_500
LUB2-V2-0074,ولا يهمك يا بو سعد، التسريب وصل لشقة الجيران بس,الجنوبية,تجاهل المالك بلاغات التسرب حتى تضررت الشقة المجاورة وتفاقمت المشكلة,تهوين,تهكم واستنكار للإهمال,سخرية,غضب,5,نعم,5,إيجابي,سلبي,غير مرتبط,لا,نعم,مرتفع,التهوين الظاهر يصطدم بحجم الضرر الموصوف مما يجعل الجملة استنكارًا لاذعًا,V2_500
LUB2-V2-0075,ولا يهمك، أنا سكرت الماء والفني بيجي بكرة,الحجازية,اعتذر المالك عن تأخر الفني ليوم واحد وكان المستأجر قد سيطر على المشكلة مؤقتًا,تهوين,طمأنة حقيقية,تهدئة,حياد,1,لا,0,إيجابي,إيجابي,مرتبط,لا,لا,منخفض,السياق يوضح احتواء المشكلة فعلًا فالتهوين على معناه الحرفي,V2_500
LUB2-V2-0076,فاتورة الكهرباء تضاعفت وأنا مسافر الشهر كامل,الوسطى,وصلت الفاتورة بمبلغ مضاعف بينما كان العداد شبه متوقف بسبب سفر الأسرة,اعتراض,شكوى مع طلب مراجعة,شكوى,انزعاج,4,لا,0,سلبي,سلبي,مرتبط,نعم,نعم,متوسط,الاعتراض مدعوم بحجة منطقية قوية تجعل الشكوى وجيهة وقابلة للتحقق,V2_500
LUB2-V2-0077,قراءة العداد تقديرية من ستة أشهر، والتقدير دايم لصالحكم,الشرقية,لم يزر قارئ العدادات المنزل منذ أشهر وتصدر الفواتير بتقدير مرتفع باستمرار,ملاحظة,اتهام ضمني بالتحيز في التقدير,لوم,استياء,4,نعم,2,محايد,سلبي,غير مرتبط,نعم,نعم,مرتفع,كلمة دايم مع ربط التقدير بمصلحة الجهة تحول الملاحظة إلى اتهام صريح,V2_500
LUB2-V2-0078,تم تصحيح الفاتورة بعد المراجعة ورجعوا الفرق للحساب,الشمالية,راجعت الجهة اعتراض المستهلك وصححت القراءة وأعادت الفرق خلال أسبوع,إبلاغ,رضا حقيقي,رضا,ارتياح,3,لا,0,إيجابي,إيجابي,مرتبط,نعم,لا,منخفض,النتيجة الملموسة تجعل الجملة إبلاغًا إيجابيًا صادقًا لا مجاملة,V2_500
LUB2-V2-0079,انقطاع الكهرباء ثالث مرة هالأسبوع والأكل كله خرب,الجنوبية,تكرر انقطاع التيار في الحي ثلاث مرات خلال أسبوع مع أضرار في الثلاجة,وصف للوضع,شكوى مع مطالبة ضمنية بتعويض,شكوى,غضب,4,لا,0,سلبي,سلبي,مرتبط,نعم,نعم,مرتفع,ذكر الضرر المادي يرفع من جدية الشكوى ويجعل التصعيد محتملًا,V2_500
LUB2-V2-0080,شكرًا للفريق، صلحوا العطل في نص ساعة بالليل وفي مطر,الحجازية,حضر فريق الصيانة في ظروف جوية سيئة ليلًا وأعاد التيار بسرعة,شكر,شكر حقيقي,شكر,امتنان,5,لا,0,إيجابي,إيجابي,مرتبط,نعم,لا,منخفض,الظروف الصعبة المذكورة تفسر ارتفاع درجة الامتنان في التعبير,V2_500
LUB2-V2-0081,أبشر بالانتظار، أنا متعود على شهرين لكل طلب,الوسطى,قدم المستفيد طلب نقل عداد وأُبلغ أن المدة قد تطول كسابقاتها,موافقة,تهكم على طول الإجراءات,سخرية,إحباط,3,نعم,3,إيجابي,سلبي,غير مرتبط,نعم,نعم,متوسط,كلمة متعود تكشف نمطًا متكررًا وتحول الموافقة الظاهرة إلى شكوى ساخرة,V2_500
LUB2-V2-0082,أبشر، أنا بجهز المستندات وأرسلها اليوم,الشرقية,طلبت الجهة مستندات إضافية لإتمام طلب المستفيد فالتزم بإرسالها فورًا,التزام,قبول حقيقي,قبول,حياد,1,لا,0,إيجابي,إيجابي,مرتبط,نعم,لا,منخفض,التزام إجرائي بسيط يمثل التفاعل الطبيعي بلا أي معنى ضمني,V2_500
LUB2-V2-0083,المقاول اختفى بعد ما استلم الدفعة الثانية,الشمالية,توقف العمل في ترميم المنزل منذ شهر ولا يرد المقاول على الاتصالات,سرد واقعة,شكوى خطيرة مع اتهام,شكوى,غضب,5,لا,0,سلبي,سلبي,مرتبط,لا,نعم,مرتفع,الواقعة تتضمن ضررًا ماليًا وانقطاع تواصل مما يجعل التصعيد شبه حتمي,V2_500
LUB2-V2-0084,المقاول سلم قبل الموعد والتشطيب طلع أنظف من المتوقع,الجنوبية,أنهى المقاول أعمال التشطيب قبل الموعد بأسبوع وبجودة فاقت التوقعات,مدح,رضا حقيقي,رضا,فرح,4,لا,0,إيجابي,إيجابي,مرتبط,لا,لا,منخفض,النتيجة الملموسة المذكورة تجعل التقييم الإيجابي مبنيًا على أداء واقعي,V2_500
LUB2-V2-0085,أنا ما أبي خصم، أبي بس الدش يشتغل,الحجازية,عرضت شركة الصيانة خصمًا على الاشتراك القادم بدل إصلاح العطل المتكرر,رفض العرض,رفض مع إعادة تحديد الطلب,رفض,انزعاج,3,لا,0,محايد,سلبي,مرتبط,نعم,نعم,متوسط,الرفض صريح ويعيد توجيه النقاش نحو جوهر المشكلة لا التعويض عنها,V2_500
LUB2-V2-0086,أقدر إنكم اتصلتوا تعتذرون عن التأخير قبل ما أسأل,الوسطى,اتصلت شركة الصيانة بالعميل لإبلاغه بتأخر الفني ساعة قبل أن يلاحظ,تقدير,مدح حقيقي للمبادرة,مدح,تقدير,3,لا,0,إيجابي,إيجابي,مرتبط,نعم,لا,منخفض,المبادرة الاستباقية بالاعتذار سلوك محدد يبرر التقدير ويجعله صادقًا,V2_500
LUB2-V2-0087,الجيران يسوون تكسير من الفجر وأنا عندي مولود,الشرقية,بدأت أعمال ترميم في الشقة المجاورة قبل السادسة صباحًا يوميًا,وصف للوضع,شكوى من الإزعاج,شكوى,نفاد صبر,4,لا,0,سلبي,سلبي,مرتبط,لا,نعم,متوسط,ذكر وجود مولود يضيف بعدًا إنسانيًا يرفع من شدة الشكوى ومبرراتها,V2_500
LUB2-V2-0088,جاري خبرني قبل ما يبدأ التكسير وحدد الأيام والساعات,الشمالية,أبلغ الجار سكان العمارة مسبقًا بجدول أعمال الترميم لتفادي الإزعاج,تعليق إيجابي,مدح حقيقي للتصرف,مدح,تقدير,3,لا,0,إيجابي,إيجابي,مرتبط,لا,لا,منخفض,السلوك المراعي الموصوف يجعل التقييم الإيجابي مبنيًا على تصرف ملموس,V2_500
LUB2-V2-0089,الإيجار زاد عشرين بالمئة والخدمات نفسها من خمس سنين,الجنوبية,أبلغ المالك المستأجر بزيادة كبيرة دون تحسين أي مرفق في العمارة,اعتراض,شكوى واعتراض على الزيادة,شكوى,استياء,4,لا,0,سلبي,سلبي,مرتبط,لا,نعم,متوسط,المقارنة بين الزيادة وثبات الخدمة تعطي الاعتراض حجة موضوعية واضحة,V2_500
LUB2-V2-0090,أنا موافق على التجديد، بس أبي نوثق بند الصيانة بوضوح,الحجازية,يريد المستأجر تجديد العقد مع تحديد مسؤوليات الصيانة تفاديًا لخلاف سابق,موافقة مشروطة,قبول حقيقي مع تحوط,قبول,حياد,2,لا,0,إيجابي,محايد,مرتبط جزئيًا,لا,لا,منخفض,الموافقة حقيقية والشرط ناتج عن تجربة سابقة لا عن اعتراض على التجديد,V2_500
LUB2-V2-0091,ممتاز، المصعد معطل والشقة في الدور السابع,الوسطى,تعطل المصعد في العمارة لأسبوع كامل والمستأجر يسكن في طابق مرتفع,مدح,تهكم واحتجاج على العطل,سخرية,انزعاج,4,نعم,4,إيجابي,سلبي,غير مرتبط,لا,نعم,متوسط,كلمة ممتاز تسبق واقعة سلبية مباشرة فتتحول إلى أداة تهكم واضحة,V2_500
LUB2-V2-0092,ممتاز، ركبوا مصعد جديد وصار الدخول بالبطاقة,الشرقية,طورت إدارة العمارة المصعد وأضافت نظام أمان للسكان,مدح,رضا حقيقي,رضا,رضا,3,لا,0,إيجابي,إيجابي,مرتبط,لا,لا,منخفض,نفس افتتاحية الحالة السابقة لكن السياق تطوير فعلي فبقي المعنى حرفيًا,V2_500
LUB2-V2-0093,أبي أفهم بس ليش التأمين ما رجع كامل وأنا سلمت الشقة نظيفة,الشمالية,خُصم جزء من مبلغ التأمين بحجة أضرار غير موثقة عند التسليم,استفسار,اعتراض مالي مهذب,شكوى,انزعاج,3,لا,0,محايد,سلبي,مرتبط,لا,نعم,متوسط,السؤال يحمل اعتراضًا مبنيًا على غياب التوثيق وليس مجرد استفسار محايد,V2_500
LUB2-V2-0094,رجعوا لي التأمين كامل خلال ثلاثة أيام من التسليم,الجنوبية,أعاد المالك مبلغ التأمين للمستأجر بعد معاينة سريعة وبدون خصومات,إبلاغ,رضا حقيقي,رضا,ارتياح,3,لا,0,إيجابي,إيجابي,مرتبط,لا,لا,منخفض,الوصف الواقعي للإجراء السليم يجعل الجملة تقييمًا إيجابيًا مباشرًا,V2_500
LUB2-V2-0095,طبعًا المشكلة مني لأني سكنت في عمارة جديدة,الحجازية,واجه المستأجر أعطالًا متكررة في عمارة حديثة وحمّله المالك مسؤولية سوء الاستخدام,إقرار,رفض ساخر لتحميله المسؤولية,سخرية,استياء,4,نعم,4,محايد,سلبي,غير مرتبط,لا,نعم,متوسط,الإقرار مقلوب المعنى ويستخدم للاعتراض على إلقاء اللوم عليه بلا أساس,V2_500
LUB2-V2-0096,أنا غلطت إني ما قريت العقد كامل قبل ما أوقع,الوسطى,اكتشف المستأجر بندًا كان مذكورًا بوضوح ولم ينتبه له عند التوقيع,إقرار بالخطأ,اعتراف حقيقي بالمسؤولية,تبرير,ارتباك,3,لا,0,سلبي,إيجابي,غير مرتبط,لا,لا,منخفض,الجملة سلبية ظاهريًا لأنها لوم للذات لكن مقصدها نضج في تحمل المسؤولية,V2_500
LUB2-V2-0097,أحتاج شهادة إخلاء طرف عشان أنقل الخدمات,الشرقية,يطلب المستأجر مستندًا روتينيًا لإتمام نقل الخدمات لسكنه الجديد,طلب,طلب إجرائي محايد,طلب,حياد,1,لا,0,محايد,محايد,مرتبط,نعم,لا,منخفض,طلب وظيفي بسيط بلا شحنة عاطفية يوازن البيانات بالحالات المحايدة,V2_500
LUB2-V2-0098,صار لي شهر أطلب إخلاء الطرف وكل مرة يقولون بكرة,الشمالية,يماطل المكتب في إصدار مستند بسيط للمستأجر منذ شهر بحجج متكررة,وصف للوضع,شكوى من المماطلة,شكوى,إحباط,4,لا,0,سلبي,سلبي,مرتبط,نعم,نعم,مرتفع,تكرار الوعد اليومي لمدة شهر يجعل الشكوى حادة ويرفع خطر التصعيد,V2_500
LUB2-V2-0099,الحي هادي والخدمات قريبة، اختيار موفق,الجنوبية,انتقلت أسرة لحي جديد ووجدت البيئة والخدمات مناسبة لاحتياجاتها,تقييم إيجابي,رضا حقيقي,رضا,رضا,3,لا,0,إيجابي,إيجابي,مرتبط,لا,لا,منخفض,تقييم واقعي هادئ يمثل الحالات الإيجابية العادية بلا أي طبقة خفية,V2_500
LUB2-V2-0100,الحي هادي فعلًا، ما فيه إلا صوت الشارع السريع طول الليل,الحجازية,استأجر شخص شقة وُصفت بالهدوء واكتشف أنها ملاصقة لطريق سريع,تأييد للوصف,تهكم على وصف مضلل,سخرية,انزعاج,3,نعم,4,إيجابي,سلبي,غير مرتبط,لا,لا,منخفض,التأييد الظاهر ينقضه الاستثناء المذكور مما يكشف سخرية من الوصف الدعائي,V2_500
LUB2-V2-0101,أقترح تحطون جدول صيانة دوري بدل ما ننتظر العطل,الوسطى,لاحظ أحد الملاك تكرار الأعطال المفاجئة واقترح خطة وقائية على الإدارة,اقتراح,اقتراح بنّاء,اقتراح,حياد,2,لا,0,محايد,إيجابي,مرتبط,نعم,لا,منخفض,الاقتراح استباقي وهدفه منع تكرار المشكلة لا الاعتراض على ما حدث,V2_500
LUB2-V2-0102,أنا مستعد أدفع فرق السعر بس أبي الشقة في الدور الأرضي,الشرقية,يبحث شخص عن سكن يناسب والدته المقعدة ومستعد لتحمل تكلفة إضافية,طلب مشروط,طلب حقيقي مبرر,طلب,حياد,2,لا,0,محايد,محايد,مرتبط,نعم,لا,منخفض,الطلب واضح ومبرر بحاجة عملية ولا يحمل شكوى أو تهكمًا,V2_500
LUB2-V2-0103,بيض الله وجه المكتب، عرضوا علي الشقة بسعر أقل من اللي طلبته,الشمالية,وجد المكتب العقاري خيارًا أنسب وأرخص من طلب العميل وعرضه عليه,دعاء ومدح,شكر حقيقي,شكر,تقدير,4,لا,0,إيجابي,إيجابي,مرتبط,نعم,لا,منخفض,السلوك المهني الذي يخالف المصلحة المباشرة للمكتب يفسر صدق الثناء,V2_500
LUB2-V2-0104,بيض الله وجه اللي أخذ العمولة وما رد على الاتصال بعدها,الجنوبية,اختفى الوسيط العقاري بعد استلام عمولته وترك المشتري يتابع الإجراءات وحده,دعاء,لوم ساخر على التنصل,سخرية,استياء,4,نعم,4,إيجابي,سلبي,غير مرتبط,نعم,نعم,مرتفع,صيغة الدعاء موجهة لسلوك سلبي مما يقلبها إلى لوم ساخر واضح,V2_500
LUB2-V2-0105,عندي ملاحظة بسيطة، باب المستودع ما يسكر زين,الحجازية,لاحظ المستأجر عيبًا صغيرًا بعد الانتقال وأبلغ المالك بأسلوب هادئ,إبلاغ,ملاحظة بسيطة بلا حدة,شكوى,حياد,1,لا,0,محايد,سلبي,مرتبط,لا,نعم,منخفض,ملاحظة منخفضة الشدة تمثل الطيف الهادئ من البلاغات التشغيلية,V2_500
LUB2-V2-0106,أنا ما أشتكي من المالك، المشكلة في شركة الإدارة,الوسطى,يفرق المستأجر بين المالك المتعاون وشركة الإدارة البطيئة في الاستجابة,توضيح,شكوى محددة الوجهة,شكوى,انزعاج,3,لا,0,محايد,سلبي,مرتبط,نعم,نعم,منخفض,التمييز الدقيق بين الأطراف يجعل الشكوى محددة وعادلة لا شاملة,V2_500
LUB2-V2-0107,كل ما أبلغ عن عطل يقولون فتحنا تذكرة، والتذاكر تتكوم بس,الشرقية,رفع المستأجر ستة بلاغات خلال شهرين ولم يُغلق أي منها بحل فعلي,وصف للوضع,شكوى من شكلية الإجراءات,شكوى,إحباط,4,نعم,2,محايد,سلبي,غير مرتبط,نعم,نعم,مرتفع,صورة تكدس التذاكر تهكم خفيف يعبر عن عقم النظام الإجرائي المتبع,V2_500
LUB2-V2-0108,شكرًا، تابعتوا التذكرة لين ما تأكدتوا إن العطل انحل,الشمالية,لم تُغلق شركة الإدارة البلاغ إلا بعد التأكد من رضا المستأجر عن الإصلاح,شكر,شكر حقيقي,شكر,رضا,4,لا,0,إيجابي,إيجابي,مرتبط,نعم,لا,منخفض,إجراء الإغلاق بعد التحقق سلوك محدد يبرر الشكر ويجعله واقعيًا,V2_500
LUB2-V2-0109,الماء انقطع من الصبح وما فيه أي إشعار مسبق,الجنوبية,انقطعت المياه عن الحي لأعمال صيانة دون إبلاغ السكان مسبقًا,وصف للوضع,شكوى من غياب الإشعار,شكوى,انزعاج,3,لا,0,سلبي,سلبي,مرتبط,نعم,نعم,متوسط,الشكوى موجهة لغياب التواصل المسبق لا لعملية الصيانة نفسها,V2_500
LUB2-V2-0110,وصلني إشعار قبل يومين بانقطاع الماء فجهزت كل شي,الحجازية,أرسلت الجهة إشعارًا مسبقًا عن انقطاع مجدول فاستعد السكان له,إبلاغ إيجابي,تقدير حقيقي للإشعار,مدح,ارتياح,3,لا,0,إيجابي,إيجابي,مرتبط,نعم,لا,منخفض,الإشعار المسبق مكّن المستفيد من الاستعداد فصار التقييم إيجابيًا بسبب ملموس,V2_500
LUB2-V2-0111,براحتكم في الصيانة، إحنا نقدر نعيش بدون ماء ثلاث أيام,الوسطى,امتدت أعمال الصيانة ثلاثة أيام دون توفير صهاريج بديلة للسكان,منح مهلة,احتجاج ساخر على طول الانقطاع,سخرية,غضب,5,نعم,5,محايد,سلبي,غير مرتبط,نعم,نعم,مرتفع,المبالغة في التسامح الظاهر تكشف احتجاجًا حادًا على انقطاع خدمة أساسية,V2_500
LUB2-V2-0112,براحتكم في الصيانة، إحنا عندنا خزان يكفينا يومين,الشرقية,أبلغت الجهة السكان بانقطاع ليوم واحد وطمأنها أحدهم بتوفر بديل لديه,منح مهلة,مرونة حقيقية,تهدئة,حياد,1,لا,0,محايد,إيجابي,مرتبط,نعم,لا,منخفض,وجود بديل فعلي يجعل التسامح صادقًا ويشكل مقابلًا للحالة الساخرة,V2_500
LUB2-V2-0113,قدمت طلب توصيل خدمة من ثلاث أشهر والحالة قيد الدراسة,الشمالية,لم يتغير وضع طلب المستفيد منذ تقديمه رغم اكتمال متطلباته,وصف للوضع,شكوى من الجمود الإجرائي,شكوى,إحباط,4,لا,0,سلبي,سلبي,مرتبط,نعم,نعم,مرتفع,ثبات حالة الطلب لثلاثة أشهر دليل يقدمه المتحدث على تعطل المسار,V2_500
LUB2-V2-0114,أنا طلبت نقل العداد وخلصوه في خمسة أيام عمل زي ما وعدوا,الجنوبية,التزمت الجهة بالمدة المعلنة لإنجاز طلب نقل العداد,إبلاغ,رضا حقيقي عن الالتزام,رضا,رضا,3,لا,0,إيجابي,إيجابي,مرتبط,نعم,لا,منخفض,تطابق الوعد مع التنفيذ هو سبب الرضا مما يجعل التقييم موضوعيًا,V2_500
LUB2-V2-0115,أنا زعلان من طريقة الفني، دخل بدون ما يستأذن,الحجازية,دخل فني الصيانة المنزل دون استئذان في وجود أسرة صاحب المنزل,تصريح بالانزعاج,شكوى عن سلوك غير لائق,شكوى,غضب,4,لا,0,سلبي,سلبي,مرتبط,نعم,نعم,مرتفع,الشكوى تمس خصوصية المنزل وهو ما يرفع من حساسيتها واحتمال تصعيدها,V2_500
LUB2-V2-0116,الفني استأذن قبل ما يدخل ولبس غطاء للحذاء بدون ما نطلب,الوسطى,راعى الفني آداب الزيارة المنزلية تلقائيًا أثناء أعمال الصيانة,مدح,مدح حقيقي,مدح,تقدير,4,لا,0,إيجابي,إيجابي,مرتبط,نعم,لا,منخفض,السلوك التلقائي الموصوف يجعل الثناء مبنيًا على تصرف مهني محدد,V2_500
LUB2-V2-0117,ياليت تحددون موعد بدل ما نجلس البيت كله ننتظر,الشرقية,أُبلغ العميل بأن الفني سيأتي خلال اليوم دون تحديد ساعة فبقيت الأسرة منتظرة,تمنٍ,شكوى مهذبة مع اقتراح,شكوى,انزعاج,3,لا,0,محايد,سلبي,مرتبط جزئيًا,نعم,نعم,منخفض,صيغة التمني تلطف الشكوى لكن المضمون اعتراض واضح على إهدار وقت الأسرة,V2_500
LUB2-V2-0118,حددوا لي ساعة الزيارة واتصلوا قبلها بعشر دقايق,الشمالية,التزم فريق الصيانة بموعد محدد واتصل قبل الوصول لتنبيه العميل,إبلاغ إيجابي,مدح حقيقي للتنظيم,مدح,رضا,3,لا,0,إيجابي,إيجابي,مرتبط,نعم,لا,منخفض,الإجراء المنظم الموصوف يجعل التقييم الإيجابي مرتبطًا بتجربة محددة,V2_500
LUB2-V2-0119,صراحة تعبت من هالبيت، كل شهر عطل جديد,الجنوبية,واجه المستأجر سبعة أعطال مختلفة خلال ستة أشهر في نفس الوحدة,تعبير عن التعب,شكوى من تدهور حالة العقار,شكوى,إحباط,5,لا,0,سلبي,سلبي,مرتبط,لا,نعم,مرتفع,التصريح بالتعب مع تكرار الأعطال يجعل الإحباط في أعلى مستوياته,V2_500
LUB2-V2-0120,خلاص بنجدد العقد سنة ثانية وننسى الموضوع,الحجازية,حل الخلاف بين المالك والمستأجر حول الصيانة واتفقا على التجديد بارتياح,إنهاء,قبول حقيقي,قبول,ارتياح,2,لا,0,محايد,إيجابي,مرتبط,لا,لا,منخفض,السياق يوضح حل الخلاف فعلًا مما يجعل الإنهاء تعبيرًا عن رضا لا اضطرارًا,V2_500
LUB2-V2-0121,خلاص بنجدد سنة ثانية لأن ما فيه بديل,الوسطى,اضطر المستأجر لتجديد عقد غير مرضٍ بسبب ارتفاع الأسعار وقلة الخيارات,إنهاء,قبول اضطراري مع استياء,عدم رضا,خيبة أمل,4,لا,0,محايد,سلبي,مرتبط جزئيًا,لا,لا,متوسط,نفس صيغة الإنهاء السابقة لكن ذكر انعدام البديل يكشف أن القبول قسري,V2_500
LUB2-V2-0122,أنا أقدر إن العمارة قديمة، بس الأمان مو خيار,الشرقية,أبلغ ساكن عن خلل في التمديدات الكهربائية ورد المالك بأن المبنى قديم,تفهم مع اعتراض,اعتراض جاد على حجة الطرف الآخر,تحذير,قلق,4,لا,0,محايد,سلبي,مرتبط,لا,نعم,مرتفع,الشطر الأول تفهم شكلي والثاني يرفض التبرير لأن الأمر يتعلق بالسلامة,V2_500
LUB2-V2-0123,أشكر إدارة العمارة على تنظيم المواقف، ما عاد فيه مشاكل,الشمالية,وزعت الإدارة مواقف مرقمة على السكان فانتهت الخلافات المتكررة,شكر,شكر حقيقي,شكر,رضا,3,لا,0,إيجابي,إيجابي,مرتبط,لا,لا,منخفض,النتيجة العملية وهي انتهاء المشاكل تدعم صدق الشكر وتربطه بأثر ملموس,V2_500
LUB2-V2-0124,طلبت عقد مكتوب والرد كان الثقة أهم من الورق,الجنوبية,رفض المالك توثيق اتفاق شفهي وطلب من المستأجر الاعتماد على الثقة,سرد واقعة,اعتراض على رفض التوثيق,شكوى,قلق,4,لا,0,محايد,سلبي,مرتبط,لا,نعم,متوسط,نقل رد الطرف الآخر أسلوب لإبراز عدم معقوليته دون الحاجة للتعليق عليه,V2_500
LUB2-V2-0125,وقعنا العقد إلكترونيًا في عشر دقايق وكل البنود واضحة,الحجازية,أتم الطرفان التعاقد عبر منصة موثقة بسهولة ووضوح تام في البنود,إبلاغ إيجابي,رضا حقيقي,رضا,ارتياح,3,لا,0,إيجابي,إيجابي,مرتبط,نعم,لا,منخفض,سهولة الإجراء ووضوح البنود سببان واقعيان يجعلان التقييم إيجابيًا بصدق,V2_500
LUB2-V2-0126,أنا ما أبي أزعجك بس المية تنقط على الكهرباء,الوسطى,اكتشف المستأجر تسربًا قرب لوحة الكهرباء وأبلغ المالك بأسلوب متحفظ,تلطف,بلاغ خطر عاجل,تحذير,قلق,5,لا,0,محايد,سلبي,مرتبط,لا,نعم,مرتفع,التلطيف في المقدمة لا يقلل من خطورة المضمون الذي يستدعي تدخلًا فوريًا,V2_500
LUB2-V2-0127,ما شاء الله على التشطيب، الدهان نزل بعد أسبوعين من الاستلام,الشرقية,بدأ الطلاء في الوحدة الجديدة بالتقشر بعد أسبوعين من تسلمها,مدح,انتقاد ساخر لجودة التنفيذ,سخرية,استياء,4,نعم,4,إيجابي,سلبي,غير مرتبط,نعم,نعم,متوسط,المدح الظاهر للتشطيب ينقضه وصف العيب مما يكشف انتقادًا للجودة,V2_500
LUB2-V2-0128,ما شاء الله على التشطيب، تفاصيل دقيقة وخامات ممتازة,الشمالية,عاين المشتري وحدته الجديدة ووجد جودة التنفيذ عالية في التفاصيل,مدح,مدح حقيقي,مدح,فرح,4,لا,0,إيجابي,إيجابي,مرتبط,لا,لا,منخفض,السياق يؤكد جودة فعلية فبقيت عبارة المدح على معناها الحرفي,V2_500
LUB2-V2-0129,أنا بس أبي أعرف من المسؤول، مو أبي أشتكي على أحد,الجنوبية,يحاول ساكن معرفة الجهة المسؤولة عن إصلاح مرفق مشترك في العمارة,استفسار,طلب توضيح للمسؤوليات,استفسار,ارتباك,2,لا,0,محايد,محايد,مرتبط,نعم,لا,منخفض,نفي نية الشكوى صادق هنا لأن المطلوب توضيح تنظيمي لا محاسبة أحد,V2_500
LUB2-V2-0130,أخيرًا ركبوا كاميرات للمدخل، صرنا نطمن على الأولاد,الحجازية,استجابت الإدارة لطلب السكان بتركيب كاميرات أمنية بعد حوادث سرقة,تعليق إيجابي,رضا حقيقي مع عتب ضمني على التأخر,رضا,ارتياح,4,لا,0,إيجابي,إيجابي,مرتبط جزئيًا,لا,لا,منخفض,الرضا صادق لكن كلمة أخيرًا تحمل عتبًا خفيفًا على تأخر الاستجابة,V2_500
LUB2-V2-0131,ما شاء الله على الورشة، دخلت لتغيير زيت وطلعت بمشكلتين جديدة,الوسطى,أدخل صاحب السيارة مركبته لصيانة دورية بسيطة وخرجت بأعطال لم تكن موجودة,مدح للورشة,اتهام ساخر بالإضرار بالسيارة,سخرية,غضب,5,نعم,5,إيجابي,سلبي,غير مرتبط,نعم,نعم,مرتفع,المدح الظاهر يصطدم بنتيجة الزيارة السلبية مما يجعله اتهامًا لاذعًا,V2_500
LUB2-V2-0132,الورشة شخصت العطل بسرعة وقالوا لي إنه ما يحتاج تغيير قطعة,الشرقية,فحصت الورشة السيارة وأخبرت المالك أن المشكلة بسيطة ولا تستدعي مصاريف,مدح,شكر حقيقي وثقة,مدح,تقدير,4,لا,0,إيجابي,إيجابي,مرتبط,نعم,لا,منخفض,الأمانة في عدم استغلال العميل سلوك محدد يبرر الثناء ويجعله صادقًا,V2_500
LUB2-V2-0133,قالوا أسبوع وصار شهر والسيارة للحين عندهم,الشمالية,تجاوزت مدة إصلاح السيارة الموعد المتفق عليه بثلاثة أسابيع بلا تحديث,وصف للوضع,شكوى من التأخير,شكوى,إحباط,4,لا,0,سلبي,سلبي,مرتبط,نعم,نعم,مرتفع,الفارق بين الوعد والواقع موثق رقميًا مما يجعل الشكوى وجيهة وحادة,V2_500
LUB2-V2-0134,الفاتورة فيها قطع ما طلبتها وما أخبروني قبل التركيب,الجنوبية,ركبت الورشة قطعًا إضافية دون موافقة المالك وأضافتها للفاتورة,اعتراض,شكوى مع اتهام بالتجاوز,شكوى,غضب,4,لا,0,سلبي,سلبي,مرتبط,نعم,نعم,مرتفع,الاعتراض يتعلق بتجاوز الصلاحية وليس بالسعر فقط مما يرفع جدية الموقف,V2_500
LUB2-V2-0135,يعطيك العافية يا أستاذ، اتصلت تستأذن قبل كل قطعة,الحجازية,اتصلت الورشة بالمالك قبل تركيب أي قطعة إضافية وأخذت موافقته,شكر,شكر حقيقي,شكر,تقدير,4,لا,0,إيجابي,إيجابي,مرتبط,نعم,لا,منخفض,الالتزام بأخذ الموافقة سلوك مهني محدد يجعل الشكر مبنيًا على واقعة,V2_500
LUB2-V2-0136,أبي أعرف كم تكلفة الفحص الشامل قبل ما أجيب السيارة,الوسطى,يستفسر مالك سيارة عن التكلفة قبل حجز موعد في مركز فحص,استفسار,استفسار حقيقي محايد,استفسار,حياد,1,لا,0,محايد,محايد,مرتبط,نعم,لا,منخفض,سؤال سعري بسيط بلا شحنة عاطفية يمثل التفاعلات الطبيعية مع مقدمي الخدمة,V2_500
LUB2-V2-0137,الكابتن لف بطريق أطول وأنا أعرف الطريق,الشرقية,سلك سائق تطبيق النقل مسارًا أطول رغم توفر طريق مباشر واضح,إبلاغ,شكوى مع اتهام ضمني,شكوى,انزعاج,3,لا,0,سلبي,سلبي,مرتبط,نعم,نعم,متوسط,الشكوى محددة ومبنية على معرفة الراكب بالطريق مما يجعلها قابلة للتحقق,V2_500
LUB2-V2-0138,الكابتن كان هادي والسيارة نظيفة والرحلة مريحة,الشمالية,استقلت راكبة سيارة عبر تطبيق وكانت التجربة مريحة من كل النواحي,مدح,رضا حقيقي,رضا,رضا,3,لا,0,إيجابي,إيجابي,مرتبط,نعم,لا,منخفض,تقييم واقعي مباشر بلا مبالغة يمثل الحالات الإيجابية العادية,V2_500
LUB2-V2-0139,ما شاء الله على التسعيرة، ضعف السعر لأن الجو ممطر,الجنوبية,ارتفعت أسعار التطبيق ثلاثة أضعاف أثناء المطر لمسافة قصيرة معتادة,مدح للتسعيرة,انتقاد ساخر للتسعير المرتفع,سخرية,استياء,4,نعم,4,إيجابي,سلبي,غير مرتبط,نعم,نعم,متوسط,المدح الظاهر للتسعيرة مع ذكر مضاعفتها مفارقة تكشف الاعتراض,V2_500
LUB2-V2-0140,ألغى الطلب بعد ما انتظرته عشرين دقيقة وأنا برى,الحجازية,قبل السائق الطلب ثم ألغاه بعد انتظار طويل تاركًا الراكبة في الشارع,سرد واقعة,شكوى من سلوك السائق,شكوى,غضب,4,لا,0,سلبي,سلبي,مرتبط,نعم,نعم,مرتفع,وجود ضرر فعلي وهو الانتظار في الخارج يرفع من حدة الشكوى واحتمال التصعيد,V2_500
LUB2-V2-0141,الكابتن رجع لي الجوال اللي نسيته بدون ما يطلب شي,الوسطى,عاد السائق مسافة طويلة ليسلم الراكب هاتفه المنسي ورفض أي مقابل,مدح,امتنان حقيقي,امتنان,امتنان,5,لا,0,إيجابي,إيجابي,مرتبط,نعم,لا,منخفض,السلوك الاستثنائي الموصوف يفسر الدرجة القصوى من الامتنان,V2_500
LUB2-V2-0142,براحتك يا كابتن، الرحلة عشر دقايق وصرنا نص ساعة,الشرقية,أخطأ السائق في المسار مرتين رغم تنبيه الراكب له بالاتجاه الصحيح,منح مهلة,تهكم على طول الرحلة,سخرية,نفاد صبر,3,نعم,3,محايد,سلبي,غير مرتبط,نعم,نعم,منخفض,منح المهلة الظاهر يناقضه ذكر الفارق الزمني فيتحول لتهكم واضح,V2_500
LUB2-V2-0143,براحتك يا كابتن، أنا ما عندي موعد وخذ راحتك في الزحمة,الشمالية,علق الراكب في زحام كثيف وطمأن السائق المتوتر بأنه غير مستعجل,منح مهلة,طمأنة حقيقية,تهدئة,حياد,1,لا,0,محايد,إيجابي,مرتبط,نعم,لا,منخفض,السياق يؤكد غياب الاستعجال فعلًا فالكلمة على معناها الحرفي,V2_500
LUB2-V2-0144,الرحلة تأخرت خمس ساعات وما أعطونا أي بديل,الجنوبية,تأخرت رحلة جوية داخلية خمس ساعات دون توفير وجبات أو معلومات واضحة,وصف للوضع,شكوى مع مطالبة ضمنية,شكوى,غضب,5,لا,0,سلبي,سلبي,مرتبط,نعم,نعم,مرتفع,طول التأخير مع غياب أي معالجة يجعل الشكوى حادة ويرفع خطر التصعيد,V2_500
LUB2-V2-0145,الطاقم اعتذر وقدموا وجبات وأبلغونا بكل تحديث أول بأول,الحجازية,تأخرت الرحلة ساعتين لكن الشركة تعاملت بشفافية وقدمت بدائل للركاب,مدح,تقدير حقيقي لإدارة الموقف,مدح,رضا,4,لا,0,إيجابي,إيجابي,مرتبط,نعم,لا,منخفض,المعالجة الجيدة للموقف السلبي هي سبب التقييم الإيجابي رغم وجود تأخير,V2_500
LUB2-V2-0146,شنطتي ضاعت من ثلاثة أيام وما فيه أي تحديث,الوسطى,فقدت حقيبة مسافر عند الوصول ولم يتلق أي معلومة عن مكانها منذ ذلك الحين,وصف للوضع,شكوى من غياب المتابعة,شكوى,قلق,4,لا,0,سلبي,سلبي,مرتبط,نعم,نعم,مرتفع,فقدان الأمتعة مع انعدام التواصل مشكلة جدية تبرر القلق وخطر التصعيد,V2_500
LUB2-V2-0147,وصلتني الشنطة للبيت بعد يومين والطاقم اتصل يعتذر,الشرقية,عثرت الشركة على حقيبة المسافر وأوصلتها لمنزله مع اعتذار رسمي,إبلاغ,رضا حقيقي عن المعالجة,رضا,ارتياح,3,لا,0,إيجابي,إيجابي,مرتبط,نعم,لا,منخفض,الحل الفعلي والاعتذار يجعلان التقييم النهائي إيجابيًا رغم المشكلة الأولية,V2_500
LUB2-V2-0148,ممتاز، غيروا البوابة ثلاث مرات والإعلان بصوت ما ينسمع,الشمالية,تغيرت بوابة المغادرة ثلاث مرات مع نظام صوتي رديء في الصالة,مدح,انتقاد ساخر لسوء التنظيم,سخرية,انزعاج,4,نعم,4,إيجابي,سلبي,غير مرتبط,نعم,نعم,متوسط,كلمة ممتاز تسبق سردًا لفوضى تنظيمية مما يقلب المعنى لانتقاد,V2_500
LUB2-V2-0149,ممتاز، الإجراءات كلها إلكترونية ودخلت بدون ما أقف بطابور,الجنوبية,أنهى المسافر إجراءاته عبر التطبيق ودخل مباشرة للبوابة دون انتظار,مدح,رضا حقيقي,رضا,ارتياح,4,لا,0,إيجابي,إيجابي,مرتبط,نعم,لا,منخفض,نفس افتتاحية الحالة السابقة لكن التجربة إيجابية فبقي المعنى حرفيًا,V2_500
LUB2-V2-0150,أبي أعرف هل الوزن الزائد يحسب على الشنطتين مع بعض,الحجازية,يستفسر مسافر عن سياسة الأمتعة قبل حجز رحلته,استفسار,استفسار حقيقي,استفسار,حياد,1,لا,0,محايد,محايد,مرتبط,نعم,لا,منخفض,سؤال معلوماتي بحت يمثل التواصل الطبيعي مع خدمة العملاء,V2_500
LUB2-V2-0151,أنا حجزت مقعد بجنب النافذة وطلعت في الممر بالوسط,الوسطى,تغير مقعد المسافر المدفوع مسبقًا دون إشعار أو تعويض,اعتراض,شكوى مع طلب تصحيح,شكوى,انزعاج,3,لا,0,سلبي,سلبي,مرتبط,نعم,نعم,متوسط,الاعتراض مبني على خدمة مدفوعة لم تُقدم وهو ما يجعله مطلبًا مشروعًا,V2_500
LUB2-V2-0152,الله يعطيك العافية على السواقة، وصلنا بسلامة رغم المطر,الشرقية,قاد سائق الحافلة بحذر في ظروف جوية صعبة ووصل بالركاب بأمان,شكر,شكر حقيقي,شكر,امتنان,4,لا,0,إيجابي,إيجابي,مرتبط,نعم,لا,منخفض,الظرف الصعب المذكور يجعل الشكر مرتبطًا بأداء فعلي يستحق التقدير,V2_500
LUB2-V2-0153,الله يعطيك العافية على السواقة، ما فيه مطب إلا ودخلنا فيه,الشمالية,قاد السائق بسرعة عالية فوق المطبات مما أزعج الركاب طوال الطريق,شكر,تهكم على أسلوب القيادة,سخرية,انزعاج,3,نعم,4,إيجابي,سلبي,غير مرتبط,نعم,نعم,منخفض,صيغة الشكر مستخدمة للتعبير عن استنكار أسلوب قيادة سيئ,V2_500
LUB2-V2-0154,القطار وصل في وقته بالضبط والمقاعد مريحة,الجنوبية,استخدم المسافر القطار لأول مرة ووجد الالتزام بالمواعيد والراحة كما هو معلن,مدح,رضا حقيقي,رضا,رضا,3,لا,0,إيجابي,إيجابي,مرتبط,نعم,لا,منخفض,تطابق التجربة مع التوقعات المعلنة يجعل التقييم الإيجابي موضوعيًا,V2_500
LUB2-V2-0155,أنا ما أشتكي من السعر، أشتكي إن السعر تغير بعد الحجز,الحجازية,أتم المسافر الحجز ثم فوجئ برسوم إضافية أضيفت لاحقًا على المبلغ,توضيح,شكوى محددة عن آلية التسعير,شكوى,استياء,4,لا,0,محايد,سلبي,مرتبط,نعم,نعم,متوسط,الجملة تحدد بدقة موضع الاعتراض وهو التغيير بعد الالتزام لا السعر نفسه,V2_500
LUB2-V2-0156,صار لي ساعة أدور موقف والمول فاضي من داخل,الوسطى,امتلأت مواقف المركز التجاري بينما كانت الممرات الداخلية شبه خالية,وصف للوضع,تذمر من سوء تنظيم المواقف,تذمر,نفاد صبر,3,لا,0,سلبي,سلبي,مرتبط جزئيًا,لا,لا,منخفض,تذمر يومي مباشر يعبر عن انزعاج واقعي بلا أي أسلوب ساخر,V2_500
LUB2-V2-0157,طبعًا الحل عندهم هو زيادة رسوم المواقف,الشرقية,رد المركز التجاري على شكاوى الازدحام برفع رسوم المواقف بدل توسعتها,تعليق,انتقاد ساخر للحل المقترح,سخرية,استياء,3,نعم,4,محايد,سلبي,غير مرتبط,نعم,نعم,منخفض,كلمة طبعًا تحمل توقعًا ساخرًا وتكشف اعتراضًا على معالجة سطحية للمشكلة,V2_500
LUB2-V2-0158,أبشر، أنا بغير الإطارات الأربعة عندكم,الشمالية,اقتنع العميل بعرض الورشة على الإطارات بعد مقارنة الأسعار,موافقة,قبول حقيقي,قبول,حياد,1,لا,0,إيجابي,إيجابي,مرتبط,نعم,لا,منخفض,قرار شرائي عادي مبني على اقتناع فعلي بلا أي شحنة خفية,V2_500
LUB2-V2-0159,أبشر، بغير الإطارات للمرة الثالثة في سنة,الجنوبية,تلفت إطارات العميل ثلاث مرات خلال عام بسبب قطع رديئة باعتها نفس الورشة,موافقة,تهكم على رداءة المنتج,سخرية,استياء,4,نعم,4,إيجابي,سلبي,غير مرتبط,نعم,نعم,متوسط,إضافة التكرار تحول الموافقة إلى اعتراض ساخر على جودة ما يُباع له,V2_500
LUB2-V2-0160,الضمان ما يغطي العطل لأني ما سويت الصيانة عندهم,الحجازية,رُفض طلب ضمان العميل بحجة إجرائه الصيانة في ورشة خارجية معتمدة,سرد واقعة,شكوى واعتراض على شرط الضمان,شكوى,استياء,4,لا,0,سلبي,سلبي,مرتبط,نعم,نعم,مرتفع,السرد يكشف شرطًا يراه المتحدث تعسفيًا وهو ما يرفع احتمال النزاع,V2_500
LUB2-V2-0161,الوكالة غطت العطل بالضمان بدون أي نقاش,الوسطى,قدم العميل سيارته للوكالة فتم إصلاح العطل مجانًا ضمن الضمان بسلاسة,إبلاغ,رضا حقيقي,رضا,ارتياح,4,لا,0,إيجابي,إيجابي,مرتبط,نعم,لا,منخفض,الإجراء السلس المذكور يجعل التقييم إيجابيًا ومبنيًا على تجربة فعلية,V2_500
LUB2-V2-0162,ودي أفهم بس ليش السيارة تدخل الورشة ثلاث مرات لنفس العطل,الشرقية,أعيد إصلاح نفس العطل ثلاث مرات ولم يُحل بشكل نهائي,استفسار,شكوى من عدم كفاءة الإصلاح,شكوى,إحباط,4,لا,0,محايد,سلبي,مرتبط,نعم,نعم,مرتفع,السؤال ليس معلوماتيًا بل اعتراض على تكرار عمل لم يُنجز بشكل صحيح,V2_500
LUB2-V2-0163,شكرًا لكم، فحصتوا السيارة مجانًا وقلتوا لي إن العطل من قطعة رخيصة,الشمالية,فحص المركز السيارة دون رسوم وأخبر العميل أن الإصلاح بسيط وغير مكلف,شكر,شكر حقيقي,شكر,تقدير,4,لا,0,إيجابي,إيجابي,مرتبط,نعم,لا,منخفض,النزاهة في عدم تضخيم المشكلة سلوك محدد يبرر الشكر ويجعله واقعيًا,V2_500
LUB2-V2-0164,أنا مو مستعجل على السيارة، بس أحتاجها للدوام يوميًا,الجنوبية,ترك الموظف سيارته في الورشة وهو معتمد عليها في تنقله للعمل,نفي الاستعجال,طلب عاجل مغلف بالتهذيب,طلب,قلق,3,نعم,1,محايد,سلبي,مرتبط جزئيًا,نعم,لا,متوسط,نفي الاستعجال ينقضه الشطر الثاني الذي يوضح حاجة يومية حقيقية,V2_500
LUB2-V2-0165,أنا مو مستعجل على السيارة، عندي ثانية أستخدمها,الحجازية,ترك العميل سيارته للصيانة ولديه بديل فعلي فأبلغ الورشة بمرونته,نفي الاستعجال,مرونة حقيقية,تهدئة,حياد,1,لا,0,محايد,إيجابي,مرتبط,نعم,لا,منخفض,وجود البديل يؤكد صدق نفي الاستعجال ويشكل مقابلًا للحالة السابقة,V2_500
LUB2-V2-0166,الحادث كان بسيط والشركة خلصت المعاملة في يومين,الوسطى,تعرض السائق لحادث بسيط وأنهت شركة التأمين الإجراءات بسرعة,إبلاغ,رضا حقيقي,رضا,ارتياح,3,لا,0,إيجابي,إيجابي,مرتبط,نعم,لا,منخفض,سرعة الإنجاز المذكورة تجعل التقييم الإيجابي مرتبطًا بأداء ملموس,V2_500
LUB2-V2-0167,التقرير يقول الخطأ علي وأنا كنت واقف تمامًا,الشرقية,صُدمت سيارة السائق وهي متوقفة لكن التقرير حمّله نسبة من المسؤولية,اعتراض,اعتراض جاد مع مطالبة بالمراجعة,شكوى,غضب,5,لا,0,سلبي,سلبي,مرتبط,نعم,نعم,مرتفع,الاعتراض على تقرير رسمي مع تناقض واضح مع الواقع يجعل التصعيد مرجحًا,V2_500
LUB2-V2-0168,ما شاء الله على التغطية، التأمين يغطي كل شي إلا الحوادث,الشمالية,اكتشف صاحب المركبة أن وثيقته لا تغطي الحوادث التي اشتراها لأجلها,مدح للتغطية,سخرية من محدودية الوثيقة,سخرية,خيبة أمل,4,نعم,5,إيجابي,سلبي,غير مرتبط,نعم,نعم,مرتفع,التناقض الصريح داخل الجملة يجعل السخرية في أعلى درجاتها ويكشف شعورًا بالغبن,V2_500
LUB2-V2-0169,أبي أعرف كيف أضيف سائق ثاني للوثيقة,الجنوبية,يريد مالك السيارة إضافة أحد أفراد أسرته للتأمين ويستفسر عن الإجراء,استفسار,استفسار حقيقي,استفسار,حياد,1,لا,0,محايد,محايد,مرتبط,نعم,لا,منخفض,سؤال إجرائي بسيط بلا شحنة عاطفية يوازن البيانات,V2_500
LUB2-V2-0170,الباص تأخر أربعين دقيقة والجدول يقول كل عشر دقايق,الحجازية,انتظر الراكب حافلة النقل العام أربعين دقيقة رغم الجدول المعلن,وصف للوضع,شكوى من عدم الالتزام بالجدول,شكوى,انزعاج,3,لا,0,سلبي,سلبي,مرتبط,نعم,نعم,متوسط,المقارنة بين الجدول والواقع تعطي الشكوى حجة موضوعية واضحة,V2_500
LUB2-V2-0171,الباص جا في وقته والتطبيق كان يحدث موقعه لحظة بلحظة,الوسطى,استخدم الراكب تطبيق النقل العام ووجد التتبع دقيقًا والحافلة ملتزمة,مدح,رضا حقيقي,رضا,رضا,3,لا,0,إيجابي,إيجابي,مرتبط,نعم,لا,منخفض,دقة الخدمة الموصوفة تجعل الثناء مبنيًا على تجربة قابلة للتحقق,V2_500
LUB2-V2-0172,أعتذر إني طلبت فاتورة,الشرقية,طلب العميل فاتورة ضريبية من الورشة فرد عليه الموظف بامتعاض واضح,اعتذار,احتجاج ساخر على أسلوب الرد,سخرية,انزعاج,4,نعم,4,محايد,سلبي,غير مرتبط,نعم,نعم,متوسط,صيغة الاعتذار مقلوبة وتستخدم للاعتراض على استنكار طلب نظامي,V2_500
LUB2-V2-0173,أعتذر عن التأخير في استلام السيارة، ظروف طارئة,الشمالية,تأخر العميل يومين عن استلام سيارته من الورشة واعتذر عن الإزعاج,اعتذار,اعتذار حقيقي,اعتذار,ارتباك,2,لا,0,محايد,محايد,مرتبط,نعم,لا,منخفض,اعتذار بسيط ومباشر بلا أي نبرة احتجاجية أو تهكمية,V2_500
LUB2-V2-0174,كل ما أتصل بالمركز يقولون الفني خارج التغطية,الجنوبية,يحاول العميل الوصول لفني الخدمة على الطريق ويتلقى نفس الرد ثلاث مرات,وصف للوضع,شكوى من صعوبة الوصول للخدمة,شكوى,نفاد صبر,4,لا,0,سلبي,سلبي,مرتبط,نعم,نعم,مرتفع,تكرار نفس الإجابة يكشف خللًا في الخدمة وليس ظرفًا عابرًا,V2_500
LUB2-V2-0175,خدمة المساعدة على الطريق وصلت خلال عشرين دقيقة في نص الليل,الحجازية,تعطلت سيارة العميلة ليلًا ووصلت خدمة المساعدة سريعًا وسحبت المركبة,مدح,شكر حقيقي,شكر,امتنان,5,لا,0,إيجابي,إيجابي,مرتبط,نعم,لا,منخفض,السياق الليلي والسرعة المذكورة يفسران ارتفاع درجة الامتنان,V2_500
LUB2-V2-0176,أقترح تضيفون خيار تتبع حالة السيارة في الورشة بالتطبيق,الوسطى,اضطر العميل للاتصال يوميًا لمعرفة وضع سيارته فاقترح حلًا رقميًا,اقتراح,اقتراح بنّاء,اقتراح,حياد,2,لا,0,محايد,إيجابي,مرتبط,نعم,لا,منخفض,الاقتراح ناتج عن تجربة مزعجة لكنه مصاغ بلغة تحسينية لا شكوائية,V2_500
LUB2-V2-0177,أنا اشتريتها مستعملة وأعرف إن فيها عيوب، بس مو بهالحجم,الشرقية,اشترى شخص سيارة مستعملة بعد فحص ظاهري واكتشف أعطالًا جوهرية مخفية,توضيح,شكوى مع تحفظ منصف,شكوى,خيبة أمل,4,لا,0,محايد,سلبي,مرتبط,لا,نعم,متوسط,الاعتراف بجزء من المسؤولية يجعل الشكوى متزنة ويزيد من مصداقيتها,V2_500
LUB2-V2-0178,البائع صارحني بكل عيوب السيارة قبل ما أشوفها,الشمالية,عرض بائع سيارة مستعملة كل عيوبها على المشتري قبل المعاينة,مدح,تقدير حقيقي للأمانة,مدح,تقدير,4,لا,0,إيجابي,إيجابي,مرتبط,لا,لا,منخفض,المصارحة الاستباقية سلوك محدد يجعل الثناء مبنيًا على تصرف ملموس,V2_500
LUB2-V2-0179,خلاص بسحب السيارة وأروح لورشة ثانية,الجنوبية,فقد العميل ثقته في الورشة بعد ثلاث محاولات إصلاح فاشلة وقرر الانتقال,إعلان قرار,انسحاب مع استياء,عدم رضا,إحباط,4,لا,0,محايد,سلبي,مرتبط جزئيًا,نعم,نعم,مرتفع,القرار النهائي بالانسحاب مؤشر على فقدان ثقة كامل بعد تراكم الإخفاقات,V2_500
LUB2-V2-0180,صراحة تعاملهم غير، شرحوا لي العطل بالصور قبل الإصلاح,الحجازية,صورت الورشة القطعة التالفة وأرسلتها للعميل قبل البدء في الإصلاح,مدح,مدح حقيقي للشفافية,مدح,تقدير,4,لا,0,إيجابي,إيجابي,مرتبط,نعم,لا,منخفض,التوثيق بالصور ممارسة شفافة محددة تجعل الثناء مرتبطًا بأداء فعلي,V2_500
LUB2-V2-0181,طلبت مرسال لتوصيل أوراق ووصلت بعد يومين,الوسطى,استخدم شخص خدمة توصيل سريع لمستندات عاجلة ووصلت متأخرة جدًا,وصف للوضع,شكوى من بطء الخدمة السريعة,شكوى,انزعاج,3,لا,0,سلبي,سلبي,مرتبط,نعم,نعم,متوسط,التناقض بين وصف الخدمة بالسريعة وواقع التنفيذ هو جوهر الشكوى,V2_500
LUB2-V2-0182,المندوب وصل الأوراق خلال ساعة وأرسل صورة الاستلام,الشرقية,أنجزت خدمة التوصيل مهمة عاجلة بسرعة مع توثيق التسليم بالصورة,مدح,رضا حقيقي,رضا,رضا,4,لا,0,إيجابي,إيجابي,مرتبط,نعم,لا,منخفض,السرعة والتوثيق واقعتان محددتان تدعمان التقييم الإيجابي,V2_500
LUB2-V2-0183,ولا يهمك يا كابتن، أنا نازل قبل الموقع بكيلو عادي,الشمالية,رفض السائق الدخول لشارع مزدحم فتفهم الراكب ونزل في نقطة قريبة,تهوين,تفهم حقيقي,قبول,حياد,1,لا,0,إيجابي,إيجابي,مرتبط,نعم,لا,منخفض,السياق يوضح تفهمًا لظرف واقعي فالتهوين صادق ولا يخفي استياءً,V2_500
LUB2-V2-0184,ولا يهمك، أنا بمشي الباقي بس خلني أنزل قبل ما تضيع ساعة ثانية,الجنوبية,رفض السائق إكمال الطريق بعد نصف ساعة من الدوران في الاتجاه الخاطئ,تهوين,استياء وانسحاب من الرحلة,استياء,نفاد صبر,4,نعم,2,إيجابي,سلبي,غير مرتبط,نعم,نعم,متوسط,التهوين الظاهر يخفي رغبة في إنهاء تجربة سيئة لا تسامحًا حقيقيًا,V2_500
LUB2-V2-0185,أنا قيمته خمس نجوم لأنه يستاهل مو مجاملة,الحجازية,أعطى الراكب تقييمًا كاملًا لسائق ساعده في حمل أمتعة ثقيلة,تقييم,مدح حقيقي,مدح,تقدير,4,لا,0,إيجابي,إيجابي,مرتبط,نعم,لا,منخفض,التأكيد على نفي المجاملة يعزز صدق التقييم ويجعله مبنيًا على استحقاق,V2_500
LUB2-V2-0186,تم إلغاء رحلتي وأعادوا المبلغ خلال ثلاثة أيام بدون متابعة مني,الوسطى,ألغت الشركة رحلة المسافر وأعادت المبلغ تلقائيًا دون مطالبة,إبلاغ,رضا حقيقي عن المعالجة,رضا,ارتياح,4,لا,0,إيجابي,إيجابي,مرتبط,نعم,لا,منخفض,المبادرة بالإعادة دون مطالبة سلوك مؤسسي جيد يفسر الرضا رغم الإلغاء,V2_500
LUB2-V2-0187,تم إلغاء رحلتي والمبلغ محجوز من شهرين,الشرقية,ألغت الشركة الرحلة ولم يُعد المبلغ للمسافر رغم مطالباته المتكررة,إبلاغ,شكوى مالية حادة,شكوى,غضب,5,لا,0,سلبي,سلبي,مرتبط,نعم,نعم,مرتفع,احتجاز مبلغ لشهرين بعد إلغاء من طرف الشركة يجعل الشكوى بالغة الجدية,V2_500
LUB2-V2-0188,أنا أتفهم إن الجو سبب التأخير، بس التواصل كان صفر,الشمالية,تأجلت الرحلة لأسباب جوية مفهومة لكن الركاب تُركوا بلا معلومات لساعات,تفهم مع اعتراض,شكوى محددة عن التواصل,شكوى,استياء,4,لا,0,محايد,سلبي,مرتبط,نعم,نعم,متوسط,الجملة تفصل بين سبب خارج السيطرة وقصور داخلي في التواصل وهو تمييز دقيق,V2_500
LUB2-V2-0189,مشكورين على التنبيه برسالة قبل الرحلة بيوم عن تغيير الصالة,الجنوبية,أرسلت الشركة إشعارًا مسبقًا عن تغيير صالة المغادرة فتفادى المسافر الارتباك,شكر,شكر حقيقي,شكر,تقدير,3,لا,0,إيجابي,إيجابي,مرتبط,نعم,لا,منخفض,الإشعار المسبق منع ضررًا محتملًا مما يجعل الشكر مبنيًا على فائدة فعلية,V2_500
LUB2-V2-0190,أنا حجزت من زمان عشان أختار مقعدي ونفس النتيجة,الحجازية,حجز المسافر مبكرًا لضمان مقعده لكن تم تغييره في اللحظة الأخيرة,تعليق,شكوى من عدم جدوى الحجز المبكر,شكوى,خيبة أمل,3,نعم,2,محايد,سلبي,مرتبط جزئيًا,نعم,نعم,متوسط,الجملة تحمل تهكمًا خفيفًا على انعدام الفائدة من الإجراء الذي اتخذه,V2_500
LUB2-V2-0191,السيارة رجعت مغسولة ومعقمة بدون ما أطلب,الوسطى,أعادت الورشة السيارة نظيفة من الداخل والخارج كخدمة إضافية مجانية,مدح,رضا حقيقي,رضا,فرح,4,لا,0,إيجابي,إيجابي,مرتبط,نعم,لا,منخفض,الخدمة الإضافية غير المطلوبة مبادرة إيجابية تفسر الرضا والفرح,V2_500
LUB2-V2-0192,السيارة رجعت وفيها خدش جديد والورشة تقول كان موجود,الشرقية,لاحظ العميل خدشًا جديدًا بعد الصيانة ونفت الورشة مسؤوليتها عنه,سرد واقعة,شكوى مع نزاع حول المسؤولية,شكوى,غضب,4,لا,0,سلبي,سلبي,مرتبط,نعم,نعم,مرتفع,وجود إنكار من الطرف الآخر يحول الشكوى إلى نزاع مرشح للتصعيد,V2_500
LUB2-V2-0193,أبي أوثق حالة السيارة بالصور قبل ما أسلمها لكم,الشمالية,قرر العميل توثيق حالة مركبته قبل تسليمها للصيانة تفاديًا لأي خلاف,طلب,إجراء وقائي محايد,طلب,حياد,2,لا,0,محايد,محايد,مرتبط,نعم,لا,منخفض,الإجراء وقائي ومعقول ولا يحمل اتهامًا مسبقًا لأي طرف,V2_500
LUB2-V2-0194,صرت أروح لهم من سنتين وما خذلوني ولا مرة,الجنوبية,تعامل العميل مع نفس الورشة لسنتين بمستوى خدمة ثابت وجيد,مدح,مدح حقيقي مبني على تجربة طويلة,مدح,تقدير,4,لا,0,إيجابي,إيجابي,مرتبط,نعم,لا,منخفض,طول فترة التعامل يعطي التقييم مصداقية ويجعله حكمًا مستقرًا لا انطباعًا,V2_500
LUB2-V2-0195,الحمد لله وصلنا، بعد ما جربنا كل طرق المدينة,الحجازية,أخطأ السائق في المسار عدة مرات فتحولت رحلة قصيرة إلى جولة طويلة,حمد,تهكم على طول الرحلة,سخرية,نفاد صبر,3,نعم,3,إيجابي,سلبي,غير مرتبط,نعم,لا,منخفض,صيغة الحمد مستخدمة للتعبير عن إرهاق وتهكم على مسار غير مباشر,V2_500
LUB2-V2-0196,ما شاء الله على السرية، بياناتي وصلت لشركة تسويق قبل ما أعرف أنا,الوسطى,بدأ العميل يتلقى مكالمات تسويقية فور فتحه حسابًا جديدًا في جهة مالية,مدح للسرية,اتهام ساخر بتسريب البيانات,سخرية,غضب,5,نعم,5,إيجابي,سلبي,غير مرتبط,نعم,نعم,مرتفع,المدح الظاهر للسرية يناقضه وصف الواقعة مما يجعله اتهامًا لاذعًا بخرق الخصوصية,V2_500
LUB2-V2-0197,طلبت إيقاف الرسائل التسويقية وتوقفت من أول طلب,الشرقية,استجابت الجهة لطلب العميل بإيقاف الرسائل فورًا دون تكرار المطالبة,إبلاغ,رضا حقيقي,رضا,ارتياح,3,لا,0,إيجابي,إيجابي,مرتبط,نعم,لا,منخفض,الاستجابة من أول طلب سلوك محدد يجعل الرضا مبنيًا على تجربة إيجابية,V2_500
LUB2-V2-0198,التمويل مرفوض والسبب سجل ائتماني أنا ما أعرف عنه شي,الشمالية,رُفض طلب تمويل العميل بسبب التزام مسجل عليه لا يعرف مصدره,إبلاغ,شكوى مع طلب توضيح عاجل,شكوى,قلق,4,لا,0,سلبي,سلبي,مرتبط,نعم,نعم,مرتفع,الشكوى تتعلق بسجل مالي مجهول المصدر مما يرفع القلق واحتمال التصعيد,V2_500
LUB2-V2-0199,الموظف راجع معي السجل بند بند لين لقينا الخطأ,الجنوبية,جلس موظف الجهة مع العميل وراجع سجله الائتماني حتى اكتشف قيدًا خاطئًا,مدح,شكر حقيقي,شكر,امتنان,5,لا,0,إيجابي,إيجابي,مرتبط,نعم,لا,منخفض,الجهد المفصل المذكور والنتيجة الملموسة يفسران ارتفاع درجة الامتنان,V2_500
LUB2-V2-0200,أقساط التمويل بدت تُخصم قبل ما أستلم المبلغ,الحجازية,بدأ خصم الأقساط من حساب العميل قبل إيداع مبلغ التمويل في حسابه,إبلاغ,شكوى مالية حادة,شكوى,غضب,5,لا,0,سلبي,سلبي,مرتبط,نعم,نعم,مرتفع,الخلل المالي الموصوف جسيم ومباشر مما يجعل الشكوى بالغة الجدية,V2_500
LUB2-V2-0201,أبي أعرف كم المبلغ المتبقي على القرض بالضبط,الوسطى,يستفسر العميل عن رصيد التزامه المالي قبل اتخاذ قرار بالسداد المبكر,استفسار,استفسار حقيقي,استفسار,حياد,1,لا,0,محايد,محايد,مرتبط,نعم,لا,منخفض,سؤال مالي بسيط بلا شحنة عاطفية يمثل التفاعل الطبيعي مع الجهة,V2_500
LUB2-V2-0202,يعطيكم العافية، سددت مبكر وخصمتوا الرسوم زي ما ينص النظام,الشرقية,سدد العميل التزامه مبكرًا وطبقت الجهة الخصم النظامي بدون مماطلة,شكر,شكر حقيقي,شكر,رضا,4,لا,0,إيجابي,إيجابي,مرتبط,نعم,لا,منخفض,الالتزام بالنظام دون مماطلة سلوك محدد يجعل الشكر مبنيًا على واقعة,V2_500
LUB2-V2-0203,يعطيكم العافية، حسبتوا لي رسوم تأخير وأنا سددت قبل بيوم,الشمالية,احتُسبت رسوم تأخير على العميل رغم سداده قبل موعد الاستحقاق بيوم,شكر,احتجاج ساخر على خصم خاطئ,سخرية,استياء,4,نعم,4,إيجابي,سلبي,غير مرتبط,نعم,نعم,مرتفع,صيغة الشكر مقلوبة وتستخدم لإبراز خطأ مالي واضح في الحساب,V2_500
LUB2-V2-0204,البطاقة توقفت وأنا مسافر برى وما أقدر أدفع شي,الجنوبية,أوقف النظام بطاقة العميل لاشتباه أمني وهو خارج البلاد بدون بديل,وصف للوضع,شكوى عاجلة مع طلب حل فوري,شكوى,قلق,5,لا,0,سلبي,سلبي,مرتبط,نعم,نعم,مرتفع,الموقف حرج لأن العميل خارج البلاد بلا وسيلة دفع مما يستدعي تدخلًا عاجلًا,V2_500
LUB2-V2-0205,أوقفوا عملية مشبوهة قبل ما تتم واتصلوا يتأكدون مني,الحجازية,رصد النظام محاولة شراء غير معتادة وأوقفها واتصل بالعميل للتحقق,إبلاغ,مدح حقيقي لنظام الحماية,مدح,امتنان,5,لا,0,إيجابي,إيجابي,مرتبط,نعم,لا,منخفض,منع ضرر مالي فعلي يفسر الدرجة المرتفعة من الامتنان في التقييم,V2_500
LUB2-V2-0206,تمام، بانتظار نتيجة الاعتراض,الوسطى,قدم العميل اعتراضًا على عملية وأُبلغ بمدة دراسة واضحة وواقعية,إقرار,قبول محايد,قبول,حياد,1,لا,0,محايد,محايد,مرتبط,نعم,لا,منخفض,رد إجرائي محايد يمثل التفاعلات العادية الخالية من الشحنة العاطفية,V2_500
LUB2-V2-0207,تمام، بانتظار نتيجة الاعتراض الثالث على نفس العملية,الشرقية,رُفض اعتراض العميل مرتين دون تبرير وأعاد تقديمه للمرة الثالثة,إقرار,تهكم على تكرار الرفض,سخرية,إحباط,4,نعم,3,محايد,سلبي,غير مرتبط,نعم,نعم,مرتفع,إضافة الترتيب الثالث تكشف تهكمًا على عقم الإجراء وتراكم الإحباط,V2_500
LUB2-V2-0208,التطبيق يطلب تحديث بيانات وأنا حدثتها من شهرين,الشمالية,يتلقى العميل إشعارات متكررة لتحديث بيانات سبق أن حدثها وأكدها,إبلاغ,شكوى تقنية مع انزعاج خفيف,شكوى,انزعاج,2,لا,0,سلبي,سلبي,مرتبط,نعم,نعم,منخفض,بلاغ تقني منخفض الحدة يمثل الشكاوى الروتينية غير الحادة,V2_500
LUB2-V2-0209,حولت لرقم غلط وساعدوني أسترجع المبلغ خلال يومين,الجنوبية,أخطأ العميل في رقم الحساب وتدخلت الجهة لاسترجاع المبلغ بسرعة,إبلاغ,شكر حقيقي,شكر,امتنان,5,لا,0,إيجابي,إيجابي,مرتبط,نعم,لا,منخفض,المساعدة في خطأ من طرف العميل نفسه تفسر ارتفاع درجة الامتنان,V2_500
LUB2-V2-0210,حولت لرقم غلط وقالوا لي هذي مسؤوليتك وما فينا حيلة,الحجازية,طلب العميل المساعدة في استرجاع تحويل خاطئ فرُفض طلبه بشكل قاطع,إبلاغ,شكوى من رفض المساعدة,شكوى,خيبة أمل,4,لا,0,سلبي,سلبي,مرتبط,نعم,نعم,مرتفع,الرفض القاطع بلا محاولة يجعل الشكوى تتعلق بأسلوب التعامل لا بالنتيجة فقط,V2_500
LUB2-V2-0211,ما شاء الله على التطوير، شلتوا الفرع الوحيد في المحافظة,الوسطى,أغلقت الجهة آخر فرع في منطقة يسكنها كبار سن يعتمدون على الخدمة الحضورية,مدح للتطوير,انتقاد ساخر لقرار الإغلاق,سخرية,استياء,4,نعم,4,إيجابي,سلبي,غير مرتبط,نعم,نعم,مرتفع,وصف الإغلاق بالتطوير مفارقة تكشف اعتراضًا على قرار يضر بفئة محددة,V2_500
LUB2-V2-0212,فتحوا فرع جديد قريب مني ووفر علي مشوار أربعين دقيقة,الشرقية,افتتحت الجهة فرعًا في حي العميل بعد أن كان يقطع مسافة طويلة,إبلاغ إيجابي,رضا حقيقي,رضا,فرح,4,لا,0,إيجابي,إيجابي,مرتبط,نعم,لا,منخفض,الفائدة محددة وقابلة للقياس مما يجعل الرضا مبنيًا على أثر واقعي,V2_500
LUB2-V2-0213,أنا ما أبي أعتمد على التطبيق بس ما فيه بديل,الشمالية,أُلغيت الخدمة الهاتفية واضطر العميل كبير السن لاستخدام التطبيق رغم صعوبته عليه,توضيح,اعتراض على إلغاء الخيارات,شكوى,قلق,3,لا,0,محايد,سلبي,مرتبط,نعم,نعم,متوسط,الاعتراض يتعلق بانعدام البدائل وليس رفضًا للتقنية بحد ذاتها,V2_500
LUB2-V2-0214,شرحوا لي كيف أستخدم التطبيق خطوة خطوة في الفرع,الجنوبية,جلس موظف مع عميل كبير في السن وعلمه استخدام التطبيق بصبر,مدح,شكر حقيقي,شكر,امتنان,4,لا,0,إيجابي,إيجابي,مرتبط,نعم,لا,منخفض,الجهد الإنساني الموصوف يجعل الشكر مرتبطًا بسلوك محدد وملموس,V2_500
LUB2-V2-0215,الرسوم الجديدة ما كانت واضحة في العقد الأصلي,الحجازية,اكتشف العميل رسومًا شهرية أُضيفت لاحقًا ولم تكن ضمن ما وقع عليه,اعتراض,شكوى من غموض الشروط,شكوى,استياء,4,لا,0,سلبي,سلبي,مرتبط,نعم,نعم,مرتفع,الاعتراض يمس شفافية التعاقد وهو موضوع حساس يرفع احتمال التصعيد,V2_500
LUB2-V2-0216,أبشر، بحدث بياناتي في الفرع خلال الأسبوع,الوسطى,طُلب من العميل تحديث بياناته في الفرع فوافق وحدد وقتًا مناسبًا له,التزام,قبول حقيقي,قبول,حياد,1,لا,0,إيجابي,إيجابي,مرتبط,نعم,لا,منخفض,التزام إجرائي عادي يمثل التفاعل الطبيعي بلا أي معنى ضمني,V2_500
LUB2-V2-0217,أبشر، بروح الفرع للمرة الرابعة عشان نفس الورقة,الشرقية,طُلب من العميل زيارة الفرع أربع مرات لنفس المستند بسبب تغير المتطلبات,التزام,تهكم على تكرار الإجراء,سخرية,نفاد صبر,4,نعم,4,إيجابي,سلبي,غير مرتبط,نعم,نعم,مرتفع,ذكر تكرار الزيارات يقلب الالتزام الظاهر إلى احتجاج ساخر على سوء الإجراءات,V2_500
LUB2-V2-0218,أشكر الموظفة، خلصت معاملتي قبل ما يقفل الفرع بخمس دقايق,الشمالية,بقيت الموظفة بعد وقت الإغلاق لإنهاء معاملة عميلة جاءت متأخرة,شكر,شكر حقيقي,شكر,امتنان,5,لا,0,إيجابي,إيجابي,مرتبط,نعم,لا,منخفض,تجاوز وقت العمل لخدمة العميلة واقعة محددة تفسر عمق الامتنان,V2_500
LUB2-V2-0219,أبي أقفل الحساب وأنقل تعاملاتي لجهة ثانية,الجنوبية,قرر العميل إنهاء علاقته بعد تراكم مشاكل لم تُحل خلال ستة أشهر,إعلان قرار,تصعيد نهائي بعد استياء متراكم,عدم رضا,إحباط,5,لا,0,محايد,سلبي,مرتبط,نعم,نعم,مرتفع,القرار النهائي بإنهاء العلاقة أعلى درجات التصعيد السلوكي من العميل,V2_500
LUB2-V2-0220,فكرت أقفل الحساب بس تعاملكم معي غير رأيي,الحجازية,كان العميل عازمًا على المغادرة فتواصل معه فريق العناية وحل مشكلته بالكامل,إبلاغ,مدح حقيقي بعد نية سلبية,مدح,رضا,4,لا,0,إيجابي,إيجابي,مرتبط,نعم,لا,منخفض,تغير القرار بعد المعالجة دليل قوي على صدق التقييم الإيجابي,V2_500
LUB2-V2-0221,أنا أرسلت المستند ثلاث مرات والنظام يقول ناقص,الوسطى,رفع العميل نفس المستند ثلاث مرات ويظهر الطلب كغير مكتمل في كل مرة,وصف للوضع,شكوى من خلل تقني,شكوى,إحباط,4,لا,0,سلبي,سلبي,مرتبط,نعم,نعم,متوسط,السرد الوقائعي لتكرار المحاولة يجعل الشكوى محددة وقابلة للتحقق,V2_500
LUB2-V2-0222,النظام قبل المستند من أول مرة وجاني إشعار بالاكتمال,الشرقية,رفع العميل مستندًا وتمت معالجته فورًا مع إشعار تأكيد واضح,إبلاغ,رضا حقيقي,رضا,ارتياح,3,لا,0,إيجابي,إيجابي,مرتبط,نعم,لا,منخفض,سلاسة الإجراء الموصوفة تجعل الجملة تقييمًا إيجابيًا مباشرًا وواقعيًا,V2_500
LUB2-V2-0223,طبعًا الحل هو أروح الفرع، ليش عندنا تطبيق أصلًا,الشمالية,فشل العميل في إنجاز إجراء عبر التطبيق وأُحيل للفرع رغم أن الخدمة معلنة رقميًا,تعليق,انتقاد ساخر لعدم اكتمال الخدمة الرقمية,سخرية,استياء,4,نعم,4,محايد,سلبي,غير مرتبط,نعم,نعم,متوسط,السؤال الإنكاري في الشطر الثاني يكشف احتجاجًا على فجوة بين الوعد والتنفيذ,V2_500
LUB2-V2-0224,كل خدماتي أنجزتها من التطبيق وما احتجت أروح الفرع,الجنوبية,أنجز العميل تحديث بياناته وإصدار بطاقة وتحويلاته رقميًا بالكامل,إبلاغ إيجابي,رضا حقيقي,رضا,رضا,4,لا,0,إيجابي,إيجابي,مرتبط,نعم,لا,منخفض,اكتمال الخدمة رقميًا واقعة محددة تدعم الرضا وتقابل الحالة الساخرة السابقة,V2_500
LUB2-V2-0225,أنا مو مقتنع بالرد، بس ما عندي خيار غير أقبله,الحجازية,أُبلغ العميل برفض اعتراضه بتبرير يراه ضعيفًا ولا يملك وسيلة أخرى للمتابعة,قبول,رفض داخلي مع استسلام,عدم رضا,إحباط,4,لا,0,محايد,سلبي,مرتبط جزئيًا,نعم,نعم,مرتفع,القبول المعلن لا يعكس اقتناعًا بل عجزًا عن المتابعة وهو استياء صريح,V2_500
LUB2-V2-0226,أنا مقتنع بالرد وشكرًا على التفاصيل اللي أرسلتوها,الوسطى,أرسلت الجهة للعميل كشفًا مفصلًا يوضح سبب الخصم فاقتنع به,قبول,قبول حقيقي عن اقتناع,قبول,ارتياح,3,لا,0,إيجابي,إيجابي,مرتبط,نعم,لا,منخفض,التفاصيل المقدمة هي سبب الاقتناع مما يجعل القبول حقيقيًا لا شكليًا,V2_500
LUB2-V2-0227,المتجر باع لي منتج مقلد بسعر الأصلي,الشرقية,اشترى العميل جهازًا وتبين لاحقًا أنه غير أصلي بعد فحصه لدى الوكيل,اتهام,شكوى خطيرة مع مطالبة,شكوى,غضب,5,لا,0,سلبي,سلبي,مرتبط,نعم,نعم,مرتفع,الاتهام يتعلق بغش تجاري موثق مما يجعل التصعيد شبه مؤكد,V2_500
LUB2-V2-0228,المتجر استرجع المنتج المقلد وعوضني بالأصلي فورًا,الشمالية,اكتشف المتجر خطأ في شحنة مورد واستبدل منتجات العملاء على حسابه,إبلاغ,مدح حقيقي للمعالجة,مدح,رضا,4,لا,0,إيجابي,إيجابي,مرتبط,نعم,لا,منخفض,المعالجة السريعة والمسؤولة تحول تجربة سلبية إلى تقييم إيجابي صادق,V2_500
LUB2-V2-0229,السعر في الرف غير السعر في الكاشير,الجنوبية,وجد العميل فرقًا بين السعر المعلن على الرف والمبلغ المحسوب عند الدفع,إبلاغ,شكوى مباشرة,شكوى,انزعاج,3,لا,0,سلبي,سلبي,مرتبط,نعم,نعم,متوسط,بلاغ وقائعي محدد يمثل الشكاوى المباشرة الشائعة في قطاع التجزئة,V2_500
LUB2-V2-0230,الكاشير طبق السعر المعلن على الرف بدون نقاش,الحجازية,اكتشف الكاشير فرقًا في السعر وطبق الأقل احترامًا للسعر المعروض,مدح,مدح حقيقي,مدح,تقدير,3,لا,0,إيجابي,إيجابي,مرتبط,نعم,لا,منخفض,السلوك المهني المذكور يجعل الثناء مرتبطًا بموقف محدد لا بانطباع عام,V2_500
LUB2-V2-0231,خصم خمسين بالمئة على منتجات أسعارها ارتفعت ستين بالمئة,الوسطى,رفع المتجر أسعاره قبل موسم التخفيضات ثم أعلن خصومات كبيرة,وصف للعرض,كشف ساخر لخداع التسعير,سخرية,استياء,4,نعم,4,محايد,سلبي,غير مرتبط,نعم,نعم,متوسط,المقارنة الرقمية تكشف المفارقة وتحول الوصف إلى اتهام ساخر بالتضليل,V2_500
LUB2-V2-0232,العرض كان حقيقي والأسعار فعلًا أقل من قبل الموسم,الشرقية,قارن العميل الأسعار قبل وأثناء العرض ووجد التخفيض حقيقيًا,تعليق,تقدير حقيقي للشفافية,مدح,رضا,3,لا,0,إيجابي,إيجابي,مرتبط,نعم,لا,منخفض,التحقق الفعلي من الأسعار يجعل التقييم الإيجابي مبنيًا على مقارنة موضوعية,V2_500
LUB2-V2-0233,أبي أسترجع المنتج وعندي الفاتورة والتغليف كامل,الشمالية,يريد العميل استرجاع منتج خلال المدة النظامية مع استيفاء كل الشروط,طلب,طلب إجرائي محايد,طلب,حياد,1,لا,0,محايد,محايد,مرتبط,نعم,لا,منخفض,طلب نظامي مستوفٍ للشروط بلا شحنة عاطفية أو اعتراض,V2_500
LUB2-V2-0234,سياسة الاسترجاع أربعة عشر يوم، وأنا جيت في اليوم الثالث ورفضوا,الجنوبية,رُفض طلب استرجاع العميل رغم التزامه بالمدة المعلنة في سياسة المتجر,اعتراض,شكوى مع استشهاد بالسياسة,شكوى,غضب,4,لا,0,سلبي,سلبي,مرتبط,نعم,نعم,مرتفع,الاستشهاد بالسياسة المعلنة يعطي الشكوى قوة ويجعل التصعيد مرجحًا,V2_500
LUB2-V2-0235,الاسترجاع تم في ثلاث دقايق والمبلغ رجع في نفس اللحظة,الحجازية,أنهى المتجر عملية استرجاع العميل بسرعة وأعاد المبلغ فورًا لبطاقته,إبلاغ,رضا حقيقي,رضا,فرح,4,لا,0,إيجابي,إيجابي,مرتبط,نعم,لا,منخفض,السرعة الملموسة في الإجراء هي سبب الرضا مما يجعل التقييم موضوعيًا,V2_500
LUB2-V2-0236,أنا ما أبي أطول، بس الموضوع فيه مبلغ وأنا محتاجه,الوسطى,ينتظر العميل استرجاع مبلغ منذ ثلاثة أسابيع وهو في ضائقة مالية,تلطف,طلب عاجل مع ضغط مالي,طلب,قلق,4,لا,0,محايد,سلبي,مرتبط جزئيًا,نعم,نعم,متوسط,الصياغة المهذبة تخفض النبرة لكن الحاجة المالية ترفع الشحنة العاطفية,V2_500
LUB2-V2-0237,أقترح توضحون الرسوم في صفحة مستقلة قبل التأكيد,الشرقية,فوجئ العميل برسوم عند إتمام العملية واقترح تحسينًا في تجربة المستخدم,اقتراح,اقتراح بنّاء,اقتراح,حياد,2,لا,0,محايد,إيجابي,مرتبط,نعم,لا,منخفض,الاقتراح ناتج عن تجربة مزعجة لكنه مصاغ بلغة تحسينية لا احتجاجية,V2_500
LUB2-V2-0238,الله يعينكم، الزحمة في الفرع من الصبح وأنتم موظفين اثنين بس,الشمالية,يرى العميل ضغطًا كبيرًا على موظفين اثنين في فرع مزدحم منذ الصباح,دعاء,انتقاد لنقص الكوادر مع تعاطف,شكوى,تعاطف,3,لا,0,محايد,سلبي,مرتبط جزئيًا,نعم,نعم,منخفض,التعاطف مع الموظفين حقيقي والنقد موجه للإدارة لا للأشخاص,V2_500
LUB2-V2-0239,الله يعينكم وما تقصرون، خلصتوا الطابور بسرعة رغم الزحمة,الجنوبية,أدار الفرع ازدحامًا كبيرًا بكفاءة وانتهى الطابور بسرعة غير متوقعة,دعاء ومدح,مدح حقيقي,مدح,تقدير,4,لا,0,إيجابي,إيجابي,مرتبط,نعم,لا,منخفض,السياق يوضح أداءً جيدًا فعلًا فالدعاء والمدح متطابقان مع الواقع,V2_500
LUB2-V2-0240,صار لي أسبوع أحاول أفعل المحفظة الرقمية وما تقبل بياناتي,الحجازية,يحاول المستخدم تفعيل محفظة إلكترونية وتُرفض بياناته بلا سبب واضح,وصف للوضع,شكوى تقنية,شكوى,نفاد صبر,3,لا,0,سلبي,سلبي,مرتبط,نعم,نعم,متوسط,بلاغ وقائعي عن تعذر التفعيل مع إشارة لطول المدة دون أي تهكم,V2_500
LUB2-V2-0241,فعلت المحفظة في دقيقتين وربطتها بالبطاقة بدون مشاكل,الوسطى,أنهى المستخدم عملية التفعيل والربط بسرعة وبواجهة واضحة,إبلاغ,رضا حقيقي,رضا,رضا,3,لا,0,إيجابي,إيجابي,مرتبط,نعم,لا,منخفض,التجربة السلسة الموصوفة تجعل التقييم إيجابيًا ومباشرًا بلا مبالغة,V2_500
LUB2-V2-0242,خصموا المبلغ مرتين والعملية وحدة,الشرقية,تكرر خصم مبلغ شراء واحد مرتين من حساب العميل في نفس الدقيقة,إبلاغ,شكوى مالية مباشرة,شكوى,انزعاج,4,لا,0,سلبي,سلبي,مرتبط,نعم,نعم,مرتفع,خطأ مالي واضح وقابل للإثبات يجعل الشكوى وجيهة ويستدعي معالجة عاجلة,V2_500
LUB2-V2-0243,اكتشفوا الخصم المزدوج قبل ما ألاحظه ورجعوا المبلغ,الشمالية,رصد النظام خصمًا مكررًا وأعاده تلقائيًا مع إشعار للعميل,إبلاغ,مدح حقيقي للمبادرة,مدح,تقدير,4,لا,0,إيجابي,إيجابي,مرتبط,نعم,لا,منخفض,المبادرة الاستباقية بالتصحيح سلوك مؤسسي متقدم يبرر التقدير الصادق,V2_500
LUB2-V2-0244,أنا ما أشتكي من الخطأ، أشتكي إني اكتشفته بنفسي بعد شهر,الجنوبية,اكتشف العميل خطأ قديمًا في حسابه لم ترصده الجهة ولم تبلغه به,توضيح,شكوى محددة عن غياب الرقابة,شكوى,استياء,4,لا,0,محايد,سلبي,مرتبط,نعم,نعم,متوسط,التمييز الدقيق بين الخطأ وعدم اكتشافه يوجه الشكوى نحو ضعف آليات المراجعة,V2_500
LUB2-V2-0245,أول مرة أشوف جهة ترسل لي ملخص شهري مفهوم بدون مصطلحات معقدة,الحجازية,أرسلت الجهة كشفًا مبسطًا للعميل يوضح مصاريفه بلغة واضحة,اندهاش,مدح حقيقي,مدح,رضا,4,لا,0,إيجابي,إيجابي,مرتبط,نعم,لا,منخفض,البساطة في العرض ميزة محددة يذكرها العميل مما يجعل الثناء مبنيًا على أثر واقعي,V2_500
LUB2-V2-0246,أول مرة أشوف كشف حساب يحتاج مترجم,الوسطى,أرسلت الجهة للعميل كشفًا مليئًا بالرموز والمصطلحات غير المفهومة,اندهاش,انتقاد ساخر لغموض الكشف,سخرية,انزعاج,3,نعم,4,محايد,سلبي,غير مرتبط,نعم,نعم,منخفض,المبالغة في وصف الحاجة لمترجم أسلوب تهكمي يبرز غموض المستند,V2_500
LUB2-V2-0247,أبي أعرف ليش رفضتوا تحديث رقم جوالي وأنا في الفرع بهويتي,الشرقية,رُفض تحديث بيانات العميل رغم حضوره شخصيًا بوثائقه الرسمية,استفسار,اعتراض على إجراء غير مفهوم,شكوى,ارتباك,3,لا,0,محايد,سلبي,مرتبط,نعم,نعم,متوسط,السؤال يحمل اعتراضًا مبنيًا على تناقض بين الإجراء المتبع والوضع الفعلي,V2_500
LUB2-V2-0248,حدثوا رقمي في دقيقة بعد التحقق من الهوية,الشمالية,أنجز الموظف تحديث بيانات العميل بسرعة بعد إجراءات التحقق المعتادة,إبلاغ,رضا حقيقي,رضا,ارتياح,3,لا,0,إيجابي,إيجابي,مرتبط,نعم,لا,منخفض,كفاءة الإجراء المذكورة تجعل التقييم إيجابيًا وتقابل الحالة السابقة,V2_500
LUB2-V2-0249,بصراحة تعبت من كثر ما أعيد نفس الشكوى لكل موظف جديد,الجنوبية,تنقلت شكوى العميل بين خمسة موظفين وكل واحد يبدأ من الصفر,تعبير عن التعب,شكوى من انقطاع السياق,شكوى,إحباط,5,لا,0,سلبي,سلبي,مرتبط,نعم,نعم,مرتفع,التصريح بالتعب مع وصف التكرار يجعل الإحباط في أعلى مستوياته,V2_500
LUB2-V2-0250,الموظف الجديد كان مطلع على كل تفاصيل شكواي من غير ما أعيد,الحجازية,قرأ الموظف سجل الحالة كاملًا قبل التواصل مع العميل واستكمل من حيث توقف السابق,مدح,مدح حقيقي,مدح,ارتياح,4,لا,0,إيجابي,إيجابي,مرتبط,نعم,لا,منخفض,الاستعداد المسبق للموظف سلوك محدد يفسر التقييم الإيجابي ويقابل الحالة السابقة,V2_500
LUB2-V2-0251,خذوا وقتكم في دراسة الطلب، أنا قدمته قبل ثلاثة أشهر,الوسطى,طلب من العميل مزيد من الوقت لدراسة طلب قدمه منذ ثلاثة أشهر,منح مهلة,تهكم على طول المدة,سخرية,نفاد صبر,4,نعم,4,محايد,سلبي,غير مرتبط,نعم,نعم,مرتفع,منح المهلة الظاهر يناقضه ذكر المدة المنقضية فيتحول لاحتجاج ساخر,V2_500
LUB2-V2-0252,خذوا وقتكم، الطلب مو مستعجل وأنا قدمته للسنة الجاية,الشرقية,قدم العميل طلبًا مبكرًا لخدمة يحتاجها بعد أشهر وأبلغ الجهة بمرونته,منح مهلة,مرونة حقيقية,تهدئة,حياد,1,لا,0,محايد,إيجابي,مرتبط,نعم,لا,منخفض,السياق يوضح أن الطلب غير عاجل فعلًا فالمهلة الممنوحة صادقة,V2_500
LUB2-V2-0253,أنا مسؤول عن الخطأ، حولت بدون ما أتأكد من الرقم,الشمالية,أقر العميل بأن خطأ التحويل كان بسببه ولم يحمّل الجهة المسؤولية,إقرار,اعتراف حقيقي بالمسؤولية,تبرير,ارتباك,3,لا,0,سلبي,إيجابي,غير مرتبط,نعم,لا,منخفض,الجملة سلبية ظاهريًا لأنها لوم للذات لكن مقصدها موقف ناضج ومنصف,V2_500
LUB2-V2-0254,أكيد الغلط مني لأني وثقت في الإشعار اللي أرسلتوه,الجنوبية,اعتمد العميل على إشعار رسمي من الجهة تبين لاحقًا أنه خاطئ وحُمّل نتيجته,إقرار,رفض ساخر لتحميله المسؤولية,سخرية,غضب,4,نعم,5,محايد,سلبي,غير مرتبط,نعم,نعم,مرتفع,إقرار الخطأ مقلوب تمامًا لأن المتحدث يحتج على تحميله نتيجة خطأ الجهة,V2_500
LUB2-V2-0255,أشكر فريق العناية، تابعوا معي كل يومين لين ما انتهت القضية,الحجازية,تابعت الجهة مع العميل باستمرار حتى إغلاق شكواه بشكل مرضٍ,شكر,شكر حقيقي,شكر,امتنان,5,لا,0,إيجابي,إيجابي,مرتبط,نعم,لا,منخفض,انتظام المتابعة المذكور يعطي الشكر مصداقية ويربطه بسلوك موثق,V2_500
LUB2-V2-0256,رفعت شكوى للجهة الرقابية بعد ما ما لقيت حل عندكم,الوسطى,صعّد العميل شكواه رسميًا بعد أربعين يومًا من المتابعة دون نتيجة,إبلاغ بالتصعيد,تصعيد رسمي فعلي,تحذير,غضب,5,لا,0,سلبي,سلبي,مرتبط,نعم,نعم,مرتفع,الجملة إبلاغ بتصعيد وقع فعلًا وليست تهديدًا مما يجعلها أعلى درجات الخطورة,V2_500
LUB2-V2-0257,أنا مو ضد الرسوم، أنا ضد إني أعرف عنها بعد الخصم,الشرقية,خُصمت رسوم من حساب العميل دون إشعار مسبق رغم وجود بند يجيزها,توضيح,اعتراض محدد على آلية الإشعار,شكوى,استياء,3,لا,0,محايد,سلبي,مرتبط,نعم,نعم,متوسط,الاعتراض دقيق ويستهدف التوقيت لا المبدأ وهو تمييز مهم في تحليل الشكاوى,V2_500
LUB2-V2-0258,وصلني إشعار قبل الخصم بثلاثة أيام وشرح واضح للسبب,الشمالية,أرسلت الجهة إشعارًا مسبقًا يوضح الرسوم وسببها قبل تطبيقها,إبلاغ إيجابي,رضا حقيقي عن الشفافية,رضا,ارتياح,3,لا,0,إيجابي,إيجابي,مرتبط,نعم,لا,منخفض,الإشعار المسبق يعالج بالضبط ما اشتكت منه الحالة السابقة فيصبح التقييم إيجابيًا,V2_500
LUB2-V2-0259,ممكن تعطوني رقم مرجعي للشكوى عشان أتابعها,الجنوبية,يطلب العميل رقم متابعة لشكواه لتنظيم تواصله مع الجهة,طلب,طلب إجرائي محايد,طلب,حياد,1,لا,0,محايد,محايد,مرتبط,نعم,لا,منخفض,طلب تنظيمي بسيط ومعقول لا يحمل شكوى أو شحنة عاطفية,V2_500
LUB2-V2-0260,الحمد لله انتهت القضية ورجع لي حقي كامل,الحجازية,أُغلقت شكوى العميل بإعادة كامل المبلغ المتنازع عليه بعد المراجعة,حمد وارتياح,رضا حقيقي,رضا,ارتياح,4,لا,0,إيجابي,إيجابي,مرتبط,نعم,لا,منخفض,النتيجة النهائية المرضية تجعل الحمد تعبيرًا صادقًا عن ارتياح فعلي,V2_500
LUB2-V2-0261,ما شاء الله على التواصل، عرفت بغياب ابني من جاره,الوسطى,تغيب الطالب يومين ولم تبلغ المدرسة ولي أمره وعلم بالصدفة من جار الأسرة,مدح للتواصل,انتقاد ساخر لغياب الإبلاغ,سخرية,غضب,4,نعم,4,إيجابي,سلبي,غير مرتبط,نعم,نعم,مرتفع,المدح الظاهر للتواصل يناقضه وصف الواقعة مما يجعله اتهامًا بالتقصير,V2_500
LUB2-V2-0262,وصلني إشعار بغياب ابني خلال نص ساعة من بداية الحصة,الشرقية,أرسل نظام المدرسة تنبيهًا فوريًا لولي الأمر عند رصد غياب الطالب,إبلاغ إيجابي,مدح حقيقي للنظام,مدح,رضا,4,لا,0,إيجابي,إيجابي,مرتبط,نعم,لا,منخفض,السرعة المذكورة تجعل التقييم مبنيًا على أداء فعلي وتقابل الحالة السابقة,V2_500
LUB2-V2-0263,المعلمة اتصلت تشرح لي وضع ابنتي الدراسي وتقترح خطة,الشمالية,بادرت المعلمة بالتواصل مع ولية الأمر لمناقشة تراجع مستوى الطالبة واقتراح حلول,مدح,شكر وتقدير حقيقي,مدح,تقدير,4,لا,0,إيجابي,إيجابي,مرتبط,نعم,لا,منخفض,المبادرة بالتواصل واقتراح الحلول سلوك مهني محدد يبرر الثناء,V2_500
LUB2-V2-0264,أنا أرسلت ثلاث رسائل للمدرسة وما جاني رد,الجنوبية,راسل ولي الأمر إدارة المدرسة ثلاث مرات بخصوص مشكلة ابنه دون أي استجابة,وصف للوضع,شكوى من انعدام التواصل,شكوى,إحباط,4,لا,0,سلبي,سلبي,مرتبط,نعم,نعم,مرتفع,تجاهل ثلاث رسائل يوثق خللًا في التواصل ويبرر ارتفاع احتمال التصعيد,V2_500
LUB2-V2-0265,يعطيكم العافية على الاجتماع، حددتوه في وقت الدوام لكل الأهالي,الحجازية,حددت المدرسة اجتماع أولياء الأمور في منتصف يوم عمل رسمي,شكر,تهكم على سوء اختيار التوقيت,سخرية,انزعاج,3,نعم,3,إيجابي,سلبي,غير مرتبط,نعم,نعم,متوسط,الشكر الظاهر يليه وصف يكشف عدم مراعاة ظروف أولياء الأمور فينقلب لتهكم,V2_500
LUB2-V2-0266,يعطيكم العافية، سويتوا الاجتماع مساءً عشان الكل يقدر يحضر,الوسطى,اختارت المدرسة موعدًا مسائيًا لاجتماع أولياء الأمور مراعاة لأوقات عملهم,شكر,شكر حقيقي,شكر,تقدير,3,لا,0,إيجابي,إيجابي,مرتبط,نعم,لا,منخفض,مراعاة ظروف الأهالي سلوك محدد يجعل الشكر مبنيًا على قرار ملموس,V2_500
LUB2-V2-0267,أبي أعرف موعد تسليم الكتب للصف الأول,الشرقية,تستفسر ولية أمر عن جدول توزيع الكتب قبل بداية العام الدراسي,استفسار,استفسار حقيقي,استفسار,حياد,1,لا,0,محايد,محايد,مرتبط,نعم,لا,منخفض,سؤال تنظيمي بسيط بلا شحنة عاطفية يمثل التواصل الطبيعي مع المدرسة,V2_500
LUB2-V2-0268,ابني في الصف الثالث وللحين ما استلم كتب الرياضيات,الشمالية,مضى شهر على بداية الدراسة والطالب لم يستلم أحد كتبه الأساسية,وصف للوضع,شكوى مباشرة,شكوى,قلق,4,لا,0,سلبي,سلبي,مرتبط,نعم,نعم,متوسط,المشكلة تؤثر على تحصيل الطالب مباشرة مما يرفع جدية الشكوى,V2_500
LUB2-V2-0269,طبعًا الحل هو إني أشتري الكتاب من برى,الجنوبية,نصحت المدرسة أولياء الأمور بشراء الكتب من السوق بسبب تأخر التوريد,تعليق,انتقاد ساخر للحل المقترح,سخرية,استياء,4,نعم,4,محايد,سلبي,غير مرتبط,نعم,نعم,متوسط,كلمة طبعًا تكشف توقعًا ساخرًا واعتراضًا على تحميل الأسرة تبعات التقصير,V2_500
LUB2-V2-0270,المدرسة وزعت الكتب قبل بداية العام بأسبوع,الحجازية,أنهت المدرسة توزيع الكتب على الطلاب مبكرًا قبل انطلاق الدراسة,إبلاغ إيجابي,رضا حقيقي,رضا,ارتياح,3,لا,0,إيجابي,إيجابي,مرتبط,نعم,لا,منخفض,الإنجاز المبكر واقعة محددة تجعل التقييم إيجابيًا ومباشرًا,V2_500
LUB2-V2-0271,درجات ابني نزلت وأنا ما أعرف السبب من أحد,الوسطى,تراجع مستوى الطالب دراسيًا دون أي تواصل من المدرسة لشرح الأسباب,وصف للوضع,شكوى من غياب المتابعة,شكوى,قلق,4,لا,0,سلبي,سلبي,مرتبط,نعم,نعم,متوسط,قلق ولي الأمر مشروع لأن غياب المعلومة يمنعه من التدخل المناسب,V2_500
LUB2-V2-0272,أنا ما ألوم المعلمة، الفصل فيه أربعين طالب,الشرقية,لاحظ ولي الأمر ضعف المتابعة الفردية وأرجعه لكثافة الفصول لا لتقصير المعلمة,توضيح,شكوى موجهة للنظام لا للشخص,شكوى,تعاطف,3,لا,0,محايد,سلبي,مرتبط,نعم,نعم,منخفض,التمييز بين المعلمة والظرف التنظيمي يجعل الشكوى منصفة وموجهة للإدارة,V2_500
LUB2-V2-0273,شكرًا للمعلم، شرح لابني الدرس بعد الدوام بدون مقابل,الشمالية,بقي المعلم بعد انتهاء الدوام ليشرح لطالب متعثر دون أي أجر إضافي,شكر,شكر حقيقي,شكر,امتنان,5,لا,0,إيجابي,إيجابي,مرتبط,نعم,لا,منخفض,التطوع خارج وقت العمل واقعة محددة تفسر ارتفاع درجة الامتنان,V2_500
LUB2-V2-0274,ولا يهمك يا أستاذ، ابني بيتعلم بالفطرة,الجنوبية,تغيب المعلم عن حصص المادة شهرًا دون بديل ولم يُشرح أي درس جديد,تهوين,تهكم على غياب التعليم,سخرية,استياء,4,نعم,5,إيجابي,سلبي,غير مرتبط,نعم,نعم,مرتفع,التهوين الظاهر يصطدم بواقع انقطاع التعليم مما يجعله انتقادًا لاذعًا,V2_500
LUB2-V2-0275,ولا يهمك يا أستاذ، ابني راجع الدرس في البيت وفهمه,الحجازية,اعتذر المعلم لتأخره في شرح درس بسبب ظرف صحي وطمأنه ولي الأمر,تهوين,طمأنة حقيقية,تهدئة,حياد,2,لا,0,إيجابي,إيجابي,مرتبط,نعم,لا,منخفض,السياق يوضح تعويض النقص فعليًا فالتهوين صادق ويقابل الحالة الساخرة,V2_500
LUB2-V2-0276,الرسوم ارتفعت والحافلة نفسها من ست سنين,الوسطى,رفعت المدرسة رسوم النقل دون تحسين أو تجديد في وسائل النقل,اعتراض,شكوى من رفع الرسوم بلا مقابل,شكوى,استياء,4,لا,0,سلبي,سلبي,مرتبط,نعم,نعم,متوسط,المقارنة بين الزيادة وثبات الخدمة تعطي الاعتراض حجة موضوعية,V2_500
LUB2-V2-0277,الحافلة الجديدة مكيفة وفيها مشرفة والسائق ملتزم بالمواعيد,الشرقية,جددت المدرسة أسطول النقل ووظفت مشرفات مع التزام دقيق بالمواعيد,مدح,رضا حقيقي,رضا,رضا,4,لا,0,إيجابي,إيجابي,مرتبط,نعم,لا,منخفض,التحسينات المذكورة محددة وملموسة مما يجعل التقييم الإيجابي موثقًا,V2_500
LUB2-V2-0278,الحافلة تأخرت أربعين دقيقة وابنتي واقفة برى في البرد,الشمالية,تأخرت حافلة المدرسة عن موعد نقل الطالبة في يوم شديد البرودة,وصف للوضع,شكوى عاجلة مع قلق,شكوى,قلق,5,لا,0,سلبي,سلبي,مرتبط,نعم,نعم,مرتفع,وجود طفلة في ظرف جوي صعب يرفع الشحنة العاطفية وخطورة الموقف,V2_500
LUB2-V2-0279,أبشر، بحضر اجتماع أولياء الأمور بكرة,الجنوبية,أكد ولي الأمر حضوره لاجتماع دوري محدد مسبقًا في وقت مناسب له,التزام,قبول حقيقي,قبول,حياد,1,لا,0,إيجابي,إيجابي,مرتبط,نعم,لا,منخفض,التزام بسيط يمثل التفاعل الطبيعي مع المدرسة بلا أي معنى ضمني,V2_500
LUB2-V2-0280,أبشر، بحضر الاجتماع الخامس اللي ما يتغير بعده شي,الحجازية,حضر ولي الأمر أربعة اجتماعات سابقة نوقشت فيها نفس المشكلات بلا معالجة,التزام,تهكم على عقم الاجتماعات,سخرية,إحباط,4,نعم,4,إيجابي,سلبي,غير مرتبط,نعم,نعم,متوسط,الوصف المضاف يقلب الالتزام الظاهر إلى احتجاج على غياب النتائج,V2_500
LUB2-V2-0281,المقصف يبيع أشياء ما تصلح للأطفال,الوسطى,لاحظ ولي أمر أن مقصف المدرسة يبيع منتجات عالية السكر بلا رقابة غذائية,اعتراض,شكوى مع مطالبة بالتدخل,شكوى,قلق,3,لا,0,سلبي,سلبي,مرتبط,نعم,نعم,متوسط,الاعتراض يتعلق بصحة الأطفال مما يجعله شكوى جدية تستدعي مراجعة,V2_500
LUB2-V2-0282,المقصف صار يبيع وجبات صحية والأسعار معقولة,الشرقية,غيرت المدرسة سياسة المقصف وأدخلت خيارات صحية بأسعار مناسبة,مدح,رضا حقيقي,رضا,رضا,3,لا,0,إيجابي,إيجابي,مرتبط,نعم,لا,منخفض,التغيير الإيجابي الموصوف واقعي ومحدد مما يجعل الرضا مبنيًا على تحسن فعلي,V2_500
LUB2-V2-0283,أنا ما أشتكي من الواجبات، أشتكي إنها تنزل الساعة عشر بالليل,الشمالية,تُرسل الواجبات لأولياء الأمور في وقت متأخر مما يربك جدول الأسرة,توضيح,شكوى محددة عن التوقيت,شكوى,انزعاج,3,لا,0,محايد,سلبي,مرتبط,نعم,نعم,متوسط,الجملة تحدد بدقة موضع الاعتراض وهو التوقيت لا مبدأ الواجبات,V2_500
LUB2-V2-0284,أعتذر إني سألت عن سبب الدرجة,الجنوبية,سأل ولي أمر عن آلية تصحيح اختبار فرد المعلم بنبرة تشكك في نيته,اعتذار,احتجاج ساخر على أسلوب الرد,سخرية,انزعاج,4,نعم,4,محايد,سلبي,غير مرتبط,نعم,نعم,متوسط,صيغة الاعتذار مقلوبة وتستخدم للاعتراض على تلقي سؤال مشروع بسوء ظن,V2_500
LUB2-V2-0285,أعتذر عن تأخري في تسليم ملف ابني الصحي,الحجازية,تأخر ولي الأمر في تقديم مستند مطلوب من المدرسة واعتذر عن التأخير,اعتذار,اعتذار حقيقي,اعتذار,ارتباك,2,لا,0,محايد,محايد,مرتبط,نعم,لا,منخفض,اعتذار بسيط ومباشر بلا أي نبرة احتجاجية أو تهكمية,V2_500
LUB2-V2-0286,المدرسة تواصلت معي قبل ما تتخذ أي إجراء مع ابني,الوسطى,أبلغت الإدارة ولي الأمر بسلوك الطالب وناقشت معه الحلول قبل أي عقوبة,مدح,تقدير حقيقي للنهج التربوي,مدح,تقدير,4,لا,0,إيجابي,إيجابي,مرتبط,نعم,لا,منخفض,إشراك الأسرة قبل القرار سلوك تربوي محدد يبرر التقدير الصادق,V2_500
LUB2-V2-0287,عاقبوا ابني وأنا ما عرفت إلا بعد أسبوع,الشرقية,اتخذت المدرسة إجراءً بحق الطالب دون إبلاغ ولي أمره إلا متأخرًا,سرد واقعة,شكوى من تجاوز دور الأسرة,شكوى,غضب,4,لا,0,سلبي,سلبي,مرتبط,نعم,نعم,مرتفع,تجاوز إشراك ولي الأمر في قرار يخص ابنه يرفع حساسية الموقف واحتمال التصعيد,V2_500
LUB2-V2-0288,أقترح تسوون مجموعة لكل فصل عشان التواصل يكون أسرع,الشمالية,لاحظ ولي أمر بطء قنوات التواصل الرسمية واقترح حلًا عمليًا للإدارة,اقتراح,اقتراح بنّاء,اقتراح,حياد,2,لا,0,محايد,إيجابي,مرتبط,نعم,لا,منخفض,الاقتراح عملي ومصاغ بلغة تحسينية لا احتجاجية رغم نشأته من مشكلة,V2_500
LUB2-V2-0289,الدورة كانت ممتازة، المدرب أعطى أمثلة من واقع الشغل,الجنوبية,حضر موظف دورة تدريبية عملية قدمها مدرب بخبرة ميدانية واضحة,مدح,مدح حقيقي,مدح,رضا,4,لا,0,إيجابي,إيجابي,مرتبط,نعم,لا,منخفض,الميزة المذكورة محددة وهي الربط بالواقع مما يجعل الثناء موثقًا,V2_500
LUB2-V2-0290,الدورة ممتازة، المدرب يقرأ من الشرائح وإحنا نقرأ معه,الحجازية,حضر متدربون دورة اكتفى فيها المدرب بقراءة محتوى العرض دون شرح,مدح,انتقاد ساخر لضعف التدريب,سخرية,انزعاج,3,نعم,4,إيجابي,سلبي,غير مرتبط,نعم,نعم,متوسط,الوصف المرافق يكشف غياب أي قيمة مضافة فينقلب المدح إلى تهكم,V2_500
LUB2-V2-0291,أبي أعرف هل الشهادة معتمدة قبل ما أسجل,الوسطى,يستفسر متدرب عن اعتماد شهادة دورة قبل دفع رسومها,استفسار,استفسار حقيقي,استفسار,حياد,1,لا,0,محايد,محايد,مرتبط,نعم,لا,منخفض,سؤال معلوماتي بحت يمثل السلوك الطبيعي قبل اتخاذ قرار شرائي,V2_500
LUB2-V2-0292,دفعت رسوم الدورة والشهادة ما وصلت من ثلاثة أشهر,الشرقية,أنهى المتدرب الدورة ودفع رسومها ولم يستلم شهادته رغم المتابعة,وصف للوضع,شكوى مباشرة,شكوى,إحباط,4,لا,0,سلبي,سلبي,مرتبط,نعم,نعم,مرتفع,وجود مقابل مالي مدفوع مع عدم تسليم المنتج يجعل الشكوى وجيهة وحادة,V2_500
LUB2-V2-0293,الشهادة وصلتني بالإيميل بعد يومين من نهاية الدورة,الشمالية,أصدرت الجهة التدريبية الشهادة بسرعة وأرسلتها إلكترونيًا للمتدرب,إبلاغ إيجابي,رضا حقيقي,رضا,ارتياح,3,لا,0,إيجابي,إيجابي,مرتبط,نعم,لا,منخفض,السرعة في الإصدار واقعة محددة تدعم التقييم الإيجابي وتقابل الحالة السابقة,V2_500
LUB2-V2-0294,أنا ما توقعت إن الدورة تغير طريقة شغلي كلها,الجنوبية,طبق الموظف ما تعلمه في دورة وتحسنت إنتاجيته بشكل ملحوظ,اندهاش إيجابي,مدح حقيقي,مدح,فرح,5,لا,0,إيجابي,إيجابي,مرتبط,نعم,لا,منخفض,الأثر العملي المذكور يجعل التقييم الإيجابي مبنيًا على نتيجة ملموسة,V2_500
LUB2-V2-0295,المحتوى نفسه اللي في الإنترنت مجانًا وأنا دفعت ألفين,الحجازية,اكتشف المتدرب أن محتوى الدورة منسوخ من مصادر مجانية متاحة للجميع,اعتراض,شكوى مع شعور بالغبن,شكوى,خيبة أمل,4,لا,0,سلبي,سلبي,مرتبط,نعم,نعم,مرتفع,المقارنة بين المدفوع والمتاح مجانًا تعطي الشكوى وزنًا وتبرر خيبة الأمل,V2_500
LUB2-V2-0296,التسجيل كان سهل والمنصة ما علقت ولا مرة,الوسطى,سجل المتدرب في برنامج إلكتروني وعملت المنصة بكفاءة طوال المدة,مدح,رضا حقيقي,رضا,رضا,3,لا,0,إيجابي,إيجابي,مرتبط,نعم,لا,منخفض,التقييم التقني الإيجابي مبني على تجربة استخدام فعلية بلا مبالغة,V2_500
LUB2-V2-0297,المنصة تعلق كل خمس دقايق والمحاضرة مسجلة أصلًا,الشرقية,تعطلت منصة البث المباشر مرارًا رغم أن المحتوى المعروض مسجل مسبقًا,وصف للوضع,شكوى تقنية مع تعجب ضمني,شكوى,انزعاج,3,نعم,2,سلبي,سلبي,مرتبط جزئيًا,نعم,نعم,متوسط,الإشارة لكون المحتوى مسجلًا تحمل تهكمًا خفيفًا على عدم مبرر العطل,V2_500
LUB2-V2-0298,صراحة تعبت أتابع مع الإدارة بدون نتيجة,الشمالية,تابع ولي الأمر مشكلة نقل ابنه بين الفصول لشهرين دون أي تقدم,تعبير عن التعب,شكوى من الجمود الإداري,شكوى,إحباط,5,لا,0,سلبي,سلبي,مرتبط,نعم,نعم,مرتفع,التصريح بالتعب مع طول المدة يجعل الإحباط في أعلى مستوياته,V2_500
LUB2-V2-0299,خلصوا طلب النقل خلال يومين بعد ما شرحت الظرف,الجنوبية,استجابت الإدارة لطلب نقل الطالب بسرعة بعد توضيح ظرف الأسرة,إبلاغ,شكر ورضا حقيقي,شكر,ارتياح,4,لا,0,إيجابي,إيجابي,مرتبط,نعم,لا,منخفض,الاستجابة السريعة للظرف الإنساني تجعل التقييم إيجابيًا ومبررًا,V2_500
LUB2-V2-0300,ما شاء الله على الجدول، حصة رياضة بين اختبارين,الحجازية,وُضعت حصة نشاط بدني بين اختبارين نهائيين في نفس اليوم للطلاب,مدح للجدول,انتقاد ساخر لسوء الجدولة,سخرية,انزعاج,3,نعم,4,إيجابي,سلبي,غير مرتبط,نعم,نعم,منخفض,المفارقة بين المدح والوصف تكشف اعتراضًا على تنظيم غير مدروس,V2_500
LUB2-V2-0301,الجدول مريح ومراعي أوقات الاختبارات,الوسطى,وزعت المدرسة الاختبارات بفواصل زمنية مناسبة تتيح للطلاب المراجعة,مدح,رضا حقيقي,رضا,ارتياح,3,لا,0,إيجابي,إيجابي,مرتبط,نعم,لا,منخفض,التوزيع المدروس المذكور يجعل التقييم إيجابيًا ومبنيًا على قرار ملموس,V2_500
LUB2-V2-0302,أنا موافق على البرنامج الإضافي بس أبي أعرف تكلفته,الشرقية,عُرض على ولي أمر تسجيل ابنه في برنامج إثرائي دون ذكر الرسوم,موافقة مشروطة,قبول حقيقي مع استفسار,استفسار,حياد,2,لا,0,إيجابي,محايد,مرتبط جزئيًا,نعم,لا,منخفض,الموافقة صادقة والشرط معلوماتي مشروع لا يحمل اعتراضًا أو تشككًا,V2_500
LUB2-V2-0303,أشكر المرشد الطلابي، لاحظ تغير سلوك ابنتي قبلنا إحنا,الشمالية,رصد المرشد تغيرًا في حالة الطالبة النفسية وتواصل مع الأسرة مبكرًا,شكر,شكر حقيقي وتقدير,شكر,امتنان,5,لا,0,إيجابي,إيجابي,مرتبط,نعم,لا,منخفض,الانتباه المبكر لحالة الطالبة سلوك مهني نادر يفسر عمق الامتنان,V2_500
LUB2-V2-0304,ابني يشتكي من زميله من شهر والمدرسة تقول أمور طبيعية,الجنوبية,أبلغ ولي الأمر عن تنمر متكرر على ابنه وتم التقليل من شأن الشكوى,سرد واقعة,شكوى جدية مع اعتراض على التهوين,شكوى,غضب,5,لا,0,سلبي,سلبي,مرتبط,نعم,نعم,مرتفع,تجاهل شكوى تتعلق بسلامة الطالب النفسية يجعل الموقف بالغ الحساسية,V2_500
LUB2-V2-0305,المدرسة تدخلت فورًا وحلت المشكلة بين الطالبين بحكمة,الحجازية,عالجت الإدارة خلافًا بين طالبين بجلسة إرشادية ومتابعة أسبوعية,مدح,مدح حقيقي,مدح,رضا,4,لا,0,إيجابي,إيجابي,مرتبط,نعم,لا,منخفض,التدخل السريع والمنهجي واقعة محددة تبرر الثناء وتقابل الحالة السابقة,V2_500
LUB2-V2-0306,أنا مو مستعجل على النتيجة، بس الفصل خلص من أسبوعين,الوسطى,انتهى الفصل الدراسي ولم تُعلن نتائج الطلاب رغم انقضاء المدة المعتادة,نفي الاستعجال,شكوى مغلفة بنفي الاستعجال,شكوى,نفاد صبر,3,نعم,2,محايد,سلبي,غير مرتبط,نعم,نعم,متوسط,نفي الاستعجال تلطيف شكلي ينقضه ذكر المدة التي تكشف تأخرًا فعليًا,V2_500
LUB2-V2-0307,أنا مو مستعجل على النتيجة، أعرف إن التصحيح يحتاج وقت,الشرقية,انتهت الاختبارات قبل ثلاثة أيام وولي الأمر يتفهم مدة التصحيح المعتادة,نفي الاستعجال,تفهم حقيقي,تهدئة,حياد,1,لا,0,محايد,إيجابي,مرتبط,نعم,لا,منخفض,السياق يؤكد معقولية المدة فنفي الاستعجال صادق ويقابل الحالة السابقة,V2_500
LUB2-V2-0308,الكل يتكلم عن التعليم عن بعد وإحنا للحين ما فتح الرابط,الشمالية,فشل الطلاب في الدخول لمنصة الحصص الافتراضية في اليوم الأول للتطبيق,تعليق,شكوى من فشل التطبيق العملي,شكوى,إحباط,3,نعم,2,محايد,سلبي,مرتبط جزئيًا,نعم,نعم,متوسط,المقارنة بين الحديث النظري والواقع تحمل تهكمًا خفيفًا على فجوة التنفيذ,V2_500
LUB2-V2-0309,الحصص الافتراضية اشتغلت بدون مشاكل والتسجيل متاح بعدها,الجنوبية,نجحت المدرسة في تشغيل المنصة وأتاحت التسجيلات للطلاب لاحقًا,إبلاغ إيجابي,رضا حقيقي,رضا,رضا,3,لا,0,إيجابي,إيجابي,مرتبط,نعم,لا,منخفض,نجاح التنفيذ الموصوف يجعل التقييم إيجابيًا ويقابل الحالة السابقة,V2_500
LUB2-V2-0310,أنا غلطت إني ما تابعت درجاته أول بأول,الحجازية,اكتشف ولي الأمر تراجع ابنه متأخرًا واعترف بتقصيره في المتابعة,إقرار بالخطأ,اعتراف حقيقي بالمسؤولية,تبرير,ارتباك,3,لا,0,سلبي,إيجابي,غير مرتبط,نعم,لا,منخفض,الجملة سلبية ظاهريًا لأنها لوم للذات لكن مقصدها موقف ناضج ومسؤول,V2_500
LUB2-V2-0311,أكيد التقصير مني لأني ما قدرت أتابع المنصة اللي تتعطل يوميًا,الوسطى,حُمّل ولي الأمر مسؤولية عدم متابعة درجات ابنه رغم تعطل المنصة باستمرار,إقرار,رفض ساخر لتحميله المسؤولية,سخرية,استياء,4,نعم,4,محايد,سلبي,غير مرتبط,نعم,نعم,متوسط,الإقرار مقلوب المعنى ويستخدم للاعتراض على إلقاء اللوم رغم وجود عائق تقني,V2_500
LUB2-V2-0312,طلبت تقرير مستوى مفصل وجاني ورقة فيها ثلاث كلمات,الشرقية,طلب ولي الأمر تقريرًا تفصيليًا عن أداء ابنته فتلقى تقييمًا عامًا مقتضبًا,وصف للوضع,شكوى من سطحية التقرير,شكوى,خيبة أمل,3,لا,0,سلبي,سلبي,مرتبط,نعم,نعم,متوسط,المقارنة بين المطلوب والمستلم تكشف قصورًا واضحًا في الاستجابة,V2_500
LUB2-V2-0313,التقرير جا مفصل وفيه ملاحظات لكل مادة وتوصيات,الشمالية,أعدت المعلمة تقريرًا شاملًا لكل مادة مع توصيات عملية لولي الأمر,مدح,مدح حقيقي,مدح,تقدير,4,لا,0,إيجابي,إيجابي,مرتبط,نعم,لا,منخفض,التفصيل الموصوف يجعل التقييم الإيجابي مبنيًا على منتج ملموس,V2_500
LUB2-V2-0314,براحتكم في الرد، السنة الدراسية طويلة,الجنوبية,لم ترد المدرسة على استفسار ولي الأمر منذ ثلاثة أسابيع,منح مهلة,تهكم على بطء الرد,سخرية,نفاد صبر,4,نعم,4,محايد,سلبي,غير مرتبط,نعم,نعم,متوسط,منح المهلة الظاهر يحمل تهكمًا واضحًا على بطء الاستجابة الممتد,V2_500
LUB2-V2-0315,براحتكم في الرد، السؤال مو عاجل وينفع بعد الاختبارات,الحجازية,أرسل ولي أمر استفسارًا عن أنشطة الفصل القادم في وقت ضغط الاختبارات,منح مهلة,مرونة حقيقية,تهدئة,حياد,1,لا,0,محايد,إيجابي,مرتبط,نعم,لا,منخفض,تحديد أن السؤال غير عاجل فعلًا يجعل المهلة صادقة وتقابل الحالة السابقة,V2_500
LUB2-V2-0316,ابنتي رجعت من المدرسة تحكي عن تجربة العلوم بحماس,الوسطى,نفذت المعلمة تجربة عملية في الحصة تركت أثرًا إيجابيًا لدى الطالبة,تعليق,مدح حقيقي غير مباشر,مدح,فرح,4,لا,0,إيجابي,إيجابي,مرتبط,نعم,لا,منخفض,المدح غير مباشر لكنه صادق لأنه يستند لأثر ملموس على سلوك الطالبة,V2_500
LUB2-V2-0317,أقدر جهودكم، بس عدد الطلاب في الفصل صار فوق الطاقة,الشرقية,زاد عدد طلاب الفصل الواحد بشكل كبير مما أثر على جودة التعليم,تقدير مع اعتراض,شكوى مهذبة موجهة للإدارة,شكوى,قلق,3,لا,0,محايد,سلبي,مرتبط جزئيًا,نعم,نعم,منخفض,التقدير في المقدمة صادق والاعتراض في الجزء الثاني موجه لقرار تنظيمي,V2_500
LUB2-V2-0318,كل سنة نفس المشكلة في بداية العام ونفس الوعود,الشمالية,تتكرر فوضى توزيع الفصول والجداول في بداية كل عام دراسي بلا معالجة,ملاحظة,شكوى من تكرار مزمن,لوم,إحباط,4,لا,0,سلبي,سلبي,مرتبط,نعم,نعم,مرتفع,الإشارة للتكرار السنوي تحول الملاحظة إلى اتهام بعدم الجدية في المعالجة,V2_500
LUB2-V2-0319,هالسنة بداية العام كانت منظمة والجداول جاهزة من أول يوم,الجنوبية,استعدت المدرسة مبكرًا وأنهت التوزيعات قبل انطلاق العام الدراسي,مدح,مدح حقيقي,مدح,رضا,4,لا,0,إيجابي,إيجابي,مرتبط,نعم,لا,منخفض,الجاهزية الموصوفة واقعة محددة تجعل الثناء مبنيًا على أداء فعلي,V2_500
LUB2-V2-0320,أنا بنقل ابني لمدرسة ثانية، ما عاد أقدر أتحمل,الحجازية,قرر ولي الأمر نقل ابنه بعد تراكم مشكلات لم تُعالج طوال فصل دراسي,إعلان قرار,تصعيد نهائي بعد استياء متراكم,عدم رضا,إحباط,5,لا,0,محايد,سلبي,مرتبط,نعم,نعم,مرتفع,القرار النهائي بالنقل أعلى درجات التصعيد وناتج عن إحباط متراكم لا موقف واحد,V2_500
LUB2-V2-0321,ما شاء الله على الوضوح، المتطلبات تغيرت أربع مرات في أسبوع,الوسطى,يعمل مصمم مستقل مع عميل يغير مواصفات المشروع باستمرار بدون توثيق,مدح للوضوح,انتقاد ساخر لتغير المتطلبات,سخرية,إحباط,4,نعم,4,إيجابي,سلبي,غير مرتبط,لا,نعم,متوسط,المدح الظاهر للوضوح يناقضه وصف التغيير المتكرر مما يكشف تهكمًا واضحًا,V2_500
LUB2-V2-0322,العميل أرسل لي ملف فيه كل التفاصيل والمراجع قبل ما نبدأ,الشرقية,جهز العميل مستند متطلبات واضحًا قبل انطلاق المشروع مع أمثلة مرجعية,مدح,مدح حقيقي,مدح,رضا,4,لا,0,إيجابي,إيجابي,مرتبط,لا,لا,منخفض,التحضير المسبق الموصوف سلوك مهني محدد يجعل الثناء واقعيًا,V2_500
LUB2-V2-0323,خلصت المشروع من شهر والدفعة الأخيرة للحين ما وصلت,الشمالية,سلم المستقل المشروع كاملًا ولم يستلم مستحقاته رغم المتابعة المتكررة,وصف للوضع,مطالبة مالية مع استياء,شكوى,إحباط,4,لا,0,سلبي,سلبي,مرتبط,لا,نعم,مرتفع,تأخر المستحقات شهرًا بعد التسليم يجعل المطالبة جدية ويرفع احتمال النزاع,V2_500
LUB2-V2-0324,العميل حول الدفعة في نفس يوم التسليم بدون ما أذكره,الجنوبية,حول العميل المستحقات فور استلام العمل دون الحاجة لتذكير من المستقل,إبلاغ إيجابي,مدح حقيقي,مدح,ارتياح,4,لا,0,إيجابي,إيجابي,مرتبط,لا,لا,منخفض,الالتزام التلقائي بالدفع سلوك محدد يبرر التقييم الإيجابي ويقابل الحالة السابقة,V2_500
LUB2-V2-0325,أبي أعرف نطاق العمل بالضبط قبل ما أعطي سعر,الحجازية,يطلب مستقل توضيح حدود المشروع قبل تقديم عرض سعر للعميل,طلب توضيح,طلب مهني محايد,طلب,حياد,1,لا,0,محايد,محايد,مرتبط,لا,لا,منخفض,طلب مهني معتاد بلا شحنة عاطفية يمثل التواصل الطبيعي في العمل الحر,V2_500
LUB2-V2-0326,طبعًا تعديل بسيط يعني إعادة تصميم كامل,الوسطى,طلب العميل تعديلًا وصفه بالبسيط بينما يستلزم إعادة بناء العمل من الصفر,تعليق,اعتراض ساخر على وصف الطلب,سخرية,انزعاج,4,نعم,4,محايد,سلبي,غير مرتبط,لا,نعم,متوسط,كلمة طبعًا وإعادة تعريف البسيط تكشفان تهكمًا على استهانة العميل بحجم العمل,V2_500
LUB2-V2-0327,العميل طلب تعديل وحدد بالضبط وش يبي وين,الشرقية,أرسل العميل ملاحظات دقيقة ومحددة على العمل بدل الطلبات العامة,إبلاغ إيجابي,تقدير حقيقي للوضوح,مدح,ارتياح,3,لا,0,إيجابي,إيجابي,مرتبط,لا,لا,منخفض,التحديد الدقيق للملاحظات ممارسة تسهل العمل مما يفسر التقييم الإيجابي,V2_500
LUB2-V2-0328,ولا يهمك، بشتغل عليها في الويكند مثل كل مرة,الشمالية,أرسل العميل طلبًا عاجلًا مساء الخميس للمرة الخامسة على التوالي,تهوين,استياء مبطن من سوء التخطيط,استياء,إرهاق,4,نعم,3,إيجابي,سلبي,غير مرتبط,لا,لا,متوسط,عبارة مثل كل مرة تكشف نمطًا متكررًا وتحول التهوين إلى احتجاج مبطن,V2_500
LUB2-V2-0329,ولا يهمك، الشغل جاهز عندي من أمس,الجنوبية,استعجل العميل المستقل فطمأنه بأن العمل منجز مسبقًا وجاهز للتسليم,تهوين,طمأنة حقيقية,تهدئة,حياد,1,لا,0,إيجابي,إيجابي,مرتبط,لا,لا,منخفض,السياق يؤكد جاهزية العمل فعلًا فالتهوين صادق ويقابل الحالة السابقة,V2_500
LUB2-V2-0330,سعري ثابت وما أقدر أنزله أكثر، الشغل يستاهل,الحجازية,فاوض العميل المستقل على خفض السعر ثلاث مرات فرفض بحزم مهني,رفض,رفض حازم مبرر,رفض,حياد,3,لا,0,محايد,محايد,مرتبط,لا,لا,منخفض,الرفض واضح ومبرر بقيمة العمل ولا يحمل انفعالًا أو تهكمًا,V2_500
LUB2-V2-0331,أكيد أقدر أسوي الشغل بنص السعر وبنص الوقت,الوسطى,طلب العميل تخفيض السعر والمدة معًا بشكل غير واقعي تمامًا,موافقة,رفض ساخر لطلب غير منطقي,سخرية,انزعاج,3,نعم,4,إيجابي,سلبي,غير مرتبط,لا,لا,منخفض,الموافقة الظاهرة على شرطين متناقضين أسلوب تهكمي لرفض الطلب,V2_500
LUB2-V2-0332,أقدر ميزانيتك وأقدر أقلل النطاق بدل ما أقلل الجودة,الشرقية,عرض العميل ميزانية محدودة فاقترح المستقل تقليص المخرجات بدل خفض المستوى,اقتراح,حل وسط مهني حقيقي,اقتراح,حياد,2,لا,0,إيجابي,إيجابي,مرتبط,لا,لا,منخفض,الاقتراح عملي ويحافظ على مصلحة الطرفين وهو نموذج للتفاوض الصحي,V2_500
LUB2-V2-0333,صار لي ثلاث أيام أنتظر رد العميل والتسليم بكرة,الشمالية,ينتظر المستقل موافقة العميل على مرحلة أساسية والموعد النهائي يقترب,وصف للوضع,قلق مهني مع ضغط زمني,تذمر,قلق,3,لا,0,سلبي,سلبي,مرتبط,لا,لا,متوسط,الوصف يعكس قلقًا واقعيًا من تأثير التأخير على التسليم لا شكوى من شخص,V2_500
LUB2-V2-0334,أنا اعتذر عن التأخير، قدرت الوقت غلط وبعوضه,الجنوبية,تأخر المستقل يومين في التسليم واعترف بخطأ تقديره وعرض تعويضًا,اعتذار,اعتذار حقيقي مع تحمل مسؤولية,اعتذار,ارتباك,3,لا,0,محايد,إيجابي,مرتبط,لا,لا,منخفض,الاعتراف بسبب التأخير دون تبرير خارجي دليل على صدق الاعتذار,V2_500
LUB2-V2-0335,أعتذر إني طلبت عقد مكتوب,الحجازية,طلب المستقل توثيق الاتفاق فاعتبره العميل تشكيكًا في نزاهته,اعتذار,احتجاج ساخر على رد الفعل,سخرية,انزعاج,4,نعم,4,محايد,سلبي,غير مرتبط,لا,لا,متوسط,صيغة الاعتذار مقلوبة وتستخدم للاعتراض على استنكار طلب مهني معتاد,V2_500
LUB2-V2-0336,وقعنا عقد واضح فيه النطاق والمدة وعدد التعديلات,الوسطى,اتفق الطرفان على عقد مكتوب قبل البدء يحدد كل التفاصيل بوضوح,إبلاغ,رضا حقيقي عن التنظيم,رضا,ارتياح,3,لا,0,إيجابي,إيجابي,مرتبط,لا,لا,منخفض,التوثيق المسبق ممارسة مهنية تفسر الارتياح وتقابل الحالة السابقة,V2_500
LUB2-V2-0337,العميل نشر شغلي بدون ما يذكر اسمي,الشرقية,استخدم العميل تصميم المستقل في حملة إعلانية دون نسبته لصاحبه,سرد واقعة,شكوى مع اعتراض على حقوق,شكوى,استياء,4,لا,0,سلبي,سلبي,مرتبط,لا,نعم,مرتفع,المسألة تتعلق بحقوق منسوبة مما يجعل الشكوى جدية ومرشحة للتصعيد,V2_500
LUB2-V2-0338,العميل ذكر اسمي في المنشور ورشح لي عملاء ثانيين,الشمالية,نسب العميل العمل لصاحبه علنًا ورشحه لعملاء آخرين بعد رضاه عن النتيجة,إبلاغ,امتنان حقيقي,امتنان,فرح,5,لا,0,إيجابي,إيجابي,مرتبط,لا,لا,منخفض,السلوك المذكور تجاوز الالتزام التعاقدي مما يفسر ارتفاع درجة الامتنان,V2_500
LUB2-V2-0339,المشروع فشل بس تعلمت منه أكثر من نجاحاتي,الجنوبية,أغلق رائد أعمال مشروعه بعد سنتين واستخلص دروسًا طبقها في مشروع جديد,تعليق,تقييم إيجابي رغم الفشل,تبرير,ارتياح,3,لا,0,سلبي,إيجابي,غير مرتبط,لا,لا,منخفض,الجملة سلبية في ظاهرها لأنها تذكر فشلًا لكن مقصدها إيجابي ويعكس نضجًا,V2_500
LUB2-V2-0340,ما شاء الله على الدعم، وعدونا بتمويل وبعدها اختفوا,الحجازية,وعدت جهة داعمة رائد أعمال بتمويل مشروعه ثم انقطع التواصل تمامًا,مدح للدعم,انتقاد ساخر لغياب الدعم,سخرية,خيبة أمل,4,نعم,4,إيجابي,سلبي,غير مرتبط,نعم,نعم,مرتفع,المدح الظاهر يناقضه الاختفاء الموصوف مما يكشف لومًا ساخرًا على إخلاف الوعد,V2_500
LUB2-V2-0341,الجهة الداعمة تابعت معي شهريًا وقدمت لي استشارات مجانية,الوسطى,قدمت جهة تمويل متابعة منتظمة واستشارات لرائد أعمال بعد قبول مشروعه,مدح,شكر حقيقي,شكر,تقدير,4,لا,0,إيجابي,إيجابي,مرتبط,نعم,لا,منخفض,المتابعة المنتظمة والخدمة الإضافية واقعتان محددتان تدعمان الثناء,V2_500
LUB2-V2-0342,أبي أعرف الشروط المطلوبة للتسجيل في المنصة,الشرقية,يستفسر صاحب مشروع صغير عن متطلبات التسجيل قبل تقديم طلبه,استفسار,استفسار حقيقي,استفسار,حياد,1,لا,0,محايد,محايد,مرتبط,نعم,لا,منخفض,سؤال إجرائي بسيط بلا شحنة عاطفية يوازن البيانات بالحالات المحايدة,V2_500
LUB2-V2-0343,الرخصة صدرت في ثلاث أيام وكل شي إلكتروني,الشمالية,أنهى صاحب مشروع إجراءات ترخيصه رقميًا خلال ثلاثة أيام بلا زيارات,إبلاغ إيجابي,رضا حقيقي,رضا,فرح,4,لا,0,إيجابي,إيجابي,مرتبط,نعم,لا,منخفض,سرعة الإجراء الموصوفة تجعل التقييم إيجابيًا ومبنيًا على تجربة واقعية,V2_500
LUB2-V2-0344,صار لي شهرين أدور المستند المطلوب وكل جهة تحولني للثانية,الجنوبية,يحاول صاحب مشروع استكمال ترخيصه ويُحال بين جهات متعددة بلا نتيجة,وصف للوضع,شكوى من غياب التنسيق,شكوى,إحباط,4,لا,0,سلبي,سلبي,مرتبط,نعم,نعم,مرتفع,السرد يوثق دورة إجرائية عقيمة مما يجعل الشكوى مؤسسية وحادة,V2_500
LUB2-V2-0345,أبشر، بجهز العرض وأرسله قبل نهاية اليوم,الحجازية,طلب عميل عرض سعر فالتزم مقدم الخدمة بإرساله في نفس اليوم,التزام,وعد حقيقي,قبول,حياد,1,لا,0,إيجابي,إيجابي,مرتبط,لا,لا,منخفض,التزام مهني بسيط يمثل التواصل الطبيعي في بيئة الأعمال,V2_500
LUB2-V2-0346,أبشر، بجهز العرض العاشر اللي ما أحد بيقرأه,الوسطى,أرسل مقدم الخدمة تسعة عروض لنفس الجهة ولم يتلق ردًا على أي منها,التزام,تهكم على تجاهل العروض السابقة,سخرية,إحباط,4,نعم,4,إيجابي,سلبي,غير مرتبط,لا,لا,متوسط,ذكر العدد وعدم القراءة يقلب الالتزام الظاهر إلى احتجاج ساخر,V2_500
LUB2-V2-0347,الشريك انسحب قبل الإطلاق بأسبوع,الشرقية,انسحب شريك رائد الأعمال قبل موعد إطلاق المشروع بأيام تاركًا التزامات قائمة,سرد واقعة,شكوى مع خيبة أمل,شكوى,خيبة أمل,5,لا,0,سلبي,سلبي,مرتبط,لا,لا,مرتفع,توقيت الانسحاب الحرج يضاعف الضرر ويفسر شدة خيبة الأمل,V2_500
LUB2-V2-0348,الشريك دفع من جيبه عشان نلحق الإطلاق,الشمالية,تحمل الشريك تكاليف إضافية من ماله الخاص لضمان إطلاق المشروع في موعده,إبلاغ,امتنان حقيقي,امتنان,امتنان,5,لا,0,إيجابي,إيجابي,مرتبط,لا,لا,منخفض,التضحية المالية الموصوفة تجاوز للالتزام المتوقع مما يفسر عمق الامتنان,V2_500
LUB2-V2-0349,أنا ما أشتكي من المنافسة، أشتكي من نسخ الهوية كاملة,الجنوبية,نسخ منافس اسم العلامة وتصميمها وأسلوبها بالكامل في نفس السوق,توضيح,شكوى محددة عن انتهاك,شكوى,غضب,4,لا,0,محايد,سلبي,مرتبط,لا,نعم,مرتفع,التمييز بين المنافسة المشروعة والنسخ يجعل الشكوى دقيقة ومبررة قانونيًا,V2_500
LUB2-V2-0350,أول مرة أشوف منافس يرشح لي عملاء ما يقدر يخدمهم,الحجازية,أحال منافس بعض العملاء لصاحب المشروع لأن طلباتهم خارج نطاق خدمته,اندهاش,مدح حقيقي,مدح,تقدير,4,لا,0,إيجابي,إيجابي,مرتبط,لا,لا,منخفض,السلوك غير المعتاد الموصوف يبرر الاندهاش ويجعله ثناءً على خلق مهني,V2_500
LUB2-V2-0351,تعبت من كثر ما أشرح للعميل إن هذا الشغل ياخذ وقت,الوسطى,يطالب العميل بتسليم عمل يستغرق أسبوعين خلال يومين رغم الشرح المتكرر,تعبير عن التعب,شكوى من عدم تقدير العمل,شكوى,إحباط,4,لا,0,سلبي,سلبي,مرتبط,لا,لا,متوسط,التصريح بالتعب مع تكرار الشرح يعكس إحباطًا من فجوة في الفهم المهني,V2_500
LUB2-V2-0352,العميل فهم إن الجودة تحتاج وقت ومدد لي المدة بدون ما أطلب,الشرقية,بادر العميل بتمديد الموعد بعد أن أدرك حجم العمل المطلوب,إبلاغ,تقدير حقيقي,مدح,ارتياح,4,لا,0,إيجابي,إيجابي,مرتبط,لا,لا,منخفض,المبادرة بالتمديد سلوك محدد يفسر التقييم الإيجابي ويقابل الحالة السابقة,V2_500
LUB2-V2-0353,براحتك في المراجعة، المشروع مو مستعجل عندي,الشمالية,سلم المستقل العمل وأبلغ العميل بأن لديه متسعًا من الوقت للمراجعة,منح مهلة,مرونة حقيقية,تهدئة,حياد,1,لا,0,محايد,إيجابي,مرتبط,لا,لا,منخفض,السياق يؤكد غياب الضغط الزمني فالمرونة صادقة ولا تخفي استياءً,V2_500
LUB2-V2-0354,براحتك في المراجعة، خلنا نكمل السنة وإحنا نراجع,الجنوبية,لم يراجع العميل التسليم منذ شهرين رغم أن المراجعة شرط لصرف المستحقات,منح مهلة,تهكم على طول التأخير,سخرية,نفاد صبر,4,نعم,4,محايد,سلبي,غير مرتبط,لا,لا,متوسط,المبالغة الزمنية في الشطر الثاني تكشف احتجاجًا على تعطيل المستحقات,V2_500
LUB2-V2-0355,المتجر الإلكتروني اشتغل وأول طلب وصل اليوم,الحجازية,أطلق صاحب مشروع صغير متجره واستقبل أول طلبية فعلية بعد شهور تحضير,إبلاغ,فرح حقيقي,تشجيع,فرح,5,لا,0,إيجابي,إيجابي,مرتبط,لا,لا,منخفض,الإنجاز الشخصي المذكور يفسر شدة الفرح ويجعله تعبيرًا صادقًا,V2_500
LUB2-V2-0356,أقترح نحدد اجتماع أسبوعي قصير بدل الرسائل المتفرقة,الوسطى,تشتت التواصل بين الفريق والعميل عبر قنوات متعددة فاقترح أحدهم تنظيمًا,اقتراح,اقتراح بنّاء,اقتراح,حياد,2,لا,0,محايد,إيجابي,مرتبط,لا,لا,منخفض,الاقتراح عملي ويعالج مشكلة تنظيمية دون توجيه لوم لأي طرف,V2_500
LUB2-V2-0357,أنا مو مقتنع بالتوجه الجديد بس بنفذه على أكمل وجه,الشرقية,اعترض مدير مشروع على تغيير استراتيجي ثم التزم بتنفيذه بعد اعتماده,إعلان موقف,رفض معلن مع التزام مهني,رفض,عدم رضا,3,لا,0,محايد,محايد,مرتبط,لا,لا,منخفض,المصارحة بعدم الاقتناع مع الالتزام سلوك شفاف يميز الموقف عن القبول الشكلي,V2_500
LUB2-V2-0358,أكيد أنا مقتنع، مثل ما قلتوا عن الخطة اللي قبلها,الشمالية,فُرضت خطة جديدة على الفريق بعد فشل ثلاث خطط سابقة بنفس الأسلوب,إعلان اقتناع,تشكيك ساخر في الخطة,سخرية,خيبة أمل,4,نعم,4,إيجابي,سلبي,غير مرتبط,لا,لا,متوسط,الإشارة للخطط السابقة الفاشلة تقلب الاقتناع المعلن إلى تشكيك تهكمي,V2_500
LUB2-V2-0359,المورد رفع السعر بعد ما وقعنا العقد,الجنوبية,طالب المورد بزيادة السعر بعد توقيع الاتفاق وقبل التسليم بأيام,سرد واقعة,شكوى مع اعتراض تعاقدي,شكوى,غضب,4,لا,0,سلبي,سلبي,مرتبط,لا,نعم,مرتفع,الإخلال بشرط تعاقدي موثق يجعل الشكوى قوية ومرشحة للتصعيد القانوني,V2_500
LUB2-V2-0360,المورد التزم بالسعر رغم ارتفاع تكاليفه,الحجازية,ارتفعت تكاليف المورد بعد التعاقد لكنه أوفى بالسعر المتفق عليه,إبلاغ,مدح حقيقي للالتزام,مدح,تقدير,5,لا,0,إيجابي,إيجابي,مرتبط,لا,لا,منخفض,الالتزام رغم الخسارة سلوك استثنائي يفسر ارتفاع درجة التقدير,V2_500
LUB2-V2-0361,كل ما أطلب تحديث يقولون بكرة، وبكرة صارت شهر,الوسطى,يتابع صاحب مشروع مع مطور لإنهاء موقعه ويتلقى نفس الوعد يوميًا,وصف للوضع,شكوى من المماطلة,شكوى,نفاد صبر,4,نعم,2,سلبي,سلبي,مرتبط,لا,نعم,مرتفع,تحويل بكرة إلى شهر مفارقة تهكمية خفيفة تبرز حجم المماطلة,V2_500
LUB2-V2-0362,المطور يرسل لي تحديث أسبوعي حتى لو ما فيه تقدم كبير,الشرقية,يلتزم المطور بإرسال تقرير دوري لصاحب المشروع بشفافية عن سير العمل,إبلاغ إيجابي,تقدير حقيقي للشفافية,مدح,ارتياح,4,لا,0,إيجابي,إيجابي,مرتبط,لا,لا,منخفض,الانتظام في التواصل حتى عند غياب التقدم ممارسة شفافة تبرر التقدير,V2_500
LUB2-V2-0363,أنا بس أبي أعرف وين المشروع واقف,الشمالية,انقطع تواصل الفريق المنفذ لأسبوعين وصاحب المشروع يطلب تحديثًا,طلب معلومة,طلب هادئ مع قلق كامن,استفسار,قلق,3,لا,0,محايد,سلبي,مرتبط جزئيًا,لا,لا,متوسط,الصياغة تخفض سقف الطلب لكن انقطاع التواصل يكشف قلقًا حقيقيًا خلفه,V2_500
LUB2-V2-0364,خلاص بلغي الاتفاق وأدور بديل,الجنوبية,قرر صاحب المشروع إنهاء التعاقد بعد ثلاثة أشهر من التأخير غير المبرر,إعلان قرار,تصعيد نهائي,عدم رضا,إحباط,5,لا,0,محايد,سلبي,مرتبط,لا,نعم,مرتفع,القرار النهائي بإلغاء التعاقد أعلى درجات التصعيد بعد تراكم الإخفاقات,V2_500
LUB2-V2-0365,خلاص اتفقنا وبنبدأ من الأحد بإذن الله,الحجازية,أنهى الطرفان التفاوض على مشروع واتفقا على موعد انطلاق واضح,إعلان اتفاق,قبول حقيقي محايد,قبول,حياد,1,لا,0,إيجابي,إيجابي,مرتبط,لا,لا,منخفض,جملة إجرائية إيجابية تمثل الإغلاق الطبيعي لمفاوضات ناجحة,V2_500
LUB2-V2-0366,شكرًا لك، ملاحظاتك على العرض غيرت النتيجة تمامًا,الوسطى,راجع مستشار عرض رائد أعمال وقدم ملاحظات أدت لقبول المشروع لدى الممول,شكر,شكر حقيقي,شكر,امتنان,5,لا,0,إيجابي,إيجابي,مرتبط,لا,لا,منخفض,الأثر الملموس للملاحظات على النتيجة يفسر ارتفاع درجة الامتنان,V2_500
LUB2-V2-0367,الملاحظات كانت قاسية لكنها أنقذت المشروع,الشرقية,تلقى رائد الأعمال نقدًا مباشرًا لخطته قبل الإطلاق فعدلها وتفادى خسارة,إقرار,تقدير حقيقي للنقد,قبول,ارتياح,4,لا,0,سلبي,إيجابي,غير مرتبط,لا,لا,منخفض,الظاهر يصف قسوة النقد لكن المقصد اعتراف بفائدته وهي حالة سلبي ظاهريًا وإيجابي حقيقة,V2_500
LUB2-V2-0368,أنا ما عندي مشكلة في التعديلات، عندي مشكلة إنها بدون حدود,الشمالية,طلب العميل تعديلات مفتوحة خارج ما نص عليه العقد من عدد المراجعات,توضيح موقف,اعتراض مهني محدد,شكوى,استياء,3,لا,0,محايد,سلبي,مرتبط,لا,نعم,متوسط,الجملة تفصل بين قبول المبدأ ورفض الإطلاق غير المحدود وهو اعتراض دقيق,V2_500
LUB2-V2-0369,أقدر إنك رجعت لي بملاحظاتك في نفس اليوم,الجنوبية,راجع العميل التسليم وأرسل ملاحظاته سريعًا مما سرع إنجاز المشروع,شكر,شكر حقيقي,شكر,تقدير,3,لا,0,إيجابي,إيجابي,مرتبط,لا,لا,منخفض,السرعة في الرد سلوك محدد يسهل العمل ويجعل الشكر مرتبطًا بفائدة فعلية,V2_500
LUB2-V2-0370,الفاتورة مرفوضة لأن فيها خطأ إملائي في الاسم,الحجازية,رُفضت مطالبة مالية للمستقل بسبب خطأ شكلي بسيط بعد شهر من الانتظار,سرد واقعة,شكوى من التعطيل لسبب شكلي,شكوى,إحباط,4,لا,0,سلبي,سلبي,مرتبط,نعم,نعم,مرتفع,التعطيل لسبب شكلي بعد انتظار طويل يجعل الشكوى مبررة ويرفع احتمال التصعيد,V2_500
LUB2-V2-0371,قسم الحسابات اتصل يصحح الخطأ معي بدل ما يرفض الفاتورة,الوسطى,بادر القسم المالي بالتواصل لتصحيح خطأ في مستند بدل إعادته لصاحبه,إبلاغ,مدح حقيقي,مدح,رضا,4,لا,0,إيجابي,إيجابي,مرتبط,نعم,لا,منخفض,المبادرة بالحل بدل الرفض ممارسة إيجابية محددة تقابل الحالة السابقة,V2_500
LUB2-V2-0372,أنا ما أبي أزعجك بس المشروع متوقف على ردك,الشرقية,ينتظر المنفذ قرارًا من العميل منذ عشرة أيام والعمل معطل بالكامل,تلطف,طلب عاجل مغلف بالأدب,طلب,قلق,4,لا,0,محايد,سلبي,مرتبط جزئيًا,لا,لا,متوسط,الصياغة المهذبة تخفض النبرة لكن توقف المشروع يكشف ضغطًا حقيقيًا,V2_500
LUB2-V2-0373,أعتذر عن قبول المشروع، جدولي ممتلئ وما أقدر أعطيه حقه,الشمالية,رفض مستقل مشروعًا جديدًا لعدم قدرته على تنفيذه بالجودة المطلوبة,اعتذار,رفض مهني حقيقي,رفض,حياد,2,لا,0,محايد,إيجابي,مرتبط,لا,لا,منخفض,الرفض مبني على تقدير مهني للجودة لا على تهرب وهو موقف يعزز الثقة,V2_500
LUB2-V2-0374,صراحة ما توقعت إن التسليم يطلع بهالمستوى,الجنوبية,تسلم العميل مشروعًا تجاوز توقعاته في التفاصيل والجودة النهائية,اندهاش إيجابي,مدح حقيقي,مدح,فرح,5,لا,0,إيجابي,إيجابي,مرتبط,لا,لا,منخفض,تجاوز التوقعات مذكور صراحة مما يجعل التقييم الإيجابي صادقًا وعاليًا,V2_500
LUB2-V2-0375,صراحة ما توقعت إن التسليم يطلع بهالمستوى بعد كل هالمدة,الحجازية,تأخر التسليم شهرين وجاء العمل بجودة أقل بكثير من المتوقع,اندهاش,انتقاد ساخر للجودة,سخرية,خيبة أمل,4,نعم,4,إيجابي,سلبي,غير مرتبط,لا,نعم,متوسط,نفس افتتاحية الحالة السابقة لكن الإضافة الزمنية تقلب المعنى إلى انتقاد لاذع,V2_500
LUB2-V2-0376,بديت مشروعي بخمسة آلاف والحين عندي ثلاث موظفين,الوسطى,روت صاحبة مشروع صغير تجربتها بعد عامين من النمو التدريجي,سرد تجربة,فخر وتشجيع حقيقي,تشجيع,فرح,5,لا,0,إيجابي,إيجابي,مرتبط,لا,لا,منخفض,السرد يعكس إنجازًا ملموسًا ويحمل نية تشجيعية لمن يبدأ مشروعه,V2_500
LUB2-V2-0377,كل الاستشارات اللي أخذتها كانت نسخة من بعض,الشرقية,دفع صاحب مشروع لثلاث جهات استشارية وتلقى نفس التوصيات العامة,تعليق,شكوى من ضعف القيمة المضافة,شكوى,خيبة أمل,3,لا,0,سلبي,سلبي,مرتبط,نعم,نعم,متوسط,التكرار الموصوف يوجه الشكوى نحو ضعف التخصيص في الخدمة المدفوعة,V2_500
LUB2-V2-0378,المستشار قال لي بصراحة إن فكرتي تحتاج تعديل جذري,الشمالية,صارح مستشار رائد أعمال بضعف نموذجه بدل مجاملته والموافقة عليه,إبلاغ,تقدير حقيقي للمصارحة,مدح,ارتياح,4,لا,0,سلبي,إيجابي,غير مرتبط,نعم,لا,منخفض,المحتوى سلبي ظاهريًا لكن المتحدث يعرضه كميزة مما يجعل المقصد إيجابيًا,V2_500
LUB2-V2-0379,أنا مستعد أبدأ بسعر أقل مقابل توصية بعد المشروع,الجنوبية,عرض مستقل جديد تخفيضًا مقابل بناء سمعته عبر توصية من العميل,اقتراح,عرض تفاوضي واضح,اقتراح,حياد,2,لا,0,محايد,محايد,مرتبط,لا,لا,منخفض,العرض واضح ومتبادل المنفعة ولا يحمل شكوى أو شحنة عاطفية,V2_500
LUB2-V2-0380,الحمد لله، المشروع خلص في وقته وبالميزانية المحددة,الحجازية,أُنجز مشروع متوسط الحجم ضمن الجدول والميزانية المتفق عليهما,حمد,رضا حقيقي,رضا,ارتياح,4,لا,0,إيجابي,إيجابي,مرتبط,لا,لا,منخفض,النتيجة المطابقة للخطة تجعل الحمد تعبيرًا حرفيًا عن رضا مهني,V2_500
LUB2-V2-0381,ما شاء الله على النادي، مكيف معطل وأجهزة نصها خربانة,الوسطى,اشترك شخص في نادٍ رياضي بسعر مرتفع ووجد المرافق في حالة سيئة,مدح للنادي,انتقاد ساخر لسوء الصيانة,سخرية,استياء,4,نعم,4,إيجابي,سلبي,غير مرتبط,نعم,نعم,متوسط,المدح الظاهر يناقضه وصف حالة المرافق مما يكشف انتقادًا لاذعًا,V2_500
LUB2-V2-0382,النادي نظيف والأجهزة جديدة والمدربين متعاونين,الشرقية,زار شخص ناديًا قبل الاشتراك ووجد المرافق والخدمة بمستوى جيد,مدح,رضا حقيقي,رضا,رضا,3,لا,0,إيجابي,إيجابي,مرتبط,نعم,لا,منخفض,التقييم الإيجابي مبني على معاينة فعلية وتفاصيل محددة بلا مبالغة,V2_500
LUB2-V2-0383,اشتركت سنة والتجديد تلقائي بدون ما أوافق,الشمالية,جُدد اشتراك العميل تلقائيًا وخُصم المبلغ دون إشعار أو موافقة صريحة,اعتراض,شكوى مالية مع اعتراض على الآلية,شكوى,غضب,4,لا,0,سلبي,سلبي,مرتبط,نعم,نعم,مرتفع,الخصم دون موافقة صريحة مسألة حساسة ترفع جدية الشكوى واحتمال التصعيد,V2_500
LUB2-V2-0384,أرسلوا لي تذكير قبل التجديد بأسبوع وخيروني,الجنوبية,نبه النادي العميل قبل انتهاء اشتراكه ومنحه خيار التجديد أو الإيقاف,إبلاغ إيجابي,تقدير حقيقي للشفافية,مدح,ارتياح,3,لا,0,إيجابي,إيجابي,مرتبط,نعم,لا,منخفض,الإشعار المسبق مع حرية الاختيار ممارسة شفافة تقابل الحالة السابقة,V2_500
LUB2-V2-0385,أبي أعرف هل الاشتراك يشمل حصص السباحة,الحجازية,يستفسر شخص عن تفاصيل باقة الاشتراك قبل التسجيل في النادي,استفسار,استفسار حقيقي,استفسار,حياد,1,لا,0,محايد,محايد,مرتبط,نعم,لا,منخفض,سؤال معلوماتي بحت بلا شحنة عاطفية يمثل التفاعل الطبيعي مع الخدمة,V2_500
LUB2-V2-0386,المدرب غير البرنامج لما شاف إن ركبتي تتعبني,الوسطى,عدل المدرب خطة التمرين بعد ملاحظة إصابة قديمة لدى المتدرب,مدح,شكر حقيقي,شكر,تقدير,4,لا,0,إيجابي,إيجابي,مرتبط,نعم,لا,منخفض,المراعاة المهنية للحالة الصحية سلوك محدد يجعل الثناء موثقًا,V2_500
LUB2-V2-0387,المدرب يعطيني نفس البرنامج اللي يعطيه للكل,الشرقية,لاحظ المتدرب أن الخطة المقدمة له عامة ولا تراعي هدفه أو حالته,وصف للوضع,شكوى من غياب التخصيص,شكوى,خيبة أمل,3,لا,0,سلبي,سلبي,مرتبط,نعم,نعم,متوسط,الشكوى محددة وتتعلق بجوهر الخدمة المدفوعة وهي التخصيص لا التمرين نفسه,V2_500
LUB2-V2-0388,يعطيكم العافية على الحجز، وصلت الفندق ولقيت الغرفة محجوزة لغيري,الشمالية,وصل النزيل بحجز مؤكد مدفوع فوجد غرفته مسندة لنزيل آخر,شكر,تهكم على خطأ الحجز,سخرية,غضب,5,نعم,5,إيجابي,سلبي,غير مرتبط,نعم,نعم,مرتفع,صيغة الشكر مقلوبة تمامًا وتستخدم لإبراز خطأ جسيم في إدارة الحجوزات,V2_500
LUB2-V2-0389,يعطيكم العافية، رقوا لي الغرفة بدون ما أطلب,الجنوبية,رقت إدارة الفندق غرفة النزيل مجانًا تقديرًا لتكرار إقامته لديهم,شكر,شكر حقيقي,شكر,فرح,4,لا,0,إيجابي,إيجابي,مرتبط,نعم,لا,منخفض,المبادرة بالترقية المجانية واقعة إيجابية تجعل الشكر مطابقًا للمقصد,V2_500
LUB2-V2-0390,الصور في الموقع لفندق خمس نجوم والواقع شي ثاني,الحجازية,حجزت عائلة فندقًا بناء على صور احترافية ووجدت المرافق متهالكة,وصف,شكوى من التضليل في العرض,شكوى,خيبة أمل,4,لا,0,سلبي,سلبي,مرتبط,نعم,نعم,متوسط,المقارنة بين العرض والواقع تشكل جوهر الشكوى وهي قابلة للتحقق,V2_500
LUB2-V2-0391,الغرفة كانت أفضل من الصور والإطلالة ممتازة,الوسطى,وجد النزيل الغرفة أوسع وأجمل مما ظهر في صور الحجز,تعليق إيجابي,رضا حقيقي,رضا,فرح,4,لا,0,إيجابي,إيجابي,مرتبط,نعم,لا,منخفض,تجاوز التوقعات مذكور بوضوح مما يجعل الرضا مبنيًا على تجربة واقعية,V2_500
LUB2-V2-0392,الإفطار ينتهي الساعة تسع والباص يطلع الساعة ثمان ونص,الشرقية,تعارض جدول الرحلة مع أوقات الإفطار في الفندق طوال أيام الإقامة,وصف للوضع,شكوى من سوء التنسيق,شكوى,انزعاج,3,لا,0,سلبي,سلبي,مرتبط,نعم,نعم,منخفض,الشكوى تشغيلية ومحددة وتتعلق بتنسيق المواعيد لا بجودة الخدمة,V2_500
LUB2-V2-0393,الفندق جهز لنا فطور مبكر لما عرفوا موعد رحلتنا,الشمالية,رتبت إدارة الفندق وجبة مبكرة للنزلاء بعد علمها بموعد مغادرتهم,إبلاغ إيجابي,شكر حقيقي,شكر,تقدير,4,لا,0,إيجابي,إيجابي,مرتبط,نعم,لا,منخفض,المرونة في تعديل الخدمة لظرف النزلاء تقابل الحالة السابقة وتبرر التقدير,V2_500
LUB2-V2-0394,براحتكم في تنظيف الغرفة، إحنا مسافرين بكرة,الجنوبية,لم تُنظف غرفة النزلاء طوال ثلاثة أيام رغم طلبهم المتكرر,منح مهلة,تهكم على إهمال الخدمة,سخرية,استياء,4,نعم,4,محايد,سلبي,غير مرتبط,نعم,نعم,متوسط,منح المهلة الظاهر يحمل تهكمًا لأن المغادرة تلغي جدوى الخدمة أصلًا,V2_500
LUB2-V2-0395,براحتكم في التنظيف، إحنا برى لين المغرب,الحجازية,أبلغ النزلاء الفندق بأوقات خروجهم لتسهيل عمل طاقم التنظيف,منح مهلة,تعاون حقيقي,تهدئة,حياد,1,لا,0,محايد,إيجابي,مرتبط,نعم,لا,منخفض,السياق يوضح نية تسهيل العمل فالعبارة على معناها الحرفي تمامًا,V2_500
LUB2-V2-0396,المطعم غير مقادير الوجبة وخلى السعر نفسه,الوسطى,لاحظ زبون دائم تقليص حجم الوجبة مع بقاء السعر كما هو,ملاحظة,شكوى من تراجع القيمة,شكوى,خيبة أمل,3,لا,0,سلبي,سلبي,مرتبط,نعم,نعم,منخفض,الملاحظة مبنية على مقارنة مع تجارب سابقة مما يعطيها مصداقية,V2_500
LUB2-V2-0397,المطعم زاد كمية الوجبة بنفس السعر بعد ملاحظات الزبائن,الشرقية,استجاب المطعم لملاحظات متكررة وزاد حجم الوجبات دون رفع السعر,إبلاغ إيجابي,مدح حقيقي للاستجابة,مدح,رضا,4,لا,0,إيجابي,إيجابي,مرتبط,نعم,لا,منخفض,الاستجابة الفعلية لملاحظات العملاء سلوك محدد يبرر الثناء الصادق,V2_500
LUB2-V2-0398,الحجز كان لأربعة والطاولة تكفي اثنين,الشمالية,حجزت مجموعة طاولة لأربعة أشخاص فخُصصت لهم طاولة صغيرة غير مناسبة,إبلاغ,شكوى مباشرة,شكوى,انزعاج,3,لا,0,سلبي,سلبي,مرتبط,نعم,نعم,منخفض,بلاغ تشغيلي واضح ومحدد يمثل الشكاوى الروتينية القابلة للحل السريع,V2_500
LUB2-V2-0399,طبعًا الحجز ما ينفع في المواسم، الحجز بس اسم,الجنوبية,حضر الزبون بحجز مؤكد فقيل له إن الحجوزات لا تُطبق في أيام الذروة,تعليق,انتقاد ساخر لعدم جدوى الحجز,سخرية,استياء,4,نعم,4,محايد,سلبي,غير مرتبط,نعم,نعم,متوسط,إعادة تعريف الحجز بأنه مجرد اسم مفارقة تكشف اعتراضًا على الممارسة,V2_500
LUB2-V2-0400,الحجز اشتغل والطاولة كانت جاهزة في وقتها بالضبط,الحجازية,وصلت المجموعة في موعد حجزها ووجدت الطاولة محضرة ومخصصة لهم,إبلاغ إيجابي,رضا حقيقي,رضا,رضا,3,لا,0,إيجابي,إيجابي,مرتبط,نعم,لا,منخفض,الالتزام بالحجز واقعة محددة تجعل التقييم إيجابيًا وتقابل الحالة السابقة,V2_500
LUB2-V2-0401,الموظف سألنا عن الحساسية قبل ما ناخذ الطلب,الوسطى,بادر عامل المطعم بالسؤال عن حساسية الطعام قبل تسجيل طلب العائلة,مدح,مدح حقيقي,مدح,تقدير,4,لا,0,إيجابي,إيجابي,مرتبط,نعم,لا,منخفض,المبادرة الوقائية سلوك مهني محدد يجعل الثناء مبنيًا على تصرف ملموس,V2_500
LUB2-V2-0402,قلت لهم عندي حساسية من المكسرات والطبق جا مليان مكسرات,الشرقية,أبلغ الزبون الموظف بحساسيته ووصل الطبق مخالفًا لما طلب,سرد واقعة,شكوى خطيرة تتعلق بالسلامة,شكوى,غضب,5,لا,0,سلبي,سلبي,مرتبط,نعم,نعم,مرتفع,الخطأ يمس سلامة الزبون مباشرة مما يجعل الشكوى بالغة الجدية,V2_500
LUB2-V2-0403,الرحلة كانت منظمة والمرشد يعرف كل تفصيلة عن المكان,الشمالية,شاركت مجموعة في جولة سياحية منظمة مع مرشد مطلع ومحضر جيدًا,مدح,رضا حقيقي,رضا,فرح,4,لا,0,إيجابي,إيجابي,مرتبط,نعم,لا,منخفض,التنظيم والمعرفة الموصوفان يجعلان التقييم الإيجابي مبنيًا على تجربة فعلية,V2_500
LUB2-V2-0404,دفعنا لرحلة أربع ساعات وصارت جلسة انتظار في الباص,الجنوبية,قضت المجموعة معظم وقت الرحلة في التنقل والانتظار بدل زيارة المواقع,وصف للوضع,شكوى من سوء تنظيم البرنامج,شكوى,خيبة أمل,4,لا,0,سلبي,سلبي,مرتبط,نعم,نعم,متوسط,المقارنة بين المدفوع والمقدم تعطي الشكوى حجة واضحة وقابلة للتحقق,V2_500
LUB2-V2-0405,ما شاء الله على البرنامج، ثلاث مواقع في ساعتين مع التنقل,الحجازية,ضغط منظم الرحلة جدولًا مستحيلًا مما جعل الزيارات سطحية ومتعجلة,مدح للبرنامج,انتقاد ساخر لضغط الجدول,سخرية,انزعاج,3,نعم,4,إيجابي,سلبي,غير مرتبط,نعم,نعم,منخفض,الوصف الرقمي بعد المدح يكشف استحالة التنفيذ الجيد فينقلب المعنى,V2_500
LUB2-V2-0406,أبي أعرف هل الرحلة مناسبة لكبار السن,الوسطى,يستفسر شخص عن طبيعة رحلة قبل تسجيل والديه فيها,استفسار,استفسار حقيقي,استفسار,حياد,1,لا,0,محايد,محايد,مرتبط,نعم,لا,منخفض,سؤال معلوماتي مسؤول بلا شحنة عاطفية يمثل التخطيط الطبيعي,V2_500
LUB2-V2-0407,المنظم صارحنا إن الرحلة فيها مشي كثير قبل ما نحجز,الشرقية,أوضح منظم الرحلة صعوبة البرنامج للمشاركين قبل دفعهم أي مبلغ,مدح,تقدير حقيقي للمصارحة,مدح,تقدير,4,لا,0,إيجابي,إيجابي,مرتبط,نعم,لا,منخفض,المصارحة المسبقة سلوك يحمي العميل ويبرر الثناء رغم كونها معلومة سلبية,V2_500
LUB2-V2-0408,التذاكر نفدت وأنا واقف في الطابور من أربع ساعات,الشمالية,انتظر شخص في طابور طويل لفعالية ونفدت التذاكر قبل وصوله للشباك,وصف للوضع,شكوى مع إحباط,شكوى,إحباط,4,لا,0,سلبي,سلبي,مرتبط,نعم,نعم,متوسط,السرد يوثق هدرًا للوقت بسبب سوء إدارة التنظيم لا بسبب الزحام وحده,V2_500
LUB2-V2-0409,نظام التذاكر الإلكتروني وفر الطوابير تمامًا,الجنوبية,طبقت الفعالية نظام دخول رقمي فانتهت الطوابير في البوابات,إبلاغ إيجابي,مدح حقيقي,مدح,رضا,3,لا,0,إيجابي,إيجابي,مرتبط,نعم,لا,منخفض,التحسن الملموس في التنظيم يجعل التقييم الإيجابي مبنيًا على نتيجة واقعية,V2_500
LUB2-V2-0410,أعتذر إني جيت بتذكرة مدفوعة,الحجازية,مُنع حامل تذكرة صحيحة من الدخول بحجة اكتمال العدد وعومل بجفاء,اعتذار,احتجاج ساخر على المنع,سخرية,غضب,4,نعم,5,محايد,سلبي,غير مرتبط,نعم,نعم,مرتفع,صيغة الاعتذار مقلوبة تمامًا وتستخدم لإبراز مفارقة منعه رغم دفعه,V2_500
LUB2-V2-0411,أعتذر عن تأخري على الجولة، ضاع مني الطريق,الوسطى,تأخر مشارك عن موعد تجمع الرحلة واعتذر للمجموعة عند وصوله,اعتذار,اعتذار حقيقي,اعتذار,ارتباك,2,لا,0,محايد,محايد,مرتبط,لا,لا,منخفض,اعتذار بسيط ومباشر بلا أي نبرة احتجاجية يمثل التفاعلات العادية,V2_500
LUB2-V2-0412,الملعب ممتاز بس المواقف تكفي ربع الحضور,الشرقية,حضر جمهور كبير مباراة في ملعب حديث لكن سعة المواقف غير كافية,تقييم مختلط,رأي متوازن مع نقد محدد,حياد,حياد,2,لا,0,محايد,محايد,مرتبط,نعم,لا,منخفض,التقييم يجمع إيجابية ونقدًا محددًا مما يجعل القطبية الكلية محايدة,V2_500
LUB2-V2-0413,شغلوا باصات نقل من المواقف البعيدة للملعب,الشمالية,وفرت الجهة المنظمة حافلات ترددية لحل مشكلة بعد المواقف عن المدخل,إبلاغ إيجابي,مدح حقيقي للحل,مدح,رضا,3,لا,0,إيجابي,إيجابي,مرتبط,نعم,لا,منخفض,الحل العملي الموصوف يعالج مشكلة حقيقية مما يبرر التقييم الإيجابي,V2_500
LUB2-V2-0414,ولا يهمك، إحنا معودين نشجع ونخسر,الجنوبية,خسر الفريق للمرة الخامسة على التوالي وعلق أحد المشجعين بعد المباراة,تهوين,سخرية ذاتية ممزوجة بخيبة أمل,سخرية,خيبة أمل,3,نعم,3,محايد,سلبي,غير مرتبط,لا,لا,منخفض,السخرية هنا موجهة للذات وللفريق المحبوب وهي نوع غير عدائي من التهكم,V2_500
LUB2-V2-0415,ولا يهمك، الفريق لعب كويس والنتيجة ما تلخص كل شي,الحجازية,خسر الفريق مباراة قوية لكن الأداء كان جيدًا فواسى مشجع صديقه,تهوين,مواساة حقيقية,مواساة,تعاطف,3,لا,0,إيجابي,إيجابي,مرتبط,لا,لا,منخفض,التهوين مبني على تقييم موضوعي للأداء فهو مواساة صادقة لا سخرية,V2_500
LUB2-V2-0416,حجزت مقعد في المقدمة وطلعت في الصف الأخير,الوسطى,دفع المشجع مقابل مقعد مميز ووجد نفسه في مكان مختلف تمامًا,اعتراض,شكوى مع طلب تصحيح,شكوى,انزعاج,3,لا,0,سلبي,سلبي,مرتبط,نعم,نعم,متوسط,الاعتراض يتعلق بخدمة مدفوعة لم تُقدم مما يجعله مطلبًا مشروعًا,V2_500
LUB2-V2-0417,التنظيم داخل المدرجات كان ممتاز والدخول أخذ خمس دقايق,الشرقية,دخل الجمهور بسلاسة عبر بوابات منظمة بفضل توزيع جيد للحشود,مدح,رضا حقيقي,رضا,رضا,3,لا,0,إيجابي,إيجابي,مرتبط,نعم,لا,منخفض,السلاسة الموصوفة رقميًا تجعل التقييم الإيجابي مبنيًا على تجربة ملموسة,V2_500
LUB2-V2-0418,أنا ما أشتكي من الأسعار، أشتكي إنها تتغير في اليوم الواحد ثلاث مرات,الشمالية,تغيرت أسعار التذاكر ثلاث مرات خلال ساعات مما أربك المشترين,توضيح,شكوى محددة عن تقلب التسعير,شكوى,انزعاج,3,لا,0,محايد,سلبي,مرتبط,نعم,نعم,متوسط,الاعتراض يستهدف التقلب لا السعر نفسه وهو تمييز دقيق في الشكوى,V2_500
LUB2-V2-0419,الشاليه كان نظيف ومجهز بكل شي ذكروه في الإعلان,الجنوبية,استأجرت عائلة شاليهًا ووجدته مطابقًا تمامًا لما ورد في وصفه,تقييم إيجابي,رضا حقيقي,رضا,رضا,3,لا,0,إيجابي,إيجابي,مرتبط,نعم,لا,منخفض,التطابق مع الوصف المعلن سبب مباشر للرضا ويجعل التقييم موضوعيًا,V2_500
LUB2-V2-0420,الشاليه فيه مسبح في الإعلان وطلع حوض صغير,الحجازية,حجزت عائلة شاليهًا بسبب المسبح المعلن فوجدت مرفقًا مختلفًا تمامًا,وصف,شكوى من تضليل في الوصف,شكوى,خيبة أمل,4,لا,0,سلبي,سلبي,مرتبط,نعم,نعم,متوسط,الفجوة بين الإعلان والواقع تشكل جوهر الشكوى وهي قابلة للإثبات,V2_500
LUB2-V2-0421,صاحب الشاليه رجع لنا نص المبلغ لما شاف إن الوصف مو دقيق,الوسطى,اعترف المالك بعدم دقة وصف العقار وأعاد جزءًا من المبلغ للنزلاء,إبلاغ,تقدير حقيقي للمعالجة,مدح,ارتياح,4,لا,0,إيجابي,إيجابي,مرتبط,نعم,لا,منخفض,الاعتراف والتعويض التلقائي سلوك مسؤول يحول الموقف السلبي لتقييم إيجابي,V2_500
LUB2-V2-0422,الحمد لله، وصلنا المخيم بعد ما تهنا ساعتين في البر,الشرقية,أعطى المنظم إحداثيات خاطئة للموقع فتاه المشاركون في الطريق,حمد,تهكم على سوء التنظيم,سخرية,نفاد صبر,3,نعم,3,إيجابي,سلبي,غير مرتبط,نعم,لا,منخفض,صيغة الحمد تخفي انتقادًا لخطأ في المعلومات المقدمة من المنظم,V2_500
LUB2-V2-0423,المنظم أرسل لنا موقع دقيق وخريطة للطريق قبل بيومين,الشمالية,جهز منظم الرحلة البرية إرشادات دقيقة للوصول أرسلها مسبقًا للمشاركين,إبلاغ إيجابي,مدح حقيقي,مدح,رضا,3,لا,0,إيجابي,إيجابي,مرتبط,نعم,لا,منخفض,التحضير المسبق الموصوف يجعل التقييم مبنيًا على ممارسة تنظيمية جيدة,V2_500
LUB2-V2-0424,أبي ألغي الحجز، ظروف طارئة وأعتذر عن الإزعاج,الجنوبية,اضطرت عائلة لإلغاء حجزها قبل الموعد بأسبوع لظرف عائلي,طلب إلغاء,طلب محايد مع اعتذار,طلب,حياد,2,لا,0,محايد,محايد,مرتبط,نعم,لا,منخفض,طلب واضح ومهذب بلا اعتراض أو شكوى يمثل التفاعلات الطبيعية,V2_500
LUB2-V2-0425,ألغيت قبل أسبوعين والسياسة تقول استرجاع كامل ورفضوا,الحجازية,ألغى العميل حجزه ضمن المدة المسموحة لكن المنشأة رفضت إعادة المبلغ,اعتراض,شكوى مع استشهاد بالسياسة,شكوى,غضب,4,لا,0,سلبي,سلبي,مرتبط,نعم,نعم,مرتفع,الاستشهاد بالسياسة المعلنة يقوي الشكوى ويجعل التصعيد مرجحًا,V2_500
LUB2-V2-0426,رجعوا المبلغ كامل بدون أي خصم رغم قرب الموعد,الوسطى,ألغت العميلة حجزها قبل يومين وأعادت المنشأة المبلغ كاملًا استثناءً,إبلاغ,شكر حقيقي,شكر,امتنان,4,لا,0,إيجابي,إيجابي,مرتبط,نعم,لا,منخفض,المعاملة الاستثنائية المذكورة تفسر ارتفاع درجة الامتنان في التقييم,V2_500
LUB2-V2-0427,صراحة تعبت من كثر ما أدور مكان يقبل الأطفال,الشرقية,بحثت عائلة عن مقهى أو مطعم يستقبل الأطفال في منطقتها دون جدوى,تعبير عن التعب,شكوى من محدودية الخيارات,تذمر,إحباط,3,لا,0,سلبي,سلبي,مرتبط جزئيًا,لا,لا,منخفض,التذمر موجه لواقع عام في الخيارات المتاحة لا لمنشأة بعينها,V2_500
LUB2-V2-0428,المكان مجهز للأطفال وفيه مشرفة وألعاب آمنة,الشمالية,زارت عائلة مقهى يوفر ركنًا مخصصًا للأطفال بإشراف ومعايير سلامة,مدح,رضا حقيقي,رضا,فرح,4,لا,0,إيجابي,إيجابي,مرتبط,نعم,لا,منخفض,التجهيزات الموصوفة محددة وتلبي حاجة فعلية مما يفسر الرضا,V2_500
LUB2-V2-0429,أقترح تضيفون خيار حجز الطاولات أونلاين,الجنوبية,اضطر الزبائن للانتظار في الخارج بسبب غياب نظام حجز مسبق,اقتراح,اقتراح بنّاء,اقتراح,حياد,2,لا,0,محايد,إيجابي,مرتبط,نعم,لا,منخفض,الاقتراح ناتج عن مشكلة واقعية لكنه مصاغ بلغة تحسينية لا شكوائية,V2_500
LUB2-V2-0430,أنا مو مستعجل على الطلب، المكان جميل وأقدر أجلس,الحجازية,تأخر طلب الزبون قليلًا لكنه مرتاح في المكان وغير مستعجل فعلًا,نفي الاستعجال,مرونة حقيقية,تهدئة,حياد,1,لا,0,محايد,إيجابي,مرتبط,نعم,لا,منخفض,السياق يؤكد راحة الزبون فعلًا فالمرونة صادقة ولا تخفي انزعاجًا,V2_500
LUB2-V2-0431,أنا مو مستعجل، بس الطلب صار له ساعة وربع,الوسطى,انتظر الزبون طلبه أكثر من ساعة في مطعم شبه فارغ,نفي الاستعجال,شكوى مغلفة بنفي الاستعجال,شكوى,نفاد صبر,3,نعم,2,محايد,سلبي,غير مرتبط,نعم,نعم,متوسط,نفي الاستعجال تلطيف شكلي ينقضه ذكر المدة التي تكشف تأخرًا غير مبرر,V2_500
LUB2-V2-0432,أشكر الموظف اللي ساعد والدتي توصل للمصعد,الشرقية,ساعد موظف في مركز ترفيهي سيدة كبيرة في السن على التنقل داخل المكان,شكر,شكر حقيقي,شكر,امتنان,4,لا,0,إيجابي,إيجابي,مرتبط,نعم,لا,منخفض,المساعدة الإنسانية الموصوفة واقعة محددة تجعل الشكر صادقًا ومبررًا,V2_500
LUB2-V2-0433,الفعالية كانت حلوة بس الازدحام قلل الاستمتاع,الشمالية,حضر شخص فعالية جيدة المحتوى لكن العدد فاق طاقة المكان,تقييم مختلط,رأي متوازن,حياد,حياد,2,لا,0,محايد,محايد,مرتبط,نعم,لا,منخفض,التقييم يجمع إيجابية المحتوى وسلبية التنظيم مما يجعل القطبية محايدة,V2_500
LUB2-V2-0434,حددوا عدد التذاكر بحيث المكان ما يزدحم,الجنوبية,نظمت الجهة بيع التذاكر بحد أقصى يتناسب مع سعة المكان فعليًا,إبلاغ إيجابي,مدح حقيقي للتنظيم,مدح,رضا,3,لا,0,إيجابي,إيجابي,مرتبط,نعم,لا,منخفض,القرار التنظيمي الموصوف يعالج مشكلة شائعة مما يبرر التقييم الإيجابي,V2_500
LUB2-V2-0435,ما توقعت إن رحلة قصيرة تغير مزاجي بهالشكل,الحجازية,خرج شخص في رحلة يوم واحد بعد فترة ضغط وعاد بحالة نفسية أفضل,تعليق,تعبير حقيقي عن ارتياح,رضا,فرح,4,لا,0,إيجابي,إيجابي,مرتبط,لا,لا,منخفض,الأثر الشخصي الإيجابي مذكور صراحة ولا يحتمل أي قراءة ساخرة,V2_500
LUB2-V2-0436,ما توقعت إن رحلة قصيرة تكلف زي السفر برى,الوسطى,اكتشف شخص أن تكلفة رحلة داخلية ليومين تعادل سفرًا خارجيًا أطول,اندهاش,انتقاد للتسعير,شكوى,استياء,3,نعم,2,محايد,سلبي,مرتبط جزئيًا,لا,لا,منخفض,المقارنة تحمل تهكمًا خفيفًا وتعبر عن اعتراض على التسعير المرتفع,V2_500
LUB2-V2-0437,خلاص ما بجدد الاشتراك، جربت كل شي وما فيه تحسن,الشرقية,قرر عضو النادي عدم التجديد بعد عام من الشكاوى المتكررة دون معالجة,إعلان قرار,تصعيد نهائي بعد استياء متراكم,عدم رضا,إحباط,4,لا,0,محايد,سلبي,مرتبط,نعم,نعم,مرتفع,قرار عدم التجديد أعلى أشكال التصعيد السلوكي من العميل وناتج عن تراكم,V2_500
LUB2-V2-0438,جددت الاشتراك سنة ثانية لأن التطوير كان واضح,الشمالية,لاحظ العضو تحسنًا ملموسًا في المرافق والخدمة فجدد اشتراكه,إعلان قرار,رضا حقيقي,رضا,رضا,4,لا,0,إيجابي,إيجابي,مرتبط,نعم,لا,منخفض,قرار التجديد مبني على تحسن ملموس مما يجعله مؤشر رضا فعليًا,V2_500
LUB2-V2-0439,الله يعينكم على الزحمة، شفتكم تشتغلون بدون توقف من الصبح,الجنوبية,لاحظ زبون جهد طاقم المطعم في يوم مزدحم جدًا وعبر عن تقديره,دعاء,مدح حقيقي وتقدير,مدح,تقدير,4,لا,0,إيجابي,إيجابي,مرتبط,نعم,لا,منخفض,الملاحظة مبنية على مشاهدة فعلية للجهد مما يجعل الدعاء تقديرًا صادقًا,V2_500
LUB2-V2-0440,الله يعينكم، موظف واحد لأربعين طاولة,الحجازية,يخدم عامل واحد صالة كاملة مما أدى لتأخير الطلبات وإرباك الزبائن,دعاء,انتقاد لنقص الكوادر مع تعاطف,شكوى,تعاطف,3,لا,0,محايد,سلبي,مرتبط جزئيًا,نعم,نعم,منخفض,التعاطف مع الموظف حقيقي لكن الرسالة موجهة للإدارة بشأن نقص الكادر,V2_500
LUB2-V2-0441,ما شاء الله عليك، تذكرتنا بعد سنة كاملة,الوسطى,اتصل قريب بأهله بعد انقطاع طويل دون سؤال أو تواصل خلال العام,مدح,عتاب ساخر على الانقطاع,عتاب,استياء,3,نعم,3,إيجابي,سلبي,غير مرتبط,لا,لا,منخفض,صيغة المدح تسبق ذكر مدة الانقطاع مما يحولها إلى عتاب مغلف,V2_500
LUB2-V2-0442,ما شاء الله عليك، تسأل عني كل أسبوع من غير ما أطلب,الشرقية,يتواصل صديق بانتظام للاطمئنان على صديقه المقيم وحده,مدح,امتنان حقيقي,امتنان,امتنان,4,لا,0,إيجابي,إيجابي,مرتبط,لا,لا,منخفض,الانتظام الموصوف في التواصل يجعل المدح تعبيرًا صادقًا عن التقدير,V2_500
LUB2-V2-0443,أنا بحضر العزيمة بس بتأخر ساعة عن الموعد,الشمالية,يعتذر شخص مسبقًا عن تأخره لمناسبة عائلية بسبب ارتباط عمل,إبلاغ,إبلاغ محايد صادق,قبول,حياد,1,لا,0,محايد,محايد,مرتبط,لا,لا,منخفض,رسالة تنسيقية واضحة بلا شحنة عاطفية تمثل التفاعل الاجتماعي الطبيعي,V2_500
LUB2-V2-0444,إن شاء الله أشوف ظروفي وأرد عليك,الجنوبية,دُعي شخص لمناسبة لا يرغب في حضورها ويتجنب الرفض المباشر,وعد بالرد,رفض غير مباشر,رفض,ارتباك,2,لا,0,محايد,سلبي,غير مرتبط,لا,لا,منخفض,الصيغة المفتوحة تستخدم اجتماعيًا كرفض مهذب متعارف عليه لا كوعد فعلي,V2_500
LUB2-V2-0445,والله ما قصرت، وقفت معي يوم ما لقيت أحد,الحجازية,ساعد جار جاره في نقل والده للمستشفى ليلًا عندما لم يجد من يساعده,شكر,امتنان حقيقي,امتنان,امتنان,5,لا,0,إيجابي,إيجابي,مرتبط,لا,لا,منخفض,الموقف الإنساني الموصوف يفسر الدرجة القصوى من الامتنان في التعبير,V2_500
LUB2-V2-0446,والله ما قصرت، مريت علي مرة وحدة في أسبوعين مرض,الوسطى,مرض شخص أسبوعين ولم يزره صديقه المقرب إلا مرة واحدة قصيرة,شكر,عتاب ساخر على قلة الاهتمام,عتاب,خيبة أمل,3,نعم,3,إيجابي,سلبي,غير مرتبط,لا,لا,منخفض,عبارة الشكر تتناقض مع الواقعة المذكورة فتتحول إلى عتاب مبطن,V2_500
LUB2-V2-0447,الجار ركن سيارته قدام مدخل بيتي مرة ثانية,الشرقية,كرر الجار إغلاق مدخل منزل جاره بسيارته رغم تنبيهه سابقًا,وصف للوضع,شكوى مع لوم,شكوى,انزعاج,4,لا,0,سلبي,سلبي,مرتبط,لا,لا,متوسط,كلمة مرة ثانية تشير إلى تكرار السلوك مما يرفع من حدة الشكوى,V2_500
LUB2-V2-0448,الجار نبهني إن باب بيتي مفتوح وأنا مسافر,الشمالية,لاحظ الجار أن منزل جاره مفتوح أثناء سفره واتصل به فورًا,إبلاغ,امتنان حقيقي,امتنان,امتنان,5,لا,0,إيجابي,إيجابي,مرتبط,لا,لا,منخفض,التصرف الوقائي الموصوف منع ضررًا محتملًا مما يفسر عمق الامتنان,V2_500
LUB2-V2-0449,ولا يهمك يا جاري، صوت الحفلة ما وصلنا إلا لآخر الشارع,الجنوبية,أقام الجار حفلة صاخبة حتى الفجر أزعجت العمارة كلها,تهوين,عتاب ساخر على الإزعاج,سخرية,انزعاج,4,نعم,4,إيجابي,سلبي,غير مرتبط,لا,لا,متوسط,التهوين الظاهر يناقضه وصف مدى الصوت مما يكشف اعتراضًا ساخرًا,V2_500
LUB2-V2-0450,ولا يهمك يا جاري، إحنا كنا صاحين أصلًا,الحجازية,اعتذر الجار عن ضجيج مناسبة عائلية قصيرة وكان الجيران مستيقظين فعلًا,تهوين,تهوين حقيقي,تهدئة,حياد,1,لا,0,إيجابي,إيجابي,مرتبط,لا,لا,منخفض,السياق ينفي وجود ضرر فعلي فالتهوين صادق ويقابل الحالة الساخرة,V2_500
LUB2-V2-0451,البائع في الحراج قال السيارة ما فيها حوادث وطلعت مصدومة,الوسطى,اشترى شخص سيارة بعد تأكيد البائع خلوها من الحوادث ثم اكتشف العكس,سرد واقعة,اتهام بالتضليل,شكوى,غضب,5,لا,0,سلبي,سلبي,مرتبط,لا,نعم,مرتفع,الواقعة تتضمن تضليلًا في معلومة جوهرية مما يرفع خطورتها ويجعل النزاع مرجحًا,V2_500
LUB2-V2-0452,البائع قال لي عن كل عيب فيها وخفض السعر بسببها,الشرقية,أفصح بائع في سوق مستعمل عن عيوب سلعته وعدل سعرها وفقًا لذلك,إبلاغ,مدح حقيقي للأمانة,مدح,تقدير,4,لا,0,إيجابي,إيجابي,مرتبط,لا,لا,منخفض,الإفصاح الطوعي عن العيوب سلوك أمين يبرر الثناء ويقابل الحالة السابقة,V2_500
LUB2-V2-0453,السعر نهائي ولا أقبل فاصل,الشمالية,حدد بائع سعرًا ثابتًا لسلعته ورفض التفاوض عليه مع المشترين,إعلان موقف,رفض مباشر محايد,رفض,حياد,2,لا,0,محايد,محايد,مرتبط,لا,لا,منخفض,الجملة موقف تجاري واضح بلا انفعال أو معنى ضمني,V2_500
LUB2-V2-0454,أكيد السعر نهائي، مثل المرة اللي قبلها وخفضته بعد يومين,الجنوبية,أعلن البائع سعرًا نهائيًا سابقًا ثم خفضه بعد يومين فعلق المشتري,تأييد,تشكيك ساخر في جدية السعر,سخرية,انزعاج,2,نعم,3,إيجابي,سلبي,غير مرتبط,لا,لا,منخفض,الإشارة للتجربة السابقة تقلب التأييد الظاهر إلى تشكيك تهكمي,V2_500
LUB2-V2-0455,نشرت الإعلان من شهر وما جاني إلا ناس يسألون عن السعر بس,الحجازية,تلقى بائع عشرات الاستفسارات دون أي عرض جاد للشراء طوال شهر,وصف للوضع,تذمر من عدم جدية المهتمين,تذمر,إحباط,3,لا,0,سلبي,سلبي,مرتبط جزئيًا,لا,لا,منخفض,تذمر واقعي من تجربة بيع بطيئة لا يحمل لومًا موجهًا لطرف محدد,V2_500
LUB2-V2-0456,المشتري جا في الوقت المتفق عليه وأنهينا البيع بدون تعقيد,الوسطى,التزم المشتري بالموعد وأتم الصفقة بسلاسة دون مماطلة أو تفاوض متكرر,إبلاغ إيجابي,رضا حقيقي,رضا,ارتياح,3,لا,0,إيجابي,إيجابي,مرتبط,لا,لا,منخفض,السلوك الملتزم الموصوف يجعل التقييم الإيجابي مبنيًا على تجربة فعلية,V2_500
LUB2-V2-0457,اتفقنا على موعد وما جا وما اعتذر,الشرقية,انتظر البائع المشتري في موقع متفق عليه فلم يحضر ولم يرسل أي اعتذار,سرد واقعة,شكوى من عدم الالتزام,شكوى,انزعاج,3,لا,0,سلبي,سلبي,مرتبط,لا,لا,منخفض,السرد الوقائعي يوثق إخلالًا بالاتفاق دون أي مبالغة أو تهكم,V2_500
LUB2-V2-0458,تسلم على الرد السريع على تعليقي,الشمالية,رد صاحب حساب على استفسار متابع خلال دقائق بمعلومة دقيقة,شكر,شكر حقيقي,شكر,تقدير,3,لا,0,إيجابي,إيجابي,مرتبط,لا,لا,منخفض,السرعة والدقة المذكورتان تجعلان الشكر مرتبطًا بسلوك محدد وواقعي,V2_500
LUB2-V2-0459,تسلم على الرد السريع بعد ثلاث أسابيع,الجنوبية,رد صاحب حساب على استفسار متابع بعد ثلاثة أسابيع من إرساله,شكر,تهكم على تأخر الرد,سخرية,انزعاج,3,نعم,4,إيجابي,سلبي,غير مرتبط,لا,لا,منخفض,كلمة السريع تتناقض مع المدة المذكورة مما يكشف السخرية بوضوح,V2_500
LUB2-V2-0460,كل ما أنشر شي ينزلون يصححون لي لغتي بدل ما يناقشوا الفكرة,الحجازية,كتب شخص منشورًا فكريًا فانشغل المعلقون بأخطائه الإملائية عن مضمونه,تعليق,شكوى من طريقة التفاعل,شكوى,نفاد صبر,3,لا,0,سلبي,سلبي,مرتبط جزئيًا,لا,لا,منخفض,الشكوى موجهة لثقافة التفاعل السائدة لا لشخص بعينه وهي نقد اجتماعي,V2_500
LUB2-V2-0461,شكرًا لكل من ناقش الفكرة بموضوعية حتى لو ما اتفق معي,الوسطى,تلقى كاتب منشور ردودًا مختلفة لكنها محترمة وموضوعية في نقدها,شكر,شكر حقيقي وتقدير للحوار,شكر,تقدير,4,لا,0,إيجابي,إيجابي,مرتبط,لا,لا,منخفض,التقدير موجه لسلوك محدد وهو النقاش الموضوعي رغم الاختلاف في الرأي,V2_500
LUB2-V2-0462,طبعًا الكل خبير في كل شي على الإنترنت,الشرقية,أفتى عدد من المعلقين في مسألة طبية دقيقة بلا أي معرفة متخصصة,تعليق,انتقاد ساخر للتطفل المعرفي,سخرية,استياء,3,نعم,4,محايد,سلبي,غير مرتبط,لا,لا,منخفض,كلمة طبعًا مع التعميم المبالغ فيه تكشفان تهكمًا على ظاهرة اجتماعية,V2_500
LUB2-V2-0463,استفدت من المنشور وطبقت النصيحة وفعلًا نفعت,الشمالية,طبق متابع نصيحة عملية من منشور تعليمي وحصل على نتيجة إيجابية,تعليق,شكر ومدح حقيقي,شكر,رضا,4,لا,0,إيجابي,إيجابي,مرتبط,لا,لا,منخفض,النتيجة العملية المذكورة تجعل الثناء مبنيًا على فائدة ملموسة,V2_500
LUB2-V2-0464,أنا ما أبي أدخل في نقاش، بس المعلومة اللي كتبتها غير دقيقة,الجنوبية,لاحظ متخصص خطأ في منشور واسع الانتشار فصححه بأسلوب هادئ,تصحيح,تصحيح مهني محايد,تحذير,حياد,2,لا,0,محايد,محايد,مرتبط,لا,لا,منخفض,التصحيح مصاغ بلغة هادئة وغير عدائية رغم كونه اعتراضًا على المحتوى,V2_500
LUB2-V2-0465,حذفت التعليق بدل ما ترد عليه,الحجازية,حذف صاحب حساب تعليقًا نقديًا بدل الرد عليه أو مناقشة صاحبه,سرد واقعة,انتقاد لأسلوب التعامل مع النقد,لوم,استياء,3,لا,0,سلبي,سلبي,مرتبط,لا,لا,متوسط,الجملة تحمل لومًا مباشرًا على تجنب النقاش وليس مجرد وصف لواقعة,V2_500
LUB2-V2-0466,صاحب الحساب رد على النقد واعترف بالخطأ وعدل المنشور,الوسطى,صحح صاحب محتوى معلومة خاطئة بعد تنبيه متابع واعترف بذلك علنًا,إبلاغ,مدح حقيقي للشفافية,مدح,تقدير,4,لا,0,إيجابي,إيجابي,مرتبط,لا,لا,منخفض,الاعتراف العلني بالخطأ سلوك نادر يبرر التقدير ويقابل الحالة السابقة,V2_500
LUB2-V2-0467,أنا ما زعلت، بس الطريقة كانت قدام كل الناس,الشرقية,انتقد قريب أحد أفراد العائلة أمام الجميع في مناسبة عامة,نفي الزعل,عتاب على أسلوب النقد العلني,عتاب,خيبة أمل,4,لا,0,محايد,سلبي,غير مرتبط,لا,لا,متوسط,نفي الزعل تلطيف اجتماعي ينقضه الشطر الثاني الذي يحمل عتابًا واضحًا,V2_500
LUB2-V2-0468,أنا ما زعلت، صدق الموضوع ما يستاهل,الشمالية,حدث سوء فهم بسيط بين صديقين وتم توضيحه فورًا بلا أي أثر,نفي الزعل,نفي حقيقي للانزعاج,تهدئة,حياد,1,لا,0,محايد,إيجابي,مرتبط,لا,لا,منخفض,السياق يؤكد زوال المشكلة سريعًا فالنفي صادق ويقابل الحالة السابقة,V2_500
LUB2-V2-0469,أعتذر منك، كلامي أمس كان جارح وما كان في محله,الجنوبية,تحدث شخص بقسوة مع أخيه في نقاش عائلي وبادر بالاعتذار في اليوم التالي,اعتذار,اعتذار حقيقي,اعتذار,ارتباك,4,لا,0,محايد,إيجابي,مرتبط,لا,لا,منخفض,المبادرة الذاتية بالاعتذار وتحديد الخطأ دليلان على صدق الندم,V2_500
LUB2-V2-0470,أعتذر إني عبرت عن رأيي في اجتماع العائلة,الحجازية,أبدى شخص رأيًا مخالفًا في نقاش عائلي فووجه بالاستنكار من الجميع,اعتذار,احتجاج ساخر على رفض رأيه,سخرية,استياء,4,نعم,4,محايد,سلبي,غير مرتبط,لا,لا,متوسط,صيغة الاعتذار مقلوبة وتستخدم للاحتجاج على عدم تقبل الاختلاف,V2_500
LUB2-V2-0471,أنا بس أبي أفهم وش صار، مو أبي ألوم أحد,الوسطى,حدث خلاف بين أفراد أسرة ويحاول أحدهم استيضاح ما جرى بهدوء,توضيح نية,رغبة حقيقية في الفهم,استفسار,قلق,3,لا,0,محايد,محايد,مرتبط,لا,لا,منخفض,نفي نية اللوم صادق هنا لأن السياق يظهر محاولة احتواء لا مساءلة,V2_500
LUB2-V2-0472,كل مرة أقول بحكي معك وكل مرة تقول مو وقته,الشرقية,حاول شخص فتح موضوع مهم مع قريبه أربع مرات وتم تأجيله في كل مرة,وصف للوضع,عتاب مباشر على التهرب,عتاب,إحباط,4,لا,0,سلبي,سلبي,مرتبط,لا,لا,متوسط,السرد يوثق نمطًا متكررًا من التأجيل مما يجعل العتاب مبررًا وصريحًا,V2_500
LUB2-V2-0473,قعدنا نتكلم ساعتين وانحل كل سوء الفهم,الشمالية,جلس صديقان وتحدثا بصراحة حتى زال خلاف استمر شهورًا بينهما,إبلاغ,ارتياح حقيقي,رضا,ارتياح,4,لا,0,إيجابي,إيجابي,مرتبط,لا,لا,منخفض,النتيجة الإيجابية المذكورة تجعل الجملة تعبيرًا صادقًا عن ارتياح فعلي,V2_500
LUB2-V2-0474,الله يسعدك، ما تأخرت علي لما احتجتك,الجنوبية,استجاب صديق فورًا لطلب مساعدة عاجل في وقت متأخر من الليل,دعاء,امتنان حقيقي,امتنان,امتنان,5,لا,0,إيجابي,إيجابي,مرتبط,لا,لا,منخفض,الاستجابة الفورية في وقت الحاجة تفسر الدرجة المرتفعة من الامتنان,V2_500
LUB2-V2-0475,الله يسعدك، وصلتني الدعوة بعد ما خلصت المناسبة,الحجازية,أرسل قريب دعوة لمناسبة عائلية بعد انتهائها بيوم كامل,دعاء,عتاب ساخر على التجاهل,سخرية,استياء,3,نعم,4,إيجابي,سلبي,غير مرتبط,لا,لا,منخفض,الدعاء الإيجابي يصطدم بواقعة التأخير مما يقلب المعنى إلى عتاب ساخر,V2_500
LUB2-V2-0476,أنا موافق على المكان، بس أبي نحدد الوقت من الحين,الوسطى,يخطط أصدقاء للقاء والشخص يريد تثبيت الموعد لتنظيم جدوله,موافقة مشروطة,قبول حقيقي مع طلب تنظيمي,قبول,حياد,1,لا,0,إيجابي,إيجابي,مرتبط,لا,لا,منخفض,الموافقة صادقة والطلب تنظيمي بسيط بلا أي شحنة عاطفية,V2_500
LUB2-V2-0477,أنا موافق على أي مكان، مثل ما صار في المرات السابقة,الشرقية,تُتجاهل اقتراحات الشخص باستمرار ويُفرض عليه اختيار المجموعة كل مرة,موافقة,موافقة شكلية مع استياء,عدم رضا,انزعاج,3,نعم,3,إيجابي,سلبي,غير مرتبط,لا,لا,منخفض,الإشارة للمرات السابقة تكشف أن الموافقة شكلية وناتجة عن تكرار التجاهل,V2_500
LUB2-V2-0478,جمعية الحي نظفت الحديقة وركبت إنارة بتبرعات السكان,الشمالية,تعاون سكان حي على تحسين حديقة مهملة قرب منازلهم,إبلاغ إيجابي,فخر وتقدير حقيقي,مدح,فرح,4,لا,0,إيجابي,إيجابي,مرتبط,لا,لا,منخفض,الإنجاز الجماعي الموصوف واقعي ومحدد مما يجعل التقييم إيجابيًا بصدق,V2_500
LUB2-V2-0479,الحديقة صارت مكب نفايات وما فيه أحد يسأل,الجنوبية,تراكمت النفايات في حديقة عامة دون تدخل من أي جهة لأسابيع,وصف للوضع,شكوى من الإهمال,شكوى,استياء,4,لا,0,سلبي,سلبي,مرتبط,نعم,نعم,متوسط,الوصف يوثق إهمالًا مستمرًا ويحمل مطالبة ضمنية بتدخل الجهة المسؤولة,V2_500
LUB2-V2-0480,بلغت عن الحفرة في الشارع وانصلحت خلال يومين,الحجازية,استخدم مواطن قناة بلاغات رسمية وتمت معالجة المشكلة بسرعة,إبلاغ إيجابي,رضا حقيقي,رضا,ارتياح,4,لا,0,إيجابي,إيجابي,مرتبط,نعم,لا,منخفض,السرعة في الاستجابة واقعة محددة تجعل التقييم الإيجابي مبنيًا على تجربة,V2_500
LUB2-V2-0481,بلغت عن الحفرة من ستة أشهر وصارت أكبر,الوسطى,قدم مواطن بلاغًا عن خطر في الطريق ولم يُعالج حتى تفاقم,وصف للوضع,شكوى من تجاهل البلاغ,شكوى,إحباط,4,لا,0,سلبي,سلبي,مرتبط,نعم,نعم,مرتفع,تفاقم المشكلة بعد البلاغ يعزز الشكوى ويجعلها تتعلق بسلامة عامة,V2_500
LUB2-V2-0482,ما شاء الله على الحملة، نظفوا الشارع اللي فيه الكاميرات بس,الشرقية,ركزت حملة النظافة على شوارع رئيسية وتجاهلت الأحياء الداخلية,مدح للحملة,انتقاد ساخر لانتقائية العمل,سخرية,استياء,4,نعم,4,إيجابي,سلبي,غير مرتبط,نعم,نعم,متوسط,المدح الظاهر يليه كشف للانتقائية مما يحول الجملة إلى اتهام ساخر,V2_500
LUB2-V2-0483,الحملة شملت كل أحياء المنطقة بدون استثناء,الشمالية,نفذت الجهة حملة شاملة غطت الأحياء الداخلية والرئيسية على حد سواء,إبلاغ إيجابي,مدح حقيقي,مدح,رضا,3,لا,0,إيجابي,إيجابي,مرتبط,نعم,لا,منخفض,الشمول الموصوف يعالج بالضبط ما انتقدته الحالة السابقة فيصبح التقييم إيجابيًا,V2_500
LUB2-V2-0484,أنا مو ضد التطوير، أنا ضد إنه يصير بدون ما نعرف,الجنوبية,بدأت أعمال حفر في الحي دون إشعار مسبق للسكان أو شرح للمدة,توضيح موقف,اعتراض محدد على غياب الإشعار,شكوى,انزعاج,3,لا,0,محايد,سلبي,مرتبط,نعم,نعم,متوسط,الجملة تفصل بدقة بين قبول المبدأ ورفض الأسلوب وهو اعتراض دقيق,V2_500
LUB2-V2-0485,أرسلوا لنا إشعار عن أعمال الحفر ومدتها وبدائل الطرق,الحجازية,أبلغت الجهة سكان الحي بتفاصيل المشروع وبدائل التنقل قبل البدء,إبلاغ إيجابي,تقدير حقيقي للشفافية,مدح,ارتياح,3,لا,0,إيجابي,إيجابي,مرتبط,نعم,لا,منخفض,الإشعار التفصيلي يعالج ما اشتكت منه الحالة السابقة مما يبرر التقييم الإيجابي,V2_500
LUB2-V2-0486,صراحة تعبت من كثر ما أذكر أهلي بمواعيدهم,الوسطى,يتولى شخص تنظيم مواعيد والديه الطبية ويتحمل العبء وحده باستمرار,تعبير عن التعب,تذمر مع تحمل للمسؤولية,تذمر,إرهاق,3,لا,0,سلبي,سلبي,مرتبط جزئيًا,لا,لا,منخفض,التذمر لا يحمل لومًا لأحد بل يعكس إرهاقًا من دور مستمر يقوم به طوعًا,V2_500
LUB2-V2-0487,إخواني قسموا مواعيد الوالد بينهم بدون ما أطلب,الشرقية,نظم الأبناء جدولًا فيما بينهم لمرافقة والدهم لمواعيده الطبية,إبلاغ,امتنان حقيقي,امتنان,ارتياح,5,لا,0,إيجابي,إيجابي,مرتبط,لا,لا,منخفض,المبادرة الجماعية دون طلب تخفف عبئًا حقيقيًا مما يفسر عمق الامتنان,V2_500
LUB2-V2-0488,أنا فرحان لك من قلب، تعبت سنين على هالشهادة,الشمالية,تخرجت صديقة بعد سنوات من الدراسة أثناء العمل وهنأتها صديقتها,تهنئة,تهنئة وفرح حقيقي,تشجيع,فرح,5,لا,0,إيجابي,إيجابي,مرتبط,لا,لا,منخفض,معرفة المتحدث بمسار التعب الطويل تجعل التهنئة صادقة وعميقة,V2_500
LUB2-V2-0489,مبروك، أخيرًا تذكرت إنك عندك أصدقاء,الجنوبية,أعلن شخص خبرًا سعيدًا للجميع بعد أشهر من الانقطاع عن أصدقائه,تهنئة,عتاب ساخر ممزوج بالفرح,سخرية,فرح,3,نعم,3,إيجابي,إيجابي,غير مرتبط,لا,لا,منخفض,السخرية ودية والمشاعر إيجابية رغم وجود عتاب مبطن على الانقطاع,V2_500
LUB2-V2-0490,أقدر لك إنك قلت لي الحقيقة حتى لو ما عجبتني,الحجازية,صارح صديق صديقه برأي صريح في قراره رغم علمه بأنه لن يعجبه,شكر,تقدير حقيقي للمصارحة,شكر,تقدير,4,لا,0,إيجابي,إيجابي,مرتبط,لا,لا,منخفض,التقدير موجه لسلوك المصارحة تحديدًا وهو ما يجعله ثناءً محددًا وصادقًا,V2_500
LUB2-V2-0491,كل ما أشوف تجمع عائلي أتذكر إنه صار عندنا مجموعة واتساب بس,الوسطى,اقتصر التواصل العائلي على المجموعة الرقمية دون أي لقاءات فعلية لسنة,تعليق,شكوى من ضعف التواصل الحقيقي,تذمر,حزن خفيف,3,لا,0,محايد,سلبي,مرتبط جزئيًا,لا,لا,منخفض,الملاحظة تحمل أسى هادئًا على تراجع التواصل الإنساني لا لومًا لشخص محدد,V2_500
LUB2-V2-0492,اتفقنا نلتقي كل شهر وفعلًا التزمنا ست شهور,الشرقية,نظمت مجموعة أصدقاء لقاء شهريًا والتزم الجميع به لنصف عام,إبلاغ إيجابي,رضا حقيقي,رضا,فرح,4,لا,0,إيجابي,إيجابي,مرتبط,لا,لا,منخفض,الالتزام الفعلي الموصوف بالمدة يجعل التقييم إيجابيًا ومبنيًا على واقع,V2_500
LUB2-V2-0493,لا تشيل هم، أنا بوصلك للمطار الساعة أربعة الفجر,الشمالية,تطوع صديق بتوصيل صديقه لرحلة مبكرة جدًا رغم صعوبة الوقت,طمأنة,مساندة حقيقية,مواساة,تعاطف,5,لا,0,إيجابي,إيجابي,مرتبط,لا,لا,منخفض,الوعد محدد بزمان صعب مما يجعله التزامًا فعليًا لا مجرد مجاملة,V2_500
LUB2-V2-0494,لا تشيل هم، الأمور تتحسن,الجنوبية,شكا شخص لصديقه من أزمة مستمرة فرد عليه بعبارة عامة سريعة,طمأنة,مواساة سطحية بنية طيبة,مواساة,تعاطف,2,لا,0,إيجابي,محايد,مرتبط جزئيًا,لا,لا,منخفض,النية طيبة لكن الرد عام ولا يلامس المشكلة فالعلاقة بالمقصد جزئية,V2_500
LUB2-V2-0495,أنا مو زعلان، أنا بس ما عاد أتوقع شي,الحجازية,تكرر إخلاف الوعود من شخص مقرب حتى فقد صاحبه أي توقع منه,نفي الزعل,خيبة أمل عميقة وانسحاب عاطفي,عدم رضا,خيبة أمل,4,لا,0,محايد,سلبي,غير مرتبط,لا,لا,متوسط,نفي الزعل يخفي حالة أعمق من الانسحاب العاطفي وفقدان الثقة تدريجيًا,V2_500
LUB2-V2-0496,العزيمة كانت بسيطة بس الجو كان دافي,الوسطى,اجتمع أقارب في لقاء عفوي بلا تكلف وكان الجو وديًا ومريحًا,تقييم إيجابي,رضا حقيقي,رضا,فرح,4,لا,0,إيجابي,إيجابي,مرتبط,لا,لا,منخفض,التقييم يفصل بين بساطة الشكل ودفء المضمون وهو تعبير صادق عن الرضا,V2_500
LUB2-V2-0497,ما شاء الله على الترتيب، ما فيه كراسي تكفي نص الحضور,الشرقية,دُعي عدد كبير لمناسبة لم تُجهز لاستقبالهم فوقف كثير من الضيوف,مدح للترتيب,انتقاد ساخر لسوء التجهيز,سخرية,انزعاج,3,نعم,4,إيجابي,سلبي,غير مرتبط,لا,لا,منخفض,المدح الظاهر يناقضه وصف النقص مما يكشف تهكمًا على سوء التخطيط,V2_500
LUB2-V2-0498,أول مرة أحضر مناسبة تبدأ في وقتها بالضبط,الشمالية,بدأت مناسبة اجتماعية في موعدها المعلن دون تأخير معتاد,اندهاش,مدح حقيقي,مدح,رضا,4,لا,0,إيجابي,إيجابي,مرتبط,لا,لا,منخفض,الالتزام غير المعتاد بالوقت يبرر الاندهاش ويجعله ثناءً صادقًا,V2_500
LUB2-V2-0499,أنا حاضر أساعد في الترتيب، بس خبروني قبلها بيومين,الجنوبية,عرض شخص المساعدة في تنظيم مناسبة عائلية مع طلب إشعار مسبق,عرض مساعدة,مبادرة حقيقية مع شرط عملي,اقتراح,حياد,2,لا,0,إيجابي,إيجابي,مرتبط جزئيًا,لا,لا,منخفض,العرض صادق والشرط تنظيمي معقول ناتج عن تجارب سابقة مع الإخطار المتأخر,V2_500
LUB2-V2-0500,الحمد لله، اجتمعنا كلنا بعد ثلاث سنين,الحجازية,التقت عائلة موزعة بين مدن مختلفة في مناسبة جمعتهم بعد غياب طويل,حمد وفرح,فرح حقيقي,رضا,فرح,5,لا,0,إيجابي,إيجابي,مرتبط,لا,لا,منخفض,اللقاء بعد غياب طويل مناسبة إيجابية بوضوح ولا تحتمل أي قراءة ساخرة,V2_500
1,الله يعطيك العافية، حليت مشكلتي بأقل من خمس دقايق.,الوسطى,العميل تواصل مع الدعم الفني بخصوص عطل في تطبيق البنك، وقام الموظف بحل المشكلة بسرعة أثناء المكالمة نفسها.,مدح,شكر وامتنان حقيقي,شكر,امتنان,4,لا,0,إيجابي,إيجابي,مرتبط,نعم,لا,منخفض,العبارة تحمل مدحًا مباشرًا يتوافق تمامًا مع سرعة حل المشكلة، فلا يوجد تعارض بين الظاهر والمقصد.,Dataset4_1000
2,تسلم يا بو فهد، ما توقعت الرد يجيني بهالسرعة.,الحجازية,عميل تواصل مع متجر إلكتروني بخصوص استفسار عن منتج، ورد عليه أحد الموظفين خلال دقيقتين بمعلومات وافية.,مدح,تقدير حقيقي لسرعة الاستجابة,شكر,ارتياح,3,لا,0,إيجابي,إيجابي,مرتبط,نعم,لا,منخفض,لا يوجد أي مؤشر سياقي يخالف المعنى الظاهري، والموقف نفسه إيجابي بالكامل.,Dataset4_1000
3,والله فرحتوني، رجعتوا لي فلوسي أسرع مما توقعت.,الشرقية,طلب العميل استرجاع مبلغ من متجر إلكتروني بسبب منتج تالف، وتمت إعادة المبلغ خلال يوم واحد بدلًا من الأسبوع المعتاد.,مدح,رضا حقيقي عن سرعة الاسترجاع,امتنان,فرح,4,لا,0,إيجابي,إيجابي,مرتبط,نعم,لا,منخفض,السياق يدعم المعنى الظاهري تمامًا، ولا يوجد أي دلالة على السخرية.,Dataset4_1000
4,مشكورين، الفني اللي جاكم كان محترف وشرح لي كل شي بالتفصيل.,الجنوبية,طلب العميل صيانة لجهاز إنترنت المنزل، وقام الفني بشرح المشكلة والحل بطريقة واضحة.,مدح,تقدير حقيقي لمستوى الخدمة,مدح,رضا,3,لا,0,إيجابي,إيجابي,مرتبط,نعم,لا,منخفض,لا يوجد تناقض بين الكلام والموقف؛ الخدمة كانت فعلًا جيدة والمدح صادق.,Dataset4_1000
5,يعطيكم العافية، التطبيق الجديد سهل استخدامه كثير.,الشمالية,أصدرت شركة الاتصالات تحديثًا جديدًا للتطبيق، وتفاعل العميل معه لأول مرة ووجده سهلًا مقارنة بالنسخة القديمة.,مدح,رضا حقيقي عن التحديث,مدح,رضا,3,لا,0,إيجابي,إيجابي,مرتبط,نعم,لا,منخفض,المعنى الظاهري يعكس تجربة إيجابية فعلية بدون أي إشارة للسخرية.,Dataset4_1000
6,جزاكم الله خير، الموظفة صبرت علي وأنا أسأل عشر أسئلة.,سعودية عامة,عميلة اتصلت بخدمة العملاء لشركة تأمين وكان لديها استفسارات كثيرة، وتعاملت الموظفة معها بصبر وود.,مدح,امتنان حقيقي للصبر والتعامل الجيد,امتنان,امتنان,4,لا,0,إيجابي,إيجابي,مرتبط,نعم,لا,منخفض,الجملة تعبر عن تقدير صادق ينسجم تمامًا مع وصف الموقف الإيجابي.,Dataset4_1000
7,أبشركم، الطلب وصل قبل الموعد بيوم كامل.,الوسطى,طلب العميل قطعة غيار لسيارته من متجر إلكتروني وحُدد له موعد تسليم، لكن الطلب وصل مبكرًا.,مدح,رضا حقيقي عن سرعة التوصيل,رضا,فرح,3,لا,0,إيجابي,إيجابي,مرتبط,نعم,لا,منخفض,لا يوجد أي دلالة سياقية على وجود معنى آخر غير الرضا الصريح.,Dataset4_1000
8,ما شاء الله عليكم، حلولكم دايمًا سريعة ومباشرة.,الحجازية,شركة برمجيات قدّمت دعمًا فنيًا لعميل شركته، وحلّت مشكلة تقنية معقدة خلال ساعة واحدة.,مدح,تقدير حقيقي للكفاءة,مدح,تقدير,4,لا,0,إيجابي,إيجابي,مرتبط,نعم,لا,منخفض,الموقف الإيجابي المذكور في السياق يتطابق تمامًا مع المدح الوارد في النص.,Dataset4_1000
9,تسلم إيدك، الأكل كان لذيذ وسخن لما وصل.,الشرقية,طلب العميل وجبة من مطعم عبر تطبيق توصيل، ووصلت الوجبة ساخنة ومطابقة للطلب.,مدح,رضا حقيقي عن جودة الخدمة,رضا,رضا,3,لا,0,إيجابي,إيجابي,مرتبط,لا,لا,منخفض,الموقف موقف حياتي يومي إيجابي بدون أي دلالة على السخرية.,Dataset4_1000
10,الله يجزاكم خير، فعلًا راعيتوا ظروفي وأجّلتوا الدفعة بدون أي تعقيد.,الجنوبية,طلب العميل من البنك تأجيل قسط شهري بسبب ظرف طارئ، وتمت الموافقة بسرعة وبدون شروط معقدة.,مدح,امتنان حقيقي للتعاون,شكر,امتنان,4,لا,0,إيجابي,إيجابي,مرتبط,نعم,لا,منخفض,السياق يوضح تعاونًا فعليًا من البنك، وهو ما يفسر صدق العبارة.,Dataset4_1000
11,ما شاء الله عليكم، خدمة ما لها مثيل، ثلاث ساعات انتظار على الهاتف.,الوسطى,اتصل العميل بخدمة عملاء شركة اتصالات وظل منتظرًا على الخط لمدة تقارب ثلاث ساعات قبل أن يرد عليه أحد.,مدح,سخرية واستياء من طول الانتظار,سخرية,استياء,4,نعم,4,إيجابي,سلبي,غير مرتبط,نعم,نعم,متوسط,المعنى الظاهري مدح صريح، لكن ذكر مدة الانتظار الطويلة يكشف أن القصد هو السخرية من سوء الخدمة.,Dataset4_1000
12,يا سلام عليكم، فاتورة زيادة عن المعتاد بس ما عليه، عادي جدًا.,الحجازية,استلم العميل فاتورة اتصالات أعلى من المعتاد بشكل ملحوظ دون تفسير واضح من الشركة.,إيجابي,سخرية من الخطأ في الفاتورة,شكوى,استياء,3,نعم,3,إيجابي,سلبي,غير مرتبط,نعم,نعم,متوسط,استخدام يا سلام مع ذكر زيادة الفاتورة يوحي بسخرية مبطنة وليس رضا فعليًا.,Dataset4_1000
13,تسلم أيدكم، حولتوني لأربع أقسام واحد يقول اتصل على الثاني.,الشرقية,تواصل العميل مع بنك بخصوص مشكلة في بطاقته، وتم تحويله بين أربعة أقسام مختلفة دون حل.,مدح,سخرية من سوء تنظيم التحويل بين الأقسام,سخرية,إحباط,4,نعم,4,إيجابي,سلبي,غير مرتبط,نعم,نعم,مرتفع,الجملة تبدأ بمدح لكن وصف التنقل بين أربعة أقسام دون حل يجعلها سخرية واضحة من سوء التنظيم.,Dataset4_1000
14,ممتاز، بس أحسن إني اتصلت خمس مرات عشان أوصل لهذا الرد.,الجنوبية,اضطر العميل للاتصال بخدمة العملاء خمس مرات متتالية للحصول على إجابة واحدة بخصوص مشكلة في اشتراكه.,إيجابي,سخرية من كثرة المحاولات المطلوبة,سخرية,نفاد صبر,4,نعم,4,إيجابي,سلبي,غير مرتبط,نعم,نعم,متوسط,كلمة ممتاز لا تتوافق مع الحاجة إلى خمس محاولات، مما يدل على سخرية من التقصير.,Dataset4_1000
15,عاشت الأيادي، الدعم الفني رد علي بعد يومين كاملين من التذكرة.,الشمالية,فتح العميل تذكرة دعم فني لمشكلة عاجلة في خدمة الإنترنت، ولم يصله رد إلا بعد يومين.,مدح,سخرية من بطء الاستجابة,سخرية,إحباط,4,نعم,3,إيجابي,سلبي,غير مرتبط,نعم,نعم,متوسط,المدح الظاهري يتناقض مع مدة الانتظار الطويلة المذكورة في السياق، ما يكشف السخرية.,Dataset4_1000
16,يا هلا فيكم، رجعتوا تسحبوا نفس المبلغ اللي كان فيه خطأ من قبل!,سعودية عامة,اكتشف العميل أن الخطأ في الخصم البنكي الذي تم حله سابقًا تكرر مرة أخرى في الفاتورة الجديدة.,إيجابي,استياء وسخرية من تكرار نفس الخطأ,شكوى,غضب,4,نعم,3,إيجابي,سلبي,غير مرتبط,نعم,نعم,مرتفع,الترحيب الظاهري يتحول إلى سخرية بسبب تكرار نفس الخطأ الذي كان يفترض أنه حُلّ.,Dataset4_1000
17,الله يعطيكم العافية، عندي طلب من شهر ولسا حالته قيد المعالجة.,الوسطى,قدّم العميل طلب استخراج وثيقة رسمية عبر منصة حكومية إلكترونية منذ شهر كامل دون أي تحديث.,مدح,سخرية واستياء من طول مدة المعالجة,شكوى,إحباط,4,نعم,3,إيجابي,سلبي,غير مرتبط,نعم,نعم,متوسط,الدعاء الظاهري لا يتوافق مع المدة الطويلة المذكورة، وهو ما يكشف نبرة الاستياء المبطن.,Dataset4_1000
18,يا زين الترتيب، وصلني طلبين مكررين وناقص الطلب الأساسي.,الحجازية,طلب العميل ثلاث قطع من متجر إلكتروني، فوصلته قطعتان متكررتان بينما القطعة المطلوبة الأساسية لم تصل.,مدح,سخرية من الخطأ في تجهيز الطلب,سخرية,إحباط,4,نعم,4,إيجابي,سلبي,غير مرتبط,نعم,نعم,متوسط,وصف الخطأ في الطلب يتناقض تمامًا مع المدح الظاهري في بداية الجملة.,Dataset4_1000
19,تشكرون على السرعة، بطاقتي تعطلت وأنا واقف في الكاشير قدام الكل.,الشرقية,توقفت بطاقة العميل البنكية عن العمل أثناء الدفع في محل تجاري أمام زبائن آخرين، وواجه إحراجًا.,مدح,سخرية واستياء من عطل غير متوقع,شكوى,إحباط,3,نعم,3,إيجابي,سلبي,غير مرتبط,نعم,نعم,متوسط,كلمة الشكر تأتي في سياق موقف محرج وسيء، ما يجعلها سخرية وليست شكرًا حقيقيًا.,Dataset4_1000
20,الله يوفقكم، غيّرتوا سياسة الاسترجاع بدون ما تخبرونا وأنا رايح أرجع منتج.,الجنوبية,ذهب العميل لإرجاع منتج بناءً على السياسة القديمة، فاكتشف أن الشركة غيّرت الشروط دون إشعار مسبق.,إيجابي,استياء وسخرية من نقص التواصل,شكوى,استياء,3,نعم,3,إيجابي,سلبي,غير مرتبط,نعم,نعم,متوسط,الدعاء بالتوفيق يتحول لسخرية بسبب موقف سلبي واضح يخص تغيير السياسة دون إشعار.,Dataset4_1000
21,عساكم بخير، نفس المشكلة ترجع كل شهر بالظبط في نفس التاريخ!,الشمالية,يعاني العميل من انقطاع متكرر لخدمة الإنترنت في نفس التاريخ من كل شهر منذ ثلاثة أشهر.,إيجابي,سخرية واستياء من تكرار المشكلة,شكوى,نفاد صبر,4,نعم,4,إيجابي,سلبي,غير مرتبط,نعم,نعم,مرتفع,الدعاء الافتتاحي يخفي انتقادًا واضحًا لتكرار نفس العطل بشكل دوري دون حل.,Dataset4_1000
22,تسلمون، هذي أول مرة أشوف تطبيق يهنق كل ما أفتحه.,سعودية عامة,أطلقت الشركة تحديثًا جديدًا للتطبيق، لكنه أصبح يتوقف عن العمل بشكل متكرر بعد التحديث.,مدح,سخرية من ضعف أداء التحديث,سخرية,إحباط,3,نعم,4,إيجابي,سلبي,غير مرتبط,نعم,نعم,متوسط,التسليم الظاهري يتناقض مع وصف تعطل التطبيق المتكرر، وهو ما يوضح السخرية.,Dataset4_1000
23,حبيت بس أنبّه إنه نفس المشكلة صارت معي قبل كذا.,الوسطى,تواصل العميل مع الدعم الفني لإبلاغهم أن نفس عطل الإنترنت تكرر للمرة الثانية خلال أسبوعين.,محايد,شكوى مهذبة من تكرار المشكلة,شكوى,استياء,2,لا,0,محايد,سلبي,مرتبط جزئيًا,نعم,نعم,متوسط,الصياغة مهذبة وغير حادة، لكنها تحمل انتقادًا ضمنيًا لتكرار العطل نفسه.,Dataset4_1000
24,ياليت لو ممكن تسرّعون شوي في المرات الجايه.,الحجازية,انتظر العميل مدة طويلة قبل أن يتم الرد على طلبه في أحد فروع البنك.,محايد,طلب مهذب مع استياء خفيف من التأخير,طلب,استياء,2,لا,0,محايد,سلبي,مرتبط جزئيًا,نعم,لا,منخفض,الصياغة تبدو طلبًا بسيطًا، لكنها تخفي عدم رضا عن سرعة الخدمة الحالية.,Dataset4_1000
25,ما أبي أزعجكم بس هذي رابع مرة أراسلكم بنفس الموضوع.,الشرقية,أرسل العميل أربع رسائل متتالية لخدمة العملاء بخصوص نفس المشكلة دون رد كافٍ.,محايد,استياء مبطن من عدم المتابعة,شكوى,إحباط,3,لا,0,محايد,سلبي,مرتبط جزئيًا,نعم,نعم,متوسط,العبارة تبدأ بتلطف ظاهري لكنها تحمل إشارة واضحة لتكرار المحاولة دون استجابة.,Dataset4_1000
26,بس حابب أعرف متى بالضبط بيتم الحل، صار عندي وقت أطول من اللازم.,الجنوبية,ينتظر العميل حل مشكلة في حسابه البنكي منذ أكثر من أسبوعين دون تحديد موعد واضح.,محايد,استفسار يحمل استياء من طول الانتظار,استفسار,نفاد صبر,3,لا,0,محايد,سلبي,مرتبط جزئيًا,نعم,نعم,متوسط,السؤال المباشر يخفي عدم رضا عن غياب جدول زمني واضح للحل.,Dataset4_1000
27,أتفهم إنكم مشغولين، بس ياليت أحد يرجع لي بخصوص طلبي.,الشمالية,قدّم العميل طلب صيانة منذ ثلاثة أيام ولم يتلق أي رد أو تحديث من الشركة.,محايد,شكوى مهذبة من غياب المتابعة,شكوى,استياء,2,لا,0,محايد,سلبي,مرتبط جزئيًا,نعم,نعم,منخفض,التفهم الظاهري لا يخفي أن العميل ينتظر ردًا لم يصله بعد.,Dataset4_1000
28,ودّي أعرف إذا في طريقة أسرع من كذا، لأن الموضوع صار يأثر على شغلي.,سعودية عامة,يعتمد العميل على خدمة الإنترنت في عمله، وتأخر حل عطل يؤثر على إنتاجيته منذ يومين.,محايد,شكوى مهذبة مع إشارة لتأثر العمل,شكوى,قلق,3,لا,0,محايد,سلبي,مرتبط جزئيًا,نعم,نعم,متوسط,الجملة تبدو استفسارًا هادئًا لكنها تحمل ضغطًا ضمنيًا بسبب تأثر العمل.,Dataset4_1000
29,ما فيه مشكلة إذا تأخر الرد، بس حابب أذكّركم إني منتظر من الصبح.,الوسطى,أرسل العميل استفسارًا في الصباح ولم يصله رد حتى المساء رغم تأكيد الشركة بالرد خلال ساعات.,محايد,تذكير مهذب يحمل استياء خفيف,شكوى,نفاد صبر,2,لا,0,محايد,سلبي,مرتبط جزئيًا,نعم,نعم,منخفض,عبارة (ما فيه مشكلة) تخفف من حدة الجملة لكنها لا تلغي الإشارة لطول الانتظار.,Dataset4_1000
30,بس أتمنى المرة الجاية يكون التواصل أوضح شوي.,الحجازية,تلقى العميل معلومات متضاربة من موظفين مختلفين بخصوص حالة شحنته.,محايد,شكوى مهذبة من ضعف وضوح التواصل,شكوى,استياء,2,لا,0,محايد,سلبي,مرتبط جزئيًا,نعم,نعم,منخفض,الصياغة اللطيفة تحمل انتقادًا غير مباشر لتضارب المعلومات المقدمة.,Dataset4_1000
31,والله تعبت وأنا كل يوم أتواصل معكم ونفس المشكلة!,الوسطى,يعاني العميل من نفس مشكلة الفوترة منذ خمسة أيام رغم تواصله اليومي مع الدعم الفني.,سلبي,غضب مباشر من تكرار المشكلة,شكوى,إحباط,5,لا,0,سلبي,سلبي,مرتبط,نعم,نعم,مرتفع,الجملة تعبر بشكل مباشر عن الغضب دون أي مؤشر للسخرية، والمشاعر متوافقة تمامًا مع الكلمات.,Dataset4_1000
32,هذا آخر تحمّل مني، إذا ما تحل المشكلة اليوم بلغي عنكم.,الشرقية,بعد أسبوع من المحاولات غير الناجحة لحل مشكلة في حساب العميل البنكي، قرر التهديد بتقديم شكوى رسمية.,سلبي,غضب وتهديد مباشر بالتصعيد,تحذير,غضب,5,لا,0,سلبي,سلبي,مرتبط,نعم,نعم,مرتفع,التهديد الصريح بالتصعيد يعكس مستوى عالٍ من الغضب المباشر دون أي التباس.,Dataset4_1000
33,هذا تقصير واضح منكم وما أقبل أي عذر.,الحجازية,تأخر تسليم مشروع من مقاول لمدة شهر كامل عن الموعد المتفق عليه.,سلبي,غضب ورفض مباشر لأي تبرير,رفض,غضب,5,لا,0,سلبي,سلبي,مرتبط,لا,نعم,مرتفع,العبارة واضحة ومباشرة في التعبير عن الغضب دون أي حاجة لتفسير سياقي إضافي.,Dataset4_1000
34,ما ينفع كذا، أنا زبون من خمس سنوات وما توقعت هالتعامل.,الجنوبية,شعر العميل الدائم بخيبة أمل بعد تعامل غير لائق من أحد الموظفين في أحد الفروع.,سلبي,خيبة أمل وغضب مباشر,شكوى,خيبة أمل,4,لا,0,سلبي,سلبي,مرتبط,نعم,نعم,مرتفع,التعبير عن خيبة الأمل مباشر ومرتبط بالكامل بسوء التعامل الموصوف في السياق.,Dataset4_1000
35,لا أقبل هذا الرد، أبي أتكلم مع المسؤول مباشرة.,الشمالية,رفض العميل الرد الذي قدمه موظف الدعم بخصوص تعويض عن خدمة معطلة، وطلب التصعيد للإدارة.,سلبي,رفض مباشر وطلب تصعيد,رفض,غضب,4,لا,0,سلبي,سلبي,مرتبط,نعم,نعم,مرتفع,الرفض والطلب بالتصعيد معبّر عنهما بشكل صريح دون أي غموض.,Dataset4_1000
36,ما قصرت.,سعودية عامة,شخص ساعد صديقه في نقل أثاث بيته الجديد طوال اليوم.,مدح,شكر حقيقي على المساعدة,شكر,امتنان,4,لا,0,إيجابي,إيجابي,مرتبط,لا,لا,منخفض,الجملة تعبر عن شكر صادق يتوافق مع الموقف الإيجابي في السياق.,Dataset4_1000
37,ما قصرت.,الوسطى,زميل في العمل تأخر في تسليم جزء من مشروع مشترك مما أخّر الفريق كله.,مدح,لوم وسخرية من التقصير,لوم,استياء,3,نعم,3,إيجابي,سلبي,غير مرتبط,لا,نعم,متوسط,نفس العبارة تتحول لسخرية ولوم بسبب التقصير الفعلي الموصوف في السياق.,Dataset4_1000
38,يا زين التنظيم.,الحجازية,حضر المتحدث حفل تخرج جامعي كان منظمًا بشكل ممتاز من ناحية المواعيد والجلوس.,مدح,مدح حقيقي لجودة التنظيم,مدح,رضا,3,لا,0,إيجابي,إيجابي,مرتبط,لا,لا,منخفض,الموقف الإيجابي في السياق يجعل المدح صادقًا ومباشرًا.,Dataset4_1000
39,يا زين التنظيم.,الشرقية,حضر المتحدث فعالية تسويقية تأخرت ساعتين عن موعدها ولم يكن هناك تنظيم واضح للجلوس.,مدح,سخرية من سوء التنظيم,سخرية,إحباط,3,نعم,4,إيجابي,سلبي,غير مرتبط,لا,لا,منخفض,الفوضى الموصوفة في السياق تجعل المدح الظاهري سخرية واضحة من سوء التنظيم.,Dataset4_1000
40,أبد، الأمور طيبة.,الجنوبية,سأل صديق عن حالة مشروع كان يواجه مشاكل، فأكد له المتحدث أن المشكلة انتهت فعلًا.,إيجابي,طمأنة حقيقية بأن الوضع تحسن,تهدئة,ارتياح,3,لا,0,إيجابي,إيجابي,مرتبط,لا,لا,منخفض,لا يوجد أي مؤشر على تناقض بين الكلام والواقع، فالطمأنة صادقة.,Dataset4_1000
41,أبد، الأمور طيبة.,الشمالية,سأل مدير المتحدث عن سبب تأخره المتكرر، فأجاب بهذه العبارة رغم انزعاجه من الموضوع لكنه لا يريد الدخول في نقاش.,إيجابي,إخفاء الاستياء وتجنب النقاش,تبرير,استياء,2,لا,0,إيجابي,سلبي,مرتبط جزئيًا,لا,لا,منخفض,العبارة تخفي مشاعر استياء حقيقية خلف نبرة هادئة تتجنب المواجهة.,Dataset4_1000
42,تمام.,سعودية عامة,وافق زميل في اجتماع عمل على خطة جديدة بعد أن اقتنع فعلًا بمميزاتها.,محايد,موافقة حقيقية ومقتنعة,قبول,رضا,3,لا,0,محايد,إيجابي,مرتبط,لا,لا,منخفض,لا يوجد أي دليل سياقي على عدم رضا، فالموافقة تبدو صادقة ومباشرة.,Dataset4_1000
43,تمام.,الوسطى,طلب مدير من موظف العمل بوقت إضافي دون سابق إنذار، فرد الموظف بهذه الكلمة رغم رفضه الداخلي لتجنب الخلاف.,محايد,موافقة ظاهرية مع استياء داخلي,قبول,استياء,3,لا,0,محايد,سلبي,مرتبط جزئيًا,لا,لا,منخفض,كلمة واحدة قصيرة قد تخفي استياءً حقيقيًا حين تُقال في سياق ضغط أو عدم رغبة فعلية.,Dataset4_1000
44,عادي.,الحجازية,سأل صديق آخر إذا كان تأخره خمس دقائق يزعجه، فرد المتحدث بصدق أنه لا مشكلة لديه.,محايد,قبول حقيقي بدون انزعاج,تهدئة,حياد,2,لا,0,محايد,محايد,مرتبط,لا,لا,منخفض,لا يوجد في السياق ما يوحي بوجود انزعاج خفي، فالرد يعكس حيادًا صادقًا.,Dataset4_1000
45,عادي.,الشرقية,انتظر العميل ساعة كاملة في صالة انتظار عيادة دون أي تحديث من الاستقبال، وحين سُئل عن شعوره رد بهذه الكلمة.,محايد,استياء مكتوم من طول الانتظار,شكوى,إحباط,3,نعم,2,محايد,سلبي,مرتبط جزئيًا,نعم,نعم,منخفض,الرد المقتضب يخفي انزعاجًا حقيقيًا لا يريد المتحدث التعبير عنه صراحة.,Dataset4_1000
46,براحتك.,الجنوبية,سأل صديق المتحدث عن الوقت المناسب للقائهما، فرد بهذه العبارة لأنه فعلًا مرن بدون أي تفضيل.,محايد,مرونة حقيقية بدون أي تحفظ,حياد,حياد,1,لا,0,محايد,محايد,مرتبط,لا,لا,منخفض,لا يوجد سياق يوحي بوجود استياء، والعبارة تعكس مرونة صادقة.,Dataset4_1000
47,براحتك.,الشمالية,اقترح زميل في مشروع جماعي تغيير خطة العمل في اللحظة الأخيرة رغم اعتراض بقية الفريق سابقًا، فرد المتحدث بهذه العبارة بامتعاض.,محايد,استسلام مصحوب باستياء,عتاب,استياء,3,نعم,2,محايد,سلبي,مرتبط جزئيًا,لا,لا,منخفض,العبارة تحمل استسلامًا يخفي استياءً من فرض قرار متأخر على الفريق.,Dataset4_1000
48,الله يعين.,سعودية عامة,سمع المتحدث خبرًا عن مرض شخص من معارفه ودعا له بهذه العبارة بصدق.,محايد,دعاء حقيقي ومواساة,مواساة,حزن,2,لا,0,محايد,محايد,مرتبط,لا,لا,منخفض,السياق يوضح أن العبارة دعاء صادق مرتبط بموقف إنساني حقيقي.,Dataset4_1000
49,الله يعين.,الوسطى,واجه موظف نفس عطل النظام للمرة الثالثة هذا الأسبوع وردد هذه العبارة بينه وبين نفسه.,محايد,إحباط واستسلام من تكرار المشكلة,تذمر,إحباط,4,لا,0,محايد,سلبي,مرتبط جزئيًا,لا,لا,منخفض,تكرار المشكلة يحوّل الدعاء الظاهري إلى تعبير عن إحباط واستسلام.,Dataset4_1000
50,يا سلام.,الحجازية,أخبر صديق المتحدث بخبر ترقيته في العمل فرد عليه بهذه العبارة معبرًا عن فرحه الصادق.,إيجابي,فرح حقيقي بخبر جيد,تشجيع,فرح,4,لا,0,إيجابي,إيجابي,مرتبط,لا,لا,منخفض,الفرح المعبر عنه ينسجم تمامًا مع خبر إيجابي حقيقي في السياق.,Dataset4_1000
51,يا سلام.,الشرقية,علم العميل أن سعر الخدمة ارتفع للمرة الثانية خلال ثلاثة أشهر دون أي إشعار مسبق.,إيجابي,سخرية واستياء من رفع السعر المفاجئ,سخرية,استياء,3,نعم,3,إيجابي,سلبي,غير مرتبط,نعم,نعم,متوسط,نفس العبارة الإيجابية تتحول إلى سخرية بسبب خبر سلبي يخص رفع الأسعار.,Dataset4_1000
52,ممتاز.,الجنوبية,راجع مدير تقرير موظف ووجده دقيقًا ومكتملًا كما هو مطلوب تمامًا.,إيجابي,تقييم إيجابي حقيقي للعمل,مدح,رضا,3,لا,0,إيجابي,إيجابي,مرتبط,لا,لا,منخفض,التقييم يتوافق تمامًا مع جودة العمل الموصوفة في السياق.,Dataset4_1000
53,ممتاز.,الشمالية,علم العميل أن موعد صيانة جهازه تأجل للمرة الثالثة دون سبب واضح.,إيجابي,سخرية من تكرار التأجيل,سخرية,نفاد صبر,4,نعم,4,إيجابي,سلبي,غير مرتبط,نعم,نعم,متوسط,تكرار التأجيل يجعل كلمة ممتاز سخرية واضحة من سوء إدارة المواعيد.,Dataset4_1000
54,حلو.,سعودية عامة,جرّب المتحدث طبقًا جديدًا في مطعم ووجده لذيذًا فعلًا.,إيجابي,إعجاب حقيقي بالطعام,مدح,رضا,2,لا,0,إيجابي,إيجابي,مرتبط,لا,لا,منخفض,لا يوجد أي مؤشر سياقي على وجود معنى مختلف عن الإعجاب المباشر.,Dataset4_1000
55,حلو.,الوسطى,اقترح مدير على فريقه العمل في عطلة نهاية الأسبوع بدون تعويض، فرد أحد الموظفين بهذه الكلمة بفتور.,إيجابي,قبول ظاهري مع استياء داخلي,قبول,استياء,3,لا,0,إيجابي,سلبي,مرتبط جزئيًا,لا,لا,منخفض,نبرة الفتور الموصوفة في السياق تشير إلى استياء خلف كلمة الموافقة القصيرة.,Dataset4_1000
56,أبشر.,الحجازية,طلب صديق من المتحدث مساعدة بسيطة فوافق فورًا وبحماس صادق.,إيجابي,موافقة حقيقية وحماس للمساعدة,قبول,فرح,3,لا,0,إيجابي,إيجابي,مرتبط,لا,لا,منخفض,الحماس الموصوف في السياق يؤكد صدق الموافقة.,Dataset4_1000
57,أبشر.,الشرقية,طلب مدير من موظف مرهق إنجاز مهمة إضافية عاجلة في وقت متأخر من الليل.,إيجابي,موافقة مجاملة تخفي إرهاقًا واستياء,قبول,إحباط,3,لا,0,إيجابي,سلبي,مرتبط جزئيًا,لا,لا,منخفض,السياق يوحي بأن الموافقة السريعة قد تكون مجاملة تخفي إرهاقًا حقيقيًا.,Dataset4_1000
58,تسلم.,الجنوبية,أعاد شخص لصديقه غرضًا كان استعاره منه في الموعد المحدد دون تأخير.,مدح,شكر حقيقي وبسيط,شكر,رضا,2,لا,0,إيجابي,إيجابي,مرتبط,لا,لا,منخفض,الموقف بسيط وإيجابي، والشكر يعكس ذلك بصدق.,Dataset4_1000
59,تسلم.,الشمالية,أرسل موظف تقريرًا ناقصًا لزميله في اللحظة الأخيرة مما اضطره لإكماله بنفسه قبل الاجتماع.,مدح,سخرية ولوم من التقصير,لوم,استياء,3,نعم,3,إيجابي,سلبي,غير مرتبط,لا,لا,منخفض,كلمة الشكر القصيرة تتحول إلى سخرية بسبب التقصير الموصوف في السياق.,Dataset4_1000
60,يعطيك العافية.,سعودية عامة,ساعد زميل صديقه في مراجعة عرض تقديمي جامعي وقدّم ملاحظات مفيدة.,مدح,شكر حقيقي على المساعدة,شكر,امتنان,3,لا,0,إيجابي,إيجابي,مرتبط,لا,لا,منخفض,الشكر يتوافق تمامًا مع مساعدة فعلية ومفيدة موصوفة في السياق.,Dataset4_1000
61,يعطيك العافية.,الوسطى,وصل فني الصيانة متأخرًا ثلاث ساعات عن الموعد المحدد لإصلاح عطل في المكيف صيفًا.,مدح,سخرية من التأخير الكبير,سخرية,استياء,4,نعم,4,إيجابي,سلبي,غير مرتبط,نعم,نعم,متوسط,التأخير الكبير الموصوف في السياق يجعل عبارة الشكر سخرية بدلًا من تقدير حقيقي.,Dataset4_1000
62,الله يسعدك.,الحجازية,قدّم شخص هدية بسيطة لصديقه في مناسبة عزيزة عليه.,مدح,دعاء حقيقي وامتنان صادق,شكر,امتنان,3,لا,0,إيجابي,إيجابي,مرتبط,لا,لا,منخفض,الدعاء يتوافق مع موقف اجتماعي إيجابي صادق.,Dataset4_1000
63,الله يسعدك.,الشرقية,رفض موظف استقبال طلب عميل بحجة انتهاء الدوام رغم بقاء عشر دقائق على الموعد الرسمي.,مدح,عتاب وسخرية من الرفض,عتاب,استياء,3,نعم,3,إيجابي,سلبي,غير مرتبط,نعم,نعم,منخفض,الدعاء الظاهري يتحول إلى عتاب ساخر بسبب رفض غير مبرر لطلب العميل.,Dataset4_1000
64,بيض الله وجهك.,الجنوبية,توسط شخص لصديقه في حل مشكلة مع جهة رسمية ونجح في ذلك.,مدح,امتنان حقيقي وصادق,شكر,امتنان,4,لا,0,إيجابي,إيجابي,مرتبط,لا,لا,منخفض,الموقف الإيجابي الحقيقي يجعل عبارة الامتنان صادقة تمامًا.,Dataset4_1000
65,بيض الله وجهك.,الشمالية,وعد مورد بتسليم بضاعة في موعد محدد ثم تأخر عن الوعد لأكثر من أسبوعين بدون تفسير.,مدح,سخرية من عدم الالتزام بالوعد,سخرية,استياء,3,نعم,3,إيجابي,سلبي,غير مرتبط,لا,نعم,متوسط,التأخير الطويل عن الوعد يجعل عبارة المدح الظاهرة سخرية من عدم الالتزام.,Dataset4_1000
66,عساك على القوة.,سعودية عامة,أنهى زميل مهمة صعبة في العمل بنجاح كبير رغم ضيق الوقت.,مدح,تشجيع وتقدير حقيقي للجهد,تشجيع,تقدير,3,لا,0,إيجابي,إيجابي,مرتبط,لا,لا,منخفض,الإنجاز الفعلي الموصوف في السياق يجعل عبارة التشجيع صادقة.,Dataset4_1000
67,عساك على القوة.,الوسطى,أوكل مدير لموظف مهمة إضافية ضخمة قبل انتهاء دوامه مباشرة دون تنسيق مسبق.,مدح,سخرية خفيفة من تحميل عبء إضافي,سخرية,إحباط,2,نعم,2,إيجابي,سلبي,مرتبط جزئيًا,لا,لا,منخفض,العبارة قد تحمل سخرية خفيفة تجاه تكليف مفاجئ في وقت غير مناسب.,Dataset4_1000
68,يا بعد قلبي.,الحجازية,اعتذر صديق عن تأخره البسيط لظرف طارئ حقيقي فتقبل المتحدث اعتذاره بمحبة صادقة.,مدح,تعبير حقيقي عن المودة والتسامح,تهدئة,ارتياح,2,لا,0,إيجابي,إيجابي,مرتبط,لا,لا,منخفض,لا يوجد في السياق ما يوحي بغضب مبطن، والمودة صادقة.,Dataset4_1000
69,يا بعد قلبي.,الشرقية,تكرر تأخر نفس الصديق عن المواعيد للمرة الرابعة خلال شهر واحد بدون اعتذار حقيقي.,مدح,عتاب مبطن بمودة ظاهرية,عتاب,استياء,3,نعم,2,إيجابي,سلبي,مرتبط جزئيًا,لا,لا,منخفض,تكرار التأخير يجعل عبارة المودة تحمل عتابًا خفيفًا وليس رضا كاملًا.,Dataset4_1000
70,ما عليك زود.,الجنوبية,قدّم زميل مساعدة صغيرة لزميله في العمل ورد عليه المتحدث بامتنان بسيط وصادق.,محايد,تهوين حقيقي وشكر بسيط,شكر,ارتياح,2,لا,0,إيجابي,إيجابي,مرتبط,لا,لا,منخفض,العبارة تعكس امتنانًا صادقًا وبسيطًا يتناسب مع مساعدة فعلية بسيطة.,Dataset4_1000
71,ما عليك زود.,الشمالية,اعتذر موظف عن خطأ تسبب في تأخير تسليم عمل الفريق بأكمله لليوم التالي.,محايد,تهدئة ظاهرية تخفي استياء من الخطأ,تهدئة,استياء,2,لا,0,إيجابي,سلبي,مرتبط جزئيًا,لا,لا,منخفض,محاولة التهوين قد تخفي استياءً حقيقيًا من تأثير الخطأ على باقي الفريق.,Dataset4_1000
72,أكيد، ما عندي مشكلة.,سعودية عامة,سأل زميل المتحدث إذا يمكنه تبديل مناوبته بيوم آخر، ووافق المتحدث بارتياح لأنه بالفعل متفرغ.,إيجابي,موافقة حقيقية بدون أي تحفظ,قبول,حياد,2,لا,0,إيجابي,إيجابي,مرتبط,لا,لا,منخفض,توفر الوقت الفعلي لدى المتحدث يجعل الموافقة صادقة تمامًا.,Dataset4_1000
73,أكيد، ما عندي مشكلة.,الوسطى,طلب مدير من موظف تغيير إجازته المخطط لها منذ شهر بسبب ضغط عمل مفاجئ.,إيجابي,موافقة ظاهرية تخفي استياءً حقيقيًا,قبول,استياء,3,لا,0,إيجابي,سلبي,مرتبط جزئيًا,لا,لا,منخفض,تغيير خطة شخصية مسبقة قد يجعل الموافقة اللفظية تخفي استياءً فعليًا لم يُصرَّح به.,Dataset4_1000
74,ولا يهمك.,الحجازية,طلب شخص من صديقه تأجيل موعد بسيط لسبب معقول، فوافق المتحدث بارتياح تام.,محايد,تفهم حقيقي وقبول تام,قبول,حياد,1,لا,0,إيجابي,إيجابي,مرتبط,لا,لا,منخفض,لا يوجد أي مؤشر على انزعاج، فالموقف بسيط ومقبول فعليًا.,Dataset4_1000
75,ولا يهمك.,الشرقية,ألغى عميل حجزًا في مطعم في اللحظة الأخيرة للمرة الثانية خلال أسبوع واحد.,محايد,تجاوز مجامل يخفي استياءً من تكرار الإلغاء,تهدئة,استياء,2,لا,0,إيجابي,سلبي,مرتبط جزئيًا,نعم,لا,منخفض,تكرار الإلغاء يجعل عبارة التجاوز تحمل استياءً غير معلن صراحة.,Dataset4_1000
76,ما شاء الله عليكم، سلمتوا المشروع بربع ساعة قبل الموعد وناقص نص الأقسام.,الوسطى,فريق مشروع تخرج جامعي كان من المفترض أن يسلّم تقريرًا كاملًا، لكنه سلّمه ناقصًا قبل الموعد النهائي بوقت قصير.,مدح,سخرية ولوم من تقصير الفريق,لوم,استياء,3,نعم,3,إيجابي,سلبي,غير مرتبط,لا,لا,منخفض,المدح الظاهري يتناقض مع وصف نقص العمل، وهو ما يكشف اللوم الحقيقي.,Dataset4_1000
77,الدكتور قال إن الاختبار بسيط، بس طلع فيه أسئلة برا المنهج تمامًا.,الحجازية,أخبر أستاذ الجامعة طلابه أن الاختبار سيكون سهلاً، لكنه احتوى على أسئلة خارج المنهج المقرر.,سلبي,استياء وشكوى من عدم دقة المعلومة,شكوى,استياء,3,لا,0,سلبي,سلبي,مرتبط,لا,نعم,منخفض,الجملة تعبر مباشرة عن استياء الطالب دون أي حاجة لتفسير سياقي إضافي.,Dataset4_1000
78,ما عليك زود، بعدين أكمل أنا الجزء اللي ما خلصته.,الشرقية,لم يكمل أحد أعضاء الفريق الجامعي جزءه من العرض التقديمي رغم اتفاق مسبق على الموعد.,محايد,تهدئة ظاهرية تخفي استياء من عدم الالتزام,تهدئة,استياء,2,لا,0,إيجابي,سلبي,مرتبط جزئيًا,لا,لا,منخفض,محاولة التهوين لا تخفي انزعاجًا حقيقيًا من عدم إنجاز الزميل لجزئه.,Dataset4_1000
79,والله ما توقعت نتيجة الاختبار تطلع بهالشكل بعد كل المذاكرة.,الجنوبية,ذاكر الطالب بجد لاختبار مهم لكنه حصل على درجة أقل بكثير من توقعاته.,سلبي,خيبة أمل حقيقية,شكوى,خيبة أمل,4,لا,0,سلبي,سلبي,مرتبط,لا,لا,منخفض,التعبير عن خيبة الأمل مباشر ومرتبط بالكامل بنتيجة غير متوقعة.,Dataset4_1000
80,عاد جدول العرض التقديمي انسحب من تحتنا بدون أي إشعار مسبق!,الشمالية,غيّر الدكتور موعد تسليم العرض التقديمي في اللحظة الأخيرة دون إخبار الطلاب مسبقًا.,سلبي,استياء مباشر من التغيير المفاجئ,شكوى,استياء,4,لا,0,سلبي,سلبي,مرتبط,لا,نعم,متوسط,الجملة تعبر بوضوح عن استياء الطالب من التغيير المفاجئ دون سخرية.,Dataset4_1000
81,يا سلام، فريقنا نزل درجة كاملة عشان تأخرنا خمس دقايق بس.,سعودية عامة,طبّق الدكتور عقوبة صارمة على الفريق بخصم درجة كاملة بسبب تأخير بسيط لا يتجاوز خمس دقائق.,إيجابي,سخرية من صرامة العقوبة مقارنة بحجم التأخير,سخرية,استياء,3,نعم,3,إيجابي,سلبي,غير مرتبط,لا,نعم,منخفض,استخدام يا سلام مع عقوبة قاسية غير متناسبة يوضح السخرية من القرار.,Dataset4_1000
82,أحسن من كذا نسحب من المشروع، ما فيه فايدة.,الوسطى,بعد محاولات متكررة للتنسيق مع فريق جامعي غير متعاون، فكّر أحد الأعضاء بالانسحاب من المشروع بالكامل.,سلبي,إحباط شديد ونية للانسحاب,تذمر,إحباط,5,لا,0,سلبي,سلبي,مرتبط,لا,لا,مرتفع,الجملة تعبر عن إحباط عالٍ ونية جدية بالتخلي عن المشروع، وهذا يرفع احتمالية التصعيد.,Dataset4_1000
83,تسلم على ملاحظاتك على البحث، فادتني كثير.,الحجازية,قدّم أستاذ الجامعة ملاحظات مفصلة ومفيدة على بحث الطالب ساعدته في تحسينه بشكل كبير.,مدح,شكر حقيقي على الملاحظات المفيدة,شكر,امتنان,3,لا,0,إيجابي,إيجابي,مرتبط,لا,لا,منخفض,الشكر يتوافق تمامًا مع فائدة فعلية حصل عليها الطالب من الملاحظات.,Dataset4_1000
84,زين إنكم غيرتوا موعد المناقشة، بس ياليت تراعون جدولنا المرة الجاية.,الشرقية,غيّرت الجامعة موعد مناقشة مشروع التخرج مرتين متتاليتين مما أثر على جدول الطلاب.,محايد,شكوى مهذبة من تكرار تغيير المواعيد,شكوى,استياء,2,لا,0,محايد,سلبي,مرتبط جزئيًا,لا,نعم,منخفض,الجملة تبدأ بشيء إيجابي لكنها تنتقل لملاحظة تحمل استياءً من التغيير المتكرر.,Dataset4_1000
85,والله فخورين فيك، عرضك كان الأفضل بين كل الفرق.,الجنوبية,قدّم طالب عرضًا تقديميًا متميزًا حصل على إشادة واضحة من زملائه ودكتوره.,مدح,فخر وتقدير حقيقي,مدح,فخر,4,لا,0,إيجابي,إيجابي,مرتبط,لا,لا,منخفض,التقدير مرتبط بإنجاز فعلي واضح دون أي تناقض في المعنى.,Dataset4_1000
86,شغل ممتاز، بس ياليت المرة الجاية يكون في وقته.,الوسطى,سلّم موظف تقريرًا جيد المحتوى لكنه تأخر عن الموعد النهائي بيومين كاملين.,مدح,تقييم مختلط بين المدح والعتاب على التأخير,عتاب,استياء,2,لا,0,إيجابي,سلبي,مرتبط جزئيًا,لا,لا,منخفض,المدح على المحتوى صادق، لكن الجزء الثاني من الجملة يحمل عتابًا واضحًا على التأخير.,Dataset4_1000
87,عندي ملاحظة بسيطة بس، ياليت تراجع الأرقام مرة ثانية قبل الإرسال.,الحجازية,اكتشف مدير خطأ في الأرقام ضمن تقرير مالي أرسله أحد الموظفين قبل مراجعته النهائية.,محايد,ملاحظة مهنية مباشرة بدون سخرية,اقتراح,حياد,2,لا,0,محايد,محايد,مرتبط,لا,لا,منخفض,الملاحظة مباشرة ومهنية دون أي دلالة على غضب أو سخرية.,Dataset4_1000
88,خلاص فهمنا وجهة نظرك، بس القرار انتهى والوقت ما يسمح بنقاش زائد.,الشرقية,اعترض موظف على قرار إداري في اجتماع، فقاطعه المدير بهذه العبارة لإنهاء النقاش.,محايد,إنهاء نقاش مصحوب بنفاد صبر,تهدئة,نفاد صبر,3,لا,0,محايد,سلبي,مرتبط جزئيًا,لا,لا,منخفض,العبارة تبدو محايدة لكنها تحمل نفاد صبر واضح تجاه استمرار النقاش.,Dataset4_1000
89,والله يا فريق شغلكم هالربع كان فوق التوقعات.,الجنوبية,حقق فريق العمل نتائج مبيعات ممتازة تجاوزت الأهداف الموضوعة للربع بشكل ملحوظ.,مدح,فخر وتقدير حقيقي للإنجاز,مدح,فخر,4,لا,0,إيجابي,إيجابي,مرتبط,لا,لا,منخفض,الإنجاز الفعلي الموصوف يجعل عبارة المدح صادقة تمامًا بلا أي التباس.,Dataset4_1000
90,ما شاء الله، اجتماع الساعة كامل عشان نقول جملة كان ممكن ترسل بإيميل.,الشمالية,استمر اجتماع عمل لمدة ساعة كاملة لمناقشة قرار بسيط كان يمكن التواصل بشأنه عبر رسالة قصيرة.,إيجابي,سخرية من إضاعة الوقت في الاجتماع,سخرية,نفاد صبر,3,نعم,3,إيجابي,سلبي,غير مرتبط,لا,لا,منخفض,المدح الظاهري في بداية الجملة يتحول لسخرية بسبب وصف إضاعة الوقت في الاجتماع.,Dataset4_1000
91,أقدر جهدك بس للأسف النتيجة ما كانت بمستوى المطلوب.,سعودية عامة,بذل موظف جهدًا واضحًا في مشروع لكن النتيجة النهائية لم تلبِّ المعايير المطلوبة من الإدارة.,محايد,تقييم صريح يجمع بين التقدير والنقد,تبرير,خيبة أمل,3,لا,0,محايد,سلبي,مرتبط,لا,لا,منخفض,الجملة واضحة ومباشرة في الجمع بين تقدير الجهد والإشارة إلى قصور النتيجة.,Dataset4_1000
92,تمام، بس هذي رابع مرة نغيّر فيها اتجاه المشروع من الصفر.,الوسطى,غيّرت الإدارة اتجاه مشروع استراتيجي للمرة الرابعة خلال شهرين مما أرهق الفريق.,محايد,استياء مبطن من كثرة التغييرات,تذمر,إحباط,3,لا,0,محايد,سلبي,مرتبط جزئيًا,لا,لا,متوسط,كلمة تمام القصيرة لا تخفي التذمر الواضح من كثرة التغييرات المتكررة.,Dataset4_1000
93,أشكرك على مرونتك في تغيير الموعد، فعلًا ساعدتني كثير.,الحجازية,وافق زميل على تغيير موعد اجتماع مهم ليتناسب مع ظرف طارئ واجهه المتحدث.,مدح,شكر حقيقي على المرونة,شكر,امتنان,3,لا,0,إيجابي,إيجابي,مرتبط,لا,لا,منخفض,الشكر يتناسب تمامًا مع تعاون فعلي وصادق من الزميل.,Dataset4_1000
94,يا سلام على الخدمة.,الوسطى,زار العميل مطعمًا وحصل على خدمة سريعة ومهذبة من النادل خلال الزيارة كاملة.,مدح,رضا حقيقي عن الخدمة,مدح,رضا,3,لا,0,إيجابي,إيجابي,مرتبط,لا,لا,منخفض,الخدمة الجيدة الموصوفة تجعل المدح صادقًا ومباشرًا.,Dataset4_1000
95,يا سلام على الخدمة.,الحجازية,انتظر العميل في مطعم مدة ثلاث ساعات قبل أن تصل وجبته وهي أصلًا وصلت باردة.,مدح,سخرية من سوء الخدمة,سخرية,استياء,4,نعم,4,إيجابي,سلبي,غير مرتبط,لا,نعم,متوسط,طول الانتظار ووصول الطلب باردًا يجعلان نفس العبارة سخرية واضحة من سوء الخدمة.,Dataset4_1000
96,صديقي تأخر ساعة عن الموعد بدون ما يرد على اتصالاتي.,الشرقية,انتظر المتحدث صديقه في مقهى لمدة ساعة كاملة دون أي رد على اتصالاته المتكررة.,سلبي,استياء مباشر من التأخير وعدم الرد,عتاب,استياء,3,لا,0,سلبي,سلبي,مرتبط,لا,لا,منخفض,الجملة تعبر بشكل مباشر عن الاستياء دون أي حاجة لتحليل سياقي معقد.,Dataset4_1000
97,عادي، خذوا راحتكم، أنا بروح أدور مطعم ثاني.,الجنوبية,حجز المتحدث طاولة في مطعم لكن الطاقم تجاهله لفترة طويلة دون أن يستقبله أحد.,محايد,استياء وانسحاب بسبب الإهمال,شكوى,إحباط,3,نعم,2,محايد,سلبي,مرتبط جزئيًا,لا,نعم,منخفض,العبارة تحمل استياءً خفيفًا مع قرار عملي بالانسحاب من الموقف.,Dataset4_1000
98,والله يا جماعة الرحلة كانت أحلى من المتوقع.,الشمالية,قامت مجموعة من الأصدقاء برحلة برية استمتعوا بها كثيرًا رغم توقعات أقل في البداية.,مدح,فرح حقيقي بتجربة إيجابية,مدح,فرح,4,لا,0,إيجابي,إيجابي,مرتبط,لا,لا,منخفض,التجربة الإيجابية الموصوفة تجعل الجملة تعبيرًا صادقًا عن السعادة.,Dataset4_1000
99,عساك بخير، بس هذي ثالث مرة تلغي فيها موعدنا هالشهر.,سعودية عامة,ألغى صديق موعدًا مع المتحدث للمرة الثالثة خلال شهر واحد دون سبب واضح كل مرة.,محايد,عتاب مبطن من تكرار الإلغاء,عتاب,استياء,3,نعم,2,محايد,سلبي,غير مرتبط,لا,لا,منخفض,الدعاء الافتتاحي يخفي عتابًا حقيقيًا من تكرار إلغاء المواعيد.,Dataset4_1000
100,مبروك على البيت الجديد، إن شاء الله عامر بالخير.,الوسطى,انتقل صديق المتحدث إلى بيت جديد اشتراه بعد سنوات من التوفير.,مدح,تهنئة حقيقية وصادقة,تشجيع,فرح,4,لا,0,إيجابي,إيجابي,مرتبط,لا,لا,منخفض,المناسبة السعيدة الموصوفة تجعل التهنئة صادقة تمامًا دون أي التباس.,Dataset4_1000
101,قدها وقدود، بس حسيت السيارة اللي قدامي كانت تتعمد تبطي.,الحجازية,علق سائق على تصرف سيارة أخرى في الطريق بدت وكأنها تتباطأ بشكل متعمد أثناء الازدحام.,سلبي,انزعاج مباشر أثناء القيادة,تذمر,نفاد صبر,3,لا,0,سلبي,سلبي,مرتبط,لا,لا,منخفض,الجملة تعبر عن انزعاج مباشر ومرتبط بموقف يومي عادي أثناء القيادة.,Dataset4_1000
102,ما شاء الله عليكم يا شركة الشحن، طلبي ضاع وقلتوا لي (نعتذر، حدث خطأ تقني).,الوسطى,نشر مستخدم تعليقًا على منصة تواصل اجتماعي بعد أن فقدت شركة شحن طلبه وقدمت له اعتذارًا عامًا دون حل فعلي.,مدح,سخرية علنية من رد الاعتذار العام,سخرية,غضب,4,نعم,4,إيجابي,سلبي,غير مرتبط,نعم,نعم,مرتفع,التعليق العلني يستخدم مدحًا ظاهريًا للسخرية من رد اعتذار غير كافٍ لمشكلة حقيقية.,Dataset4_1000
103,تجربتي مع هالتطبيق كانت زينة الحمدلله، سهل وسريع.,الحجازية,شارك مستخدم تجربته الإيجابية مع تطبيق توصيل بعد استخدامه لعدة مرات بدون أي مشاكل.,مدح,تقييم إيجابي حقيقي,مدح,رضا,3,لا,0,إيجابي,إيجابي,مرتبط,لا,لا,منخفض,التعليق يعكس تجربة إيجابية فعلية بدون أي مؤشر على السخرية.,Dataset4_1000
104,للمرة العاشرة أعلق: ليش الاشتراك يترفع كل شهرين بدون أي تفسير؟,الشرقية,كتب مستخدم تعليقًا متكررًا يطالب فيه شركة اشتراكات رقمية بتوضيح أسباب رفع الأسعار المتكرر.,سلبي,استياء مباشر ومتكرر,شكوى,نفاد صبر,4,لا,0,سلبي,سلبي,مرتبط,نعم,نعم,مرتفع,التكرار العلني للتعليق يعكس مستوى عاليًا من الاستياء المباشر وغير المبطن.,Dataset4_1000
105,والله ما ندمت إني جربت هالمطعم، الأكل خرافي.,الجنوبية,شارك مستخدم رأيه بعد تجربة أولى لمطعم جديد استمتع بطعامه فعلًا.,مدح,إعجاب حقيقي بجودة الطعام,مدح,فرح,4,لا,0,إيجابي,إيجابي,مرتبط,لا,لا,منخفض,الإعجاب الصادق يتوافق تمامًا مع تجربة إيجابية حقيقية.,Dataset4_1000
106,خدمة عملاء تستاهل جايزة… جايزة أسوأ رد آلي في التاريخ.,الشمالية,تفاعل مستخدم مع رد آلي غير مفيد من حساب خدمة عملاء على منصة تواصل اجتماعي بخصوص شكوى جادة.,مدح,سخرية لاذعة من ضعف الرد,سخرية,غضب,4,نعم,5,إيجابي,سلبي,غير مرتبط,نعم,نعم,مرتفع,استخدام كلمة جايزة بشكل متكرر يوضح سخرية شديدة من جودة الرد الآلي.,Dataset4_1000
107,بصراحة أحترم إنكم رديتوا علي بسرعة وحليتوا مشكلتي من أول تعليق.,سعودية عامة,علّق مستخدم على منشور شكوى سابق له بعد أن تفاعلت الشركة بسرعة وحلّت مشكلته فعليًا.,مدح,تقدير حقيقي لسرعة الاستجابة,شكر,رضا,3,لا,0,إيجابي,إيجابي,مرتبط,نعم,لا,منخفض,الحل الفعلي والسريع الموصوف يجعل التقدير صادقًا وليس ساخرًا.,Dataset4_1000
108,آسف بجد، ما كان قصدي أتأخر عليك بهالشكل.,الوسطى,تأخر شخص عن موعد مهم مع صديقه بسبب ظرف طارئ حقيقي واعتذر بصدق فور وصوله.,سلبي,اعتذار حقيقي وصادق,اعتذار,خجل,3,لا,0,سلبي,سلبي,مرتبط,لا,لا,منخفض,نبرة الاعتذار وسياقه يوضحان أنه صادق ومرتبط بظرف حقيقي.,Dataset4_1000
109,آسفين جدًا على الإزعاج، بس هذا رابع اعتذار نسمعه من نفس القسم.,الحجازية,تلقى العميل اعتذارًا رسميًا من شركة عن خطأ متكرر للمرة الرابعة دون أي حل فعلي مرافق للاعتذار.,سلبي,سخرية من تكرار الاعتذار دون حل,سخرية,إحباط,4,نعم,3,سلبي,سلبي,مرتبط جزئيًا,نعم,نعم,مرتفع,تكرار الاعتذار بدون حل فعلي يجعل رد العميل يحمل سخرية من الوعود المتكررة.,Dataset4_1000
110,سامحني إذا قصرت في حقك، فعلًا ما كان قصدي.,الشرقية,اعترف شخص بخطئه في حق صديقه بعد سوء فهم بسيط واعتذر بصدق لإصلاح العلاقة.,سلبي,اعتذار صادق ورغبة حقيقية بالمصالحة,اعتذار,خجل,3,لا,0,سلبي,سلبي,مرتبط,لا,لا,منخفض,الرغبة الصادقة بالمصالحة الموصوفة في السياق تؤكد صدق الاعتذار.,Dataset4_1000
111,ممكن تفيدني إذا فيه عرض خاص بالطلاب على الاشتراك السنوي؟,الوسطى,استفسر طالب جامعي عبر الدردشة عن وجود خصومات خاصة بالطلاب لخدمة اشتراك رقمية.,محايد,استفسار مباشر بدون أي مشاعر سلبية,استفسار,حياد,1,لا,0,محايد,محايد,مرتبط,نعم,لا,منخفض,الجملة استفسار بسيط ومباشر لا يحمل أي دلالة على استياء أو سخرية.,Dataset4_1000
112,أفضل ما نأجل الاجتماع لأسبوع ثاني، الفريق محتاج وقت أطول.,الحجازية,اقترح مدير مشروع تأجيل اجتماع مهم بعد ملاحظته أن الفريق يحتاج وقتًا إضافيًا للتحضير.,محايد,اقتراح عملي بدون أي مشاعر سلبية,اقتراح,حياد,1,لا,0,محايد,محايد,مرتبط,لا,لا,منخفض,الاقتراح منطقي ومباشر ولا يحمل أي إشارة لاستياء أو تذمر.,Dataset4_1000
113,للأسف ما أقدر أوافق على هذا الطلب حاليًا.,الشرقية,رفض مدير طلب إجازة طويلة من موظف بسبب ضغط عمل حقيقي في تلك الفترة.,سلبي,رفض مباشر ومهذب,رفض,حياد,2,لا,0,سلبي,سلبي,مرتبط,لا,لا,منخفض,الرفض واضح ومباشر ومبرر منطقيًا بدون أي غموض أو سخرية.,Dataset4_1000
114,أهلًا وسهلًا فيكم، تفضلوا اجلسوا وياخذكم الوقت اللي تبونه.,الجنوبية,استقبل صاحب محل عملاء جدد بترحيب حقيقي وحرص على راحتهم أثناء التسوق.,إيجابي,ترحيب حقيقي وصادق,ترحيب,رضا,2,لا,0,إيجابي,إيجابي,مرتبط,لا,لا,منخفض,الترحيب يتوافق مع نية صادقة لخدمة العملاء دون أي تناقض.,Dataset4_1000
115,لا أفضل هذا الخيار، بودي نناقش بدائل ثانية.,الشمالية,اعترض عضو فريق على خيار مطروح في اجتماع عمل واقترح البحث عن بدائل بطريقة مهنية هادئة.,محايد,رفض مهذب مع اقتراح بديل,رفض,حياد,1,لا,0,محايد,محايد,مرتبط,لا,لا,منخفض,الرفض هادئ ومهني ولا يحمل أي دلالة عاطفية سلبية قوية.,Dataset4_1000
116,ما أدري وش الفايدة من خدمة عملاء أصلًا إذا ما تحل شي.,الوسطى,بعد محاولات متكررة فاشلة لحل مشكلة في فاتورة كهرباء، عبّر العميل عن إحباطه بطريقة غير مباشرة تنتقد الخدمة ككل.,سلبي,عدوانية غير مباشرة تجاه مستوى الخدمة ككل,شكوى,غضب,4,لا,0,سلبي,سلبي,مرتبط,نعم,نعم,مرتفع,الجملة لا تهاجم شخصًا بعينه لكنها تحمل انتقادًا حادًا وغير مباشر لكفاءة الخدمة بأكملها.,Dataset4_1000
117,بعض الناس بس يحبون يسمعوا صوتهم في الاجتماعات بدون أي فايدة حقيقية.,الحجازية,علّق موظف بشكل عام بعد اجتماع طويل شعر خلاله أن أحد الزملاء أطال الحديث دون فائدة تُذكر.,سلبي,انتقاد غير مباشر لشخص محدد دون ذكر اسمه,لوم,استياء,3,لا,0,سلبي,سلبي,مرتبط جزئيًا,لا,لا,متوسط,الجملة عامة الصياغة لكنها موجهة ضمنيًا لسلوك شخص معين في الاجتماع.,Dataset4_1000
118,إذا ما تنحل مشكلتي اليوم، بروح أنشر تجربتي بالتفصيل على كل منصات التواصل.,الشرقية,بعد أسبوعين من محاولات فاشلة لحل مشكلة في طلب إلكتروني، هدد العميل بنشر شكواه علنًا.,سلبي,تهديد مباشر بالتصعيد العلني,تحذير,غضب,5,لا,0,سلبي,سلبي,مرتبط,نعم,نعم,مرتفع,التهديد الصريح بنشر الشكوى علنًا يرفع احتمالية التصعيد إلى أقصى درجة.,Dataset4_1000
119,غريبة، كل مرة يصير فيها خطأ يكون بالصدفة لصالحكم أنتم مو لصالحنا.,الجنوبية,لاحظ عميل أن جميع الأخطاء المالية المتكررة في حسابه كانت دائمًا لصالح الشركة وليس لصالحه.,محايد,اتهام غير مباشر بسوء النية,لوم,غضب,4,نعم,3,محايد,سلبي,غير مرتبط,نعم,نعم,مرتفع,استخدام كلمة (غريبة) بشكل ساخر يحمل اتهامًا ضمنيًا وليس ملاحظة بريئة.,Dataset4_1000
120,انتبهوا، إذا استمر التأخير بهالشكل بيأثر على سمعة الشركة.,الوسطى,لاحظ مستشار خارجي أن تأخر تسليم الطلبات المتكرر بدأ يؤثر على تقييمات الشركة على الإنترنت.,سلبي,تحذير مهني مباشر من عواقب مستقبلية,تحذير,قلق,3,لا,0,سلبي,سلبي,مرتبط,لا,لا,متوسط,التحذير مباشر ومبني على ملاحظة منطقية دون أي مبالغة أو سخرية.,Dataset4_1000
121,أقترح نجرب نظام تذاكر جديد يسهل علينا متابعة الطلبات.,الحجازية,اقترح موظف دعم فني نظامًا جديدًا لتتبع طلبات العملاء بعد ملاحظته لضعف النظام الحالي.,محايد,اقتراح عملي وبنّاء,اقتراح,حياد,1,لا,0,محايد,محايد,مرتبط,لا,لا,منخفض,الجملة اقتراح مباشر وبنّاء لا يحمل أي شحنة عاطفية سلبية.,Dataset4_1000
122,أول أسبوع كنت راضي عن الخدمة، بس بعدها بدأت المشاكل تتوالى.,الشرقية,بدأ العميل تجربته مع خدمة اشتراك جديدة بشكل إيجابي، لكن المشاكل التقنية تصاعدت مع الوقت.,محايد,وصف تصاعد تدريجي من الرضا لعدم الرضا,شكوى,خيبة أمل,3,لا,0,محايد,سلبي,مرتبط,نعم,نعم,متوسط,الجملة توثق تحولًا عاطفيًا واضحًا من الرضا الأولي إلى عدم الرضا لاحقًا.,Dataset4_1000
123,أول مرة أتواصل معكم أحس فيها إن حد فعلًا يسمعني.,الجنوبية,بعد تجارب سابقة سيئة مع خدمة العملاء، شعر العميل بارتياح حقيقي من تعامل موظف جديد أنصت لمشكلته بعناية.,محايد,رضا حقيقي نابع من مقارنة بتجارب سابقة,شكر,ارتياح,3,لا,0,إيجابي,إيجابي,مرتبط,نعم,لا,منخفض,المقارنة الضمنية بتجارب سابقة سيئة تجعل الرضا الحالي أكثر وضوحًا وصدقًا.,Dataset4_1000
124,للأسف نفس الشكوى اللي رفعتها الأسبوع اللي فات ولسا بدون رد.,الشمالية,قدّم العميل شكوى رسمية عبر تطبيق البنك ولم يتلقَّ أي رد رغم مرور أسبوع كامل.,سلبي,استياء مباشر من إهمال الشكوى,شكوى,إحباط,4,لا,0,سلبي,سلبي,مرتبط,نعم,نعم,مرتفع,الجملة تعبر بوضوح عن استياء مباشر مرتبط بإهمال شكوى سابقة دون أي التباس.,Dataset4_1000
125,خدمة زينة بس التطبيق نفسه يهنق كثير وقت الذروة.,سعودية عامة,استخدم عميل تطبيق توصيل ووجد أن خدمة السائقين جيدة لكن التطبيق يتوقف كثيرًا في أوقات الذروة.,محايد,تقييم متوازن بين الإيجابي والسلبي,اقتراح,حياد,2,لا,0,محايد,سلبي,مرتبط,نعم,نعم,منخفض,الجملة تجمع بين ملاحظة إيجابية وأخرى سلبية بشكل صريح دون أي سخرية.,Dataset4_1000
126,تم إنجاز طلبكم بنجاح، شكرًا لتعاملكم معنا.,الوسطى,أرسلت منصة حكومية رسالة تلقائية للعميل بعد إتمام إصدار وثيقة رسمية طلبها بنجاح وبسرعة متوقعة.,إيجابي,إشعار رسمي محايد بدون أي شحنة عاطفية خاصة,حياد,حياد,1,لا,0,إيجابي,إيجابي,مرتبط,نعم,لا,منخفض,الرسالة رسمية وروتينية ولا تحمل أي دلالة على مشاعر خاصة من أي طرف.,Dataset4_1000
127,سبحان الله، رصيدي انخصم مرتين بنفس القيمة بنفس اليوم.,الحجازية,لاحظ عميل بنكي أن مبلغًا معينًا خُصم من حسابه مرتين في نفس اليوم لنفس العملية.,محايد,استغراب واستياء من خطأ مالي,شكوى,قلق,3,لا,0,محايد,سلبي,مرتبط,نعم,نعم,متوسط,التعبير عن الاستغراب مرتبط مباشرة بخطأ مالي حقيقي يستدعي المتابعة.,Dataset4_1000
128,خدمة الحجز عبر التطبيق سهلة، بس ليت فيه خيار تعديل الموعد بدون إلغاء كامل.,الشرقية,استخدم عميل تطبيق حجز مواعيد طبية ووجد أن التطبيق سهل الاستخدام لكن يفتقر لخاصية تعديل الموعد.,محايد,اقتراح تحسين مبني على تجربة إيجابية جزئيًا,اقتراح,حياد,1,لا,0,إيجابي,محايد,مرتبط,نعم,لا,منخفض,الجملة تجمع بين تقييم إيجابي واقتراح تحسين دون أي استياء حاد.,Dataset4_1000
129,ثلاث مرات أرسل نفس المستندات وفي كل مرة يقولون ناقصة!,الجنوبية,حاول عميل استكمال معاملة حكومية إلكترونية وأرسل نفس المستندات ثلاث مرات وفي كل مرة يُطلب منه إعادة إرسالها.,سلبي,إحباط مباشر من تكرار طلب نفس المستندات,شكوى,إحباط,4,لا,0,سلبي,سلبي,مرتبط,نعم,نعم,مرتفع,الجملة تعبر مباشرة عن إحباط حقيقي ناتج عن خلل واضح في إجراءات المعاملة.,Dataset4_1000
130,الحمدلله على كل حال، بس ياليت لو كان في تنبيه مسبق قبل انقطاع الخدمة.,الشمالية,انقطعت خدمة الإنترنت المنزلية فجأة لصيانة مجدولة دون أي إشعار مسبق للمشتركين.,محايد,شكوى مهذبة تحمل اقتراحًا للتحسين,اقتراح,استياء,2,لا,0,محايد,سلبي,مرتبط جزئيًا,نعم,نعم,منخفض,عبارة الحمدلله تخفف من حدة الجملة لكنها لا تلغي الإشارة لعدم الرضا عن غياب التنبيه.,Dataset4_1000
131,ما توقعت التطبيق يطلب مني تسجيل الدخول من جديد كل ساعة!,سعودية عامة,واجه مستخدم تطبيق بنكي مشكلة تسجيل خروج متكرر كل ساعة تقريبًا أثناء استخدامه اليومي.,سلبي,استياء مباشر من خلل تقني متكرر,شكوى,نفاد صبر,3,لا,0,سلبي,سلبي,مرتبط,نعم,نعم,متوسط,الجملة تصف مشكلة تقنية واضحة ومزعجة دون أي حاجة لتفسير سياقي إضافي.,Dataset4_1000
132,والله ما توقعت إشعار انقطاع الخدمة يوصلني بعد ما خلصت شغلي كله أونلاين.,الشمالية,أرسلت شركة الاتصالات إشعار صيانة مجدولة للعميل بعد انتهائه من إنجاز مهام عمل مهمة كانت تعتمد على الإنترنت.,سلبي,سخرية من توقيت الإشعار المتأخر,سخرية,نفاد صبر,3,نعم,3,سلبي,سلبي,غير مرتبط,نعم,نعم,منخفض,توقيت الإشعار غير المناسب يجعل تعليق العميل يحمل سخرية من سوء التنسيق.,Dataset4_1000
133,أشكركم على المتابعة المستمرة لطلبي رغم أنه لسا ما انحل.,سعودية عامة,تابعت شركة شحن حالة طلب متأخر بشكل مستمر مع العميل وأبقته على اطلاع بكل التفاصيل رغم عدم حل المشكلة نهائيًا بعد.,محايد,تقدير حقيقي للمتابعة رغم استمرار المشكلة,شكر,تقدير,2,لا,0,محايد,إيجابي,مرتبط جزئيًا,نعم,نعم,منخفض,التقدير هنا موجه للمتابعة تحديدًا وليس للحل، وهذا يجعل الجملة صادقة رغم استمرار المشكلة.,Dataset4_1000
134,يا هلا فيكم، بس ليه ما تردون على تذاكر الدعم إلا بعد يومين؟,الوسطى,فتح عميل تذكرة دعم فني عاجلة، ولم يصله رد إلا بعد يومين كاملين رغم وعد الشركة بالرد خلال ساعات.,إيجابي,استياء مباشر ممزوج بترحيب شكلي,شكوى,نفاد صبر,3,لا,0,إيجابي,سلبي,مرتبط جزئيًا,نعم,نعم,متوسط,الترحيب في بداية الجملة لا يخفي السؤال المباشر الذي يحمل استياءً واضحًا.,Dataset4_1000
135,بصراحة توقعاتي كانت أقل من كذا، طلعتوا أسرع بكثير مما فكرت.,الحجازية,طلب عميل استرجاع مبلغ متوقعًا أن يستغرق الأمر أسبوعين، لكن المبلغ عاد لحسابه خلال يومين فقط.,محايد,استحسان حقيقي فاق التوقعات,شكر,ارتياح,3,لا,0,محايد,إيجابي,مرتبط,نعم,لا,منخفض,المقارنة بالتوقعات الأولية تؤكد أن الرضا هنا حقيقي وناتج عن أداء فعلي جيد.,Dataset4_1000
136,للأسف الموظف اللي كلمني ما كان عنده معلومات كافية عن الخدمة الجديدة.,الشرقية,اتصل عميل يسأل عن باقة جديدة، لكن الموظف الذي رد عليه لم يكن على دراية كافية بتفاصيلها.,سلبي,استياء مباشر من نقص تدريب الموظف,شكوى,إحباط,2,لا,0,سلبي,سلبي,مرتبط,نعم,نعم,منخفض,الملاحظة مباشرة وواضحة بخصوص نقص المعرفة لدى الموظف دون أي مبالغة.,Dataset4_1000
137,عجيبة، كل مرة أفتح التطبيق ألقى تحديث جديد بس المشكلة الأساسية ما تنحل.,الجنوبية,أصدرت شركة تطبيق مصرفي عدة تحديثات متتالية خلال شهر لكن مشكلة بطء التطبيق الأساسية بقيت كما هي.,محايد,سخرية خفيفة من كثرة التحديثات دون حل جذري,سخرية,إحباط,2,نعم,2,محايد,سلبي,مرتبط جزئيًا,نعم,نعم,منخفض,كلمة عجيبة تحمل استغرابًا ساخرًا خفيفًا من عدم حل المشكلة رغم التحديثات المتكررة.,Dataset4_1000
138,ما شاء الله عليكم سرعة في الرد، بس بطء في التنفيذ الفعلي.,الشمالية,لاحظ عميل أن الشركة ترد بسرعة على استفساراته عبر الدردشة لكنها تتأخر كثيرًا في تنفيذ الحلول الفعلية.,مدح,تقييم مزدوج يحمل مدحًا جزئيًا وانتقادًا جزئيًا,عتاب,استياء,3,نعم,2,إيجابي,سلبي,مرتبط جزئيًا,نعم,نعم,متوسط,المدح على السرعة في الرد صادق جزئيًا، بينما الجزء الثاني يحمل عتابًا حقيقيًا على التنفيذ.,Dataset4_1000
139,جربت أتواصل معكم بأكثر من طريقة ولا حصلت رد واحد.,سعودية عامة,حاول عميل التواصل مع شركة عبر الهاتف والبريد الإلكتروني والدردشة دون الحصول على أي رد خلال ثلاثة أيام.,سلبي,إحباط مباشر من انعدام الاستجابة الكاملة,شكوى,إحباط,4,لا,0,سلبي,سلبي,مرتبط,نعم,نعم,مرتفع,غياب أي استجابة عبر جميع القنوات يجعل الإحباط المعبر عنه مباشرًا ومبررًا تمامًا.,Dataset4_1000
140,خدمة توصيل الطلبات عندكم صارت أفضل بكثير من قبل ستة أشهر.,الوسطى,لاحظ عميل دائم لتطبيق توصيل تحسنًا ملموسًا في سرعة ودقة توصيل الطلبات مقارنة بتجربته السابقة.,مدح,تقدير حقيقي لتحسن ملموس في الخدمة,مدح,رضا,3,لا,0,إيجابي,إيجابي,مرتبط,نعم,لا,منخفض,المقارنة الزمنية الواضحة تدعم صدق الملاحظة الإيجابية دون أي التباس.,Dataset4_1000
141,للمرة الثانية يوصلني نفس المنتج بلون غلط.,الحجازية,طلب عميل منتجًا بلون محدد من متجر إلكتروني، ووصله نفس الخطأ في اللون للمرة الثانية على التوالي.,سلبي,استياء مباشر من تكرار نفس الخطأ,شكوى,نفاد صبر,3,لا,0,سلبي,سلبي,مرتبط,نعم,نعم,متوسط,تكرار نفس الخطأ يجعل التعبير عن الاستياء مباشرًا ومبررًا بوضوح.,Dataset4_1000
142,خلاص.,الوسطى,أنهى شخص نقاشًا طويلًا مع صديقه حول قرار مشترك بعد اتفاقهما فعليًا على الحل النهائي.,محايد,إنهاء نقاش برضا حقيقي,حياد,ارتياح,1,لا,0,محايد,إيجابي,مرتبط,لا,لا,منخفض,الاتفاق الفعلي المذكور في السياق يجعل الكلمة تعبيرًا عن رضا وليس استسلامًا.,Dataset4_1000
143,خلاص.,الحجازية,استمر جدال بين زميلين في العمل لعشر دقائق دون التوصل لاتفاق، فأنهى أحدهما النقاش بهذه الكلمة بنبرة حادة.,محايد,استسلام مصحوب بغضب مكتوم,تذمر,غضب,3,لا,0,محايد,سلبي,مرتبط جزئيًا,لا,لا,منخفض,استمرار الجدال دون حل يجعل الكلمة القصيرة تحمل غضبًا مكتومًا وليس رضا.,Dataset4_1000
144,زين.,الشرقية,أخبر موظف مديره بأن المهمة المطلوبة أُنجزت فعلًا، فرد المدير بهذه الكلمة معبرًا عن رضاه.,محايد,رضا حقيقي وبسيط,حياد,رضا,1,لا,0,محايد,إيجابي,مرتبط,لا,لا,منخفض,السياق البسيط والإيجابي يدعم أن الكلمة تعبر عن رضا صادق.,Dataset4_1000
145,زين.,الجنوبية,اقترح موظف على مديره فكرة لم يكن مقتنعًا بها المدير من الأساس، فرد عليه بهذه الكلمة بفتور واضح.,محايد,قبول فاتر يخفي عدم اقتناع,قبول,حياد,2,لا,0,محايد,محايد,مرتبط جزئيًا,لا,لا,منخفض,الفتور الموصوف في السياق يوحي بأن الموافقة ليست كاملة الاقتناع.,Dataset4_1000
146,يا رجال.,الشمالية,فاجأ صديق المتحدث بخبر سار غير متوقع فرد عليه بهذه العبارة معبرًا عن دهشته السعيدة.,محايد,دهشة إيجابية حقيقية,تشجيع,فرح,3,لا,0,إيجابي,إيجابي,مرتبط,لا,لا,منخفض,السياق السار يجعل عبارة الدهشة إيجابية وصادقة تمامًا.,Dataset4_1000
147,يا رجال.,سعودية عامة,أخبر زميل المتحدث بخطأ فادح تسبب فيه أثر على تسليم مشروع مهم، فرد عليه بهذه العبارة بصدمة واستياء.,محايد,صدمة واستياء من خطأ جسيم,لوم,غضب,4,لا,0,محايد,سلبي,مرتبط جزئيًا,لا,لا,متوسط,خطورة الموقف الموصوف تجعل نفس العبارة تحمل صدمة وغضبًا بدل الدهشة الإيجابية.,Dataset4_1000
148,طيب.,الوسطى,اقترح صديق مكانًا جديدًا لتناول الغداء، فوافق المتحدث بارتياح لأنه بالفعل يحب تجربة أماكن جديدة.,محايد,موافقة حقيقية ومريحة,قبول,حياد,1,لا,0,محايد,محايد,مرتبط,لا,لا,منخفض,لا يوجد في السياق ما يوحي بأي تحفظ، فالموافقة بسيطة وصادقة.,Dataset4_1000
149,طيب.,الحجازية,طلب مدير من موظف العمل الإضافي في عطلته الشخصية للمرة الثالثة هذا الشهر.,محايد,موافقة مجبرة تخفي استياء واضح,قبول,استياء,3,لا,0,محايد,سلبي,مرتبط جزئيًا,لا,لا,منخفض,تكرار الطلب على حساب وقت الموظف الشخصي يجعل الموافقة تحمل استياءً حقيقيًا.,Dataset4_1000
150,الله لا يهينك.,الشرقية,قدّم شخص مساعدة كبيرة ومهمة لصديقه في أزمة مالية طارئة.,مدح,امتنان عميق وصادق,شكر,امتنان,5,لا,0,إيجابي,إيجابي,مرتبط,لا,لا,منخفض,حجم المساعدة الموصوف في السياق يجعل عبارة الامتنان قوية وصادقة.,Dataset4_1000
151,الله لا يهينك.,الجنوبية,رفض موظف استقبال مساعدة عميل في أمر بسيط جدًا رغم قدرته على المساعدة، فرد عليه العميل بهذه العبارة بنبرة ساخرة.,مدح,سخرية لاذعة من الرفض غير المبرر,سخرية,استياء,4,نعم,4,إيجابي,سلبي,غير مرتبط,نعم,نعم,متوسط,استخدام عبارة الدعاء في سياق رفض غير منطقي يحوّلها إلى سخرية واضحة.,Dataset4_1000
152,مشكور على وقتك.,سعودية عامة,خصص أستاذ جامعي وقتًا إضافيًا خارج ساعات العمل الرسمية لمساعدة طالب في فهم مادة صعبة.,مدح,شكر حقيقي وصادق,شكر,امتنان,3,لا,0,إيجابي,إيجابي,مرتبط,لا,لا,منخفض,الجهد الإضافي الحقيقي الموصوف يجعل الشكر صادقًا تمامًا.,Dataset4_1000
153,مشكور على وقتك.,الوسطى,حضر موظف اجتماعًا مهمًا وصل متأخرًا خمس عشرة دقيقة ولم يقدم أي اعتذار عن ذلك.,مدح,عتاب ساخر من التأخير دون اعتذار,عتاب,استياء,3,نعم,3,إيجابي,سلبي,غير مرتبط,لا,لا,منخفض,غياب الاعتذار عن التأخير يجعل عبارة الشكر الظاهرة عتابًا ساخرًا في الحقيقة.,Dataset4_1000
154,أشكرك على الصراحة.,الحجازية,أخبر صديق المتحدث برأيه الصادق حول قرار مهم كان يفكر فيه، رغم أن الرأي لم يكن كليًا في صالح ما يريد سماعه.,مدح,تقدير حقيقي للصراحة رغم صعوبتها,شكر,تقدير,3,لا,0,إيجابي,إيجابي,مرتبط,لا,لا,منخفض,تقبل الصراحة وتقديرها رغم صعوبتها يعكس نضجًا وصدقًا حقيقيًا في الرد.,Dataset4_1000
155,أشكرك على الصراحة.,الشرقية,انتقد زميل عمل أداء المتحدث أمام بقية الفريق في اجتماع بطريقة جارحة وغير بناءة.,مدح,سخرية من أسلوب النقد الجارح,سخرية,استياء,3,نعم,3,إيجابي,سلبي,غير مرتبط,لا,لا,متوسط,طريقة النقد الجارحة أمام الجميع تجعل عبارة الشكر تحمل سخرية من الأسلوب غير اللائق.,Dataset4_1000
156,يا هلا وغلا.,الجنوبية,استقبل صاحب عمل عميلًا قديمًا يزوره بعد غياب طويل بترحيب حقيقي وحار.,إيجابي,ترحيب حقيقي وصادق,ترحيب,فرح,3,لا,0,إيجابي,إيجابي,مرتبط,نعم,لا,منخفض,طول فترة الغياب وحرارة الاستقبال الموصوفة تؤكدان صدق الترحيب.,Dataset4_1000
157,يا هلا وغلا.,الشمالية,اتصل عميل غاضب بخدمة العملاء للمرة الرابعة اليوم بخصوص نفس المشكلة، فرد عليه الموظف بهذه العبارة بنبرة روتينية باردة.,إيجابي,ترحيب شكلي روتيني لا يعكس اهتمامًا حقيقيًا,حياد,حياد,1,لا,0,إيجابي,محايد,غير مرتبط,نعم,نعم,منخفض,تكرار الاتصال ونبرة الرد الروتينية تجعلان الترحيب شكليًا وليس صادقًا فعليًا.,Dataset4_1000
158,هذا شي طبيعي.,سعودية عامة,طمأن طبيب مريضه بأن أعراضًا بسيطة بعد عملية جراحية أمر متوقع وطبيعي تمامًا.,محايد,طمأنة حقيقية مبنية على معرفة مهنية,تهدئة,حياد,1,لا,0,محايد,محايد,مرتبط,لا,لا,منخفض,الطمأنة هنا مبنية على معرفة مهنية حقيقية ولا تحمل أي تناقض.,Dataset4_1000
159,هذا شي طبيعي.,الوسطى,علّق موظف دعم فني بهذه العبارة بعد أن اشتكى عميل من انقطاع الخدمة للمرة الخامسة هذا الشهر.,محايد,استخفاف يحمل عدم اكتراث بمعاناة العميل,تبرير,حياد,2,لا,0,محايد,سلبي,مرتبط جزئيًا,نعم,نعم,متوسط,استخدام العبارة لتبرير عطل متكرر يحمل نوعًا من الاستخفاف بشكوى العميل المشروعة.,Dataset4_1000
160,ما عليه، بسيطة.,الحجازية,انسكب مشروب بسيط على طاولة أثناء لقاء عائلي فطمأن المضيف ضيوفه بأن الأمر لا يستحق القلق.,محايد,تطمين حقيقي في موقف بسيط,تهدئة,حياد,1,لا,0,محايد,محايد,مرتبط,لا,لا,منخفض,بساطة الموقف الفعلية تجعل التطمين صادقًا تمامًا.,Dataset4_1000
161,ما عليه، بسيطة.,الشرقية,أخطأ موظف مبتدئ في إدخال بيانات مهمة أدى إلى تأخير معاملة عميل لعدة أيام.,محايد,تهوين غير مناسب لخطأ ذي تأثير حقيقي,تبرير,استياء,2,لا,0,محايد,سلبي,مرتبط جزئيًا,نعم,نعم,منخفض,حجم تأثير الخطأ الفعلي يجعل وصفه بالبسيط تهوينًا غير مبرر يثير استياء ضمنيًا.,Dataset4_1000
162,الدكتورة فعلًا متعاونة، مدت لنا فترة تسليم الواجب لما شرحنا لها ظروفنا.,الوسطى,واجه طلاب ضغطًا في تسليم واجب بسبب تزامن عدة اختبارات، وتفهمت الدكتورة الموقف ومنحتهم تمديدًا.,مدح,تقدير حقيقي للتفهم والمرونة,شكر,امتنان,3,لا,0,إيجابي,إيجابي,مرتبط,لا,لا,منخفض,التفهم الفعلي الموصوف في السياق يجعل عبارة التقدير صادقة تمامًا.,Dataset4_1000
163,عجيب كيف كل فصل يصير فيه تعارض بين موادي بدون أي حل من الجدول الدراسي.,الحجازية,لاحظ طالب أن تعارض المواد الدراسية يتكرر كل فصل دراسي دون أي معالجة فعلية من إدارة الجدولة.,محايد,استياء مباشر من تكرار مشكلة الجدولة,شكوى,إحباط,3,لا,0,محايد,سلبي,مرتبط,لا,نعم,متوسط,كلمة عجيب هنا تعبر عن استغراب حقيقي مصحوب باستياء من تكرار نفس المشكلة الإدارية.,Dataset4_1000
164,فخور فيكم يا فريق، الحين قدرنا نوصل للنتيجة اللي نبيها بعد كل هالتعب.,الشرقية,بعد أسابيع من العمل الجاد، نجح فريق عمل في تحقيق هدف استراتيجي صعب كان يواجه عقبات كثيرة.,مدح,فخر حقيقي بإنجاز جماعي,مدح,فخر,5,لا,0,إيجابي,إيجابي,مرتبط,لا,لا,منخفض,الجهد والنتيجة الموصوفان في السياق يجعلان مشاعر الفخر صادقة ومبررة تمامًا.,Dataset4_1000
165,يا ليت أعرف قبل كذا إن في تعديل على موعد المشروع، خطيت كل خططي.,الجنوبية,غيّر مدير مشروع الموعد النهائي فجأة دون سابق إنذار، مما أربك خطط الموظف الشخصية والعملية.,محايد,استياء واضح من غياب التنسيق المسبق,شكوى,إحباط,3,لا,0,محايد,سلبي,مرتبط,لا,لا,متوسط,الجملة تعبر عن استياء منطقي ناتج عن تغيير مفاجئ أثر على خطط شخصية فعلية.,Dataset4_1000
166,عساكم عالقوة، شغل اليوم كان ثقيل على الفريق كله.,الشمالية,أنهى فريق عمل يومًا مرهقًا وطويلًا من العمل المكثف على تسليم مشروع بموعد ضيق.,مدح,تشجيع حقيقي بعد يوم عمل شاق,تشجيع,تقدير,3,لا,0,إيجابي,إيجابي,مرتبط,لا,لا,منخفض,التشجيع مرتبط بجهد حقيقي بذله الفريق، ولا يحمل أي دلالة سلبية.,Dataset4_1000
167,ما توقعت التعليقات على المنشور تكون بهالسلبية، بس أتفهم وجهة نظرهم.,سعودية عامة,نشر شخص رأيه على منصة تواصل اجتماعي وتلقى تعليقات نقدية أكثر مما توقع، لكنه تقبل النقد بهدوء.,محايد,تقبل هادئ للنقد مع بعض المفاجأة,حياد,حياد,2,لا,0,محايد,محايد,مرتبط,لا,لا,منخفض,الرد يعكس نضجًا في التعامل مع النقد دون أي مؤشر على غضب مكتوم أو سخرية.,Dataset4_1000
168,للأسف تجربتي مع التوصيل السريع ما كانت سريعة أبد.,الوسطى,اشترك عميل في خدمة توصيل سريع تعد بالتسليم خلال ساعة، لكن الطلب تأخر لأكثر من ثلاث ساعات.,سلبي,سخرية مباشرة من عدم مطابقة الاسم للخدمة الفعلية,سخرية,استياء,3,نعم,3,سلبي,سلبي,مرتبط,نعم,نعم,متوسط,التناقض الواضح بين اسم الخدمة وواقعها الفعلي يجعل الجملة تحمل سخرية مباشرة.,Dataset4_1000
169,ودي أشكر الفريق الطبي على الاهتمام الكبير أثناء فترة العلاج.,الحجازية,تلقى مريض رعاية طبية متميزة من فريق طبي خلال فترة علاج طويلة ونسبيًا صعبة.,مدح,امتنان عميق وصادق,شكر,امتنان,4,لا,0,إيجابي,إيجابي,مرتبط,نعم,لا,منخفض,الرعاية الفعلية الموصوفة في السياق تجعل الامتنان صادقًا وعميقًا.,Dataset4_1000
170,يا ليت أحد يشرح لنا التعليمات الجديدة بدل ما نتوه بين خمس نسخ مختلفة منها.,الشرقية,أصدرت إدارة تعليمات عمل جديدة بأكثر من نسخة متضاربة دون توضيح النسخة المعتمدة رسميًا.,محايد,استياء من التضارب وغياب التوضيح,شكوى,ارتباك,3,لا,0,محايد,سلبي,مرتبط,لا,نعم,متوسط,الجملة تعبر عن ارتباك حقيقي واستياء ناتج عن تضارب فعلي في التعليمات الصادرة.,Dataset4_1000
171,عاشت الأيادي على الحفلة، كانت منظمة وممتعة من أول لحظة.,الجنوبية,نظّم فريق فعاليات جامعية حفل تخرج ناجحًا حظي بإشادة واسعة من الطلاب والأهالي.,مدح,مدح حقيقي وصادق لتنظيم ناجح,مدح,فرح,4,لا,0,إيجابي,إيجابي,مرتبط,لا,لا,منخفض,النجاح الفعلي الموصوف في تنظيم الحفل يجعل المدح صادقًا تمامًا دون أي التباس.,Dataset4_1000
172,مرحبًا، أتمنى تكونوا بخير. للأسف أواجه مشكلة في تسجيل الدخول للتطبيق منذ الصباح، حاولت أكثر من مرة وما نفعت. ممكن تساعدوني؟,الوسطى,أرسل عميل رسالة مطولة ومهذبة لخدمة العملاء يشرح فيها مشكلة تقنية تواجهه منذ ساعات دون حل.,محايد,طلب مساعدة مهذب يحمل استياء خفيف من استمرار المشكلة,طلب,قلق,2,لا,0,محايد,سلبي,مرتبط جزئيًا,نعم,نعم,منخفض,أسلوب الرسالة مهذب لكنه يحمل إشارة لاستياء بسيط بسبب استمرار المشكلة منذ ساعات طويلة.,Dataset4_1000
173,شكرًا لتفاعلكم السريع مع طلبي، بس حابب أوضح إن المشكلة رجعت مرة ثانية بعد الحل المؤقت اللي عطيتوني إياه أمس.,الحجازية,قدّم الدعم الفني حلًا مؤقتًا لمشكلة عميل بالأمس، لكن نفس المشكلة عادت للظهور اليوم من جديد.,محايد,شكر مصحوب بشكوى من عودة نفس المشكلة,شكوى,استياء,2,لا,0,إيجابي,سلبي,مرتبط جزئيًا,نعم,نعم,متوسط,الشكر في بداية الرسالة صادق على التفاعل، لكن الجزء الثاني يحمل استياءً حقيقيًا من عدم استدامة الحل.,Dataset4_1000
174,والله ما أدري وش أقول، توقعت أسوأ لكن طلع تعاملكم فوق الممتاز صراحة.,الشرقية,دخل عميل في تجربة استرجاع منتج متوقعًا تعقيدات كثيرة، لكن العملية تمت بسلاسة وسرعة لم يتوقعها.,مدح,مفاجأة إيجابية حقيقية,مدح,فرح,4,لا,0,إيجابي,إيجابي,مرتبط,نعم,لا,منخفض,المقارنة بين التوقع السلبي والواقع الإيجابي تعزز صدق المدح الوارد في الجملة.,Dataset4_1000
175,صراحة كنت متردد أطلب من عندكم بعد قراءتي لبعض التقييمات، بس تجربتي كانت مختلفة تمامًا وأحسن بكثير.,الجنوبية,تردد عميل جديد في التعامل مع متجر إلكتروني بسبب تقييمات سلبية سابقة، لكن تجربته الفعلية كانت إيجابية جدًا.,مدح,تقييم إيجابي صادق يخالف التوقع المسبق,مدح,ارتياح,3,لا,0,إيجابي,إيجابي,مرتبط,نعم,لا,منخفض,مخالفة التجربة الفعلية للتوقعات السلبية المسبقة تجعل المدح أكثر مصداقية ووضوحًا.,Dataset4_1000
176,ياليت في مرة قادمة يكون في تواصل أوضح بخصوص حالة الشحنة، لأني ما كنت أدري وش صاير فيها لمدة أسبوع كامل.,الشمالية,لم يتلقَّ عميل أي تحديث عن حالة شحنته لمدة أسبوع كامل رغم تأخرها عن الموعد المتوقع.,محايد,شكوى مهذبة من غياب التحديثات,شكوى,قلق,2,لا,0,محايد,سلبي,مرتبط جزئيًا,نعم,نعم,منخفض,الصياغة اللطيفة تحمل انتقادًا واضحًا لغياب التواصل خلال فترة الانتظار الطويلة.,Dataset4_1000
177,بصراحة معكم حق، المشكلة كانت من طرفي مو من طرفكم، آسف على الإزعاج.,سعودية عامة,اكتشف عميل بعد نقاش مع الدعم الفني أن الخطأ في إعدادات جهازه الشخصي وليس من الشركة.,سلبي,اعتراف صادق بالخطأ واعتذار حقيقي,اعتذار,خجل,2,لا,0,سلبي,إيجابي,مرتبط,نعم,لا,منخفض,الاعتراف الصريح بالخطأ الشخصي يعكس صدقًا واضحًا لا يحمل أي سخرية أو تصنّع.,Dataset4_1000
178,الحمدلله انحلت المشكلة أخيرًا بعد أسبوعين من المتابعة.,الوسطى,بعد أسبوعين من المتابعة المستمرة مع الدعم الفني، تم حل مشكلة انقطاع الإنترنت المتكررة نهائيًا.,محايد,ارتياح حقيقي بعد انتظار طويل,امتنان,ارتياح,3,لا,0,محايد,إيجابي,مرتبط,نعم,لا,منخفض,طول فترة الانتظار الموصوفة يجعل التعبير عن الارتياح النهائي صادقًا ومفهومًا.,Dataset4_1000
179,سبحان الله، نفس السؤال أجاوب عليه لثلاث موظفين مختلفين اليوم.,الحجازية,اضطر عميل لتكرار شرح مشكلته لثلاثة موظفين مختلفين خلال مكالمة واحدة بسبب سوء تحويل الاتصال.,محايد,استياء من سوء تنظيم التحويل بين الموظفين,شكوى,نفاد صبر,3,لا,0,محايد,سلبي,مرتبط,نعم,نعم,متوسط,تكرار شرح نفس المشكلة لعدة أشخاص يعكس استياءً منطقيًا من سوء التنظيم الداخلي.,Dataset4_1000
180,ما قصرتوا هالمرة، الطلب وصل كامل وبدون أي نقص.,الشرقية,بعد تجارب سابقة فيها نقص بالطلبات، وصل طلب العميل هذه المرة كاملًا ومطابقًا تمامًا لما طلبه.,مدح,رضا حقيقي مقارنة بتجارب سابقة أقل جودة,شكر,رضا,3,لا,0,إيجابي,إيجابي,مرتبط,نعم,لا,منخفض,الإشارة الضمنية لتجارب سابقة تعزز صدق الرضا عن التحسن الحالي في الخدمة.,Dataset4_1000
181,ليه دايمًا لازم أواجه مشكلة عشان أحصل على حقي الأساسي؟,الجنوبية,اضطر عميل لتصعيد شكواه أكثر من مرة قبل أن يحصل على تعويض كان من المفترض أن يُمنح له تلقائيًا.,سلبي,إحباط مباشر من صعوبة الحصول على حق أساسي,شكوى,إحباط,4,لا,0,سلبي,سلبي,مرتبط,نعم,نعم,مرتفع,الجملة تعبر عن إحباط مباشر ومبرر تجاه إجراءات معقدة للحصول على حق بسيط.,Dataset4_1000
182,تسلم يدك، ساعدتني أفهم النظام المحاسبي الجديد بسرعة.,الشمالية,شرح موظف قديم لزميله الجديد نظام المحاسبة الداخلي للشركة بصبر ووضوح كبيرين.,مدح,شكر حقيقي على مساعدة فعلية في التدريب,شكر,امتنان,3,لا,0,إيجابي,إيجابي,مرتبط,لا,لا,منخفض,المساعدة الفعلية الموصوفة تجعل الشكر صادقًا ومباشرًا دون أي غموض.,Dataset4_1000
183,ما كنت أتوقع إن نفس الغلطة تتكرر بعد ما اتصلت وأكدتوا لي إنها انحلت.,سعودية عامة,أكد ممثل خدمة العملاء للعميل أن مشكلة فوترة معينة قد حُلت، لكنها ظهرت مرة أخرى في الفاتورة التالية.,سلبي,استياء مباشر من عدم الوفاء بالتأكيد السابق,شكوى,غضب,4,لا,0,سلبي,سلبي,مرتبط,نعم,نعم,مرتفع,التناقض بين التأكيد السابق وتكرار المشكلة يجعل الاستياء مباشرًا ومبررًا بالكامل.,Dataset4_1000
184,يعطيك العافية على المجهود يا دكتور، بس ياليت المحاضرة تكون أقصر شوي المرة الجاية.,الوسطى,قدّم أستاذ جامعي محاضرة مفيدة لكنها امتدت لساعتين متواصلتين دون استراحة مما أرهق الطلاب.,مدح,تقدير حقيقي ممزوج باقتراح للتحسين,اقتراح,إرهاق,2,لا,0,إيجابي,محايد,مرتبط جزئيًا,لا,لا,منخفض,التقدير على المحتوى صادق، بينما الاقتراح في نهاية الجملة يعكس إرهاقًا حقيقيًا من طول الوقت.,Dataset4_1000
185,ما أعتقد إن فكرة تأجيل المشروع صحيحة في هذا التوقيت بالذات.,الحجازية,اقترح أحد أعضاء فريق العمل تأجيل مشروع مهم، فاعترض زميله بهذه الجملة بأسلوب مهني هادئ.,سلبي,اعتراض مهني مباشر بدون أي انفعال,رفض,حياد,2,لا,0,سلبي,سلبي,مرتبط,لا,لا,منخفض,الاعتراض واضح ومباشر ومبني على رأي مهني دون أي مؤشر على غضب أو سخرية.,Dataset4_1000
186,الف مبروك التخرج، تستاهل كل خير بعد كل التعب اللي مريت فيه.,الشرقية,تخرّج طالب بعد سنوات من الجهد والمثابرة رغم ظروف دراسية صعبة واجهها خلال المرحلة الجامعية.,مدح,تهنئة صادقة وتقدير حقيقي للجهد,تشجيع,فرح,5,لا,0,إيجابي,إيجابي,مرتبط,لا,لا,منخفض,الإشارة إلى الجهد الفعلي الذي بذله الطالب تعزز صدق التهنئة ومشاعر الفخر المصاحبة لها.,Dataset4_1000
187,للأسف قرار نقل الفرع بدون أي استشارة للموظفين أثر على كثير من الناس.,الجنوبية,اتخذت إدارة شركة قرارًا بنقل مقر أحد الفروع دون استشارة الموظفين مسبقًا، مما أثر على تنقلاتهم اليومية.,سلبي,استياء مباشر من غياب التشاور,شكوى,استياء,3,لا,0,سلبي,سلبي,مرتبط,لا,نعم,متوسط,الجملة تعبر بوضوح عن استياء منطقي ناتج عن قرار إداري أثر فعليًا على الموظفين.,Dataset4_1000
188,عساك طيب، ما شفناك من زمان، وينك مختفي؟,الشمالية,التقى شخص بصديق قديم لم يره منذ فترة طويلة وسأله بمودة صادقة عن أحواله.,محايد,اشتياق حقيقي وصادق,ترحيب,فرح,3,لا,0,إيجابي,إيجابي,مرتبط,لا,لا,منخفض,السياق الاجتماعي الدافئ يجعل السؤال تعبيرًا صادقًا عن الاشتياق دون أي عتاب خفي.,Dataset4_1000
189,عساك طيب، ما شفناك من زمان، وينك مختفي؟,سعودية عامة,تجاهل صديق رسائل المتحدث لأسابيع طويلة دون رد، ثم ظهر فجأة، فسأله المتحدث بهذه العبارة بنبرة فيها عتاب خفيف.,محايد,عتاب مبطن خلف سؤال ظاهره ودّي,عتاب,استياء,2,لا,0,إيجابي,سلبي,مرتبط جزئيًا,لا,لا,منخفض,تجاهل الرسائل الطويل يجعل نفس السؤال يحمل عتابًا خفيفًا بدلًا من مجرد شوق بريء.,Dataset4_1000
190,والله يا شباب أبدعتوا في العرض التقديمي هالمرة.,الوسطى,قدّم فريق طلابي عرضًا تقديميًا مميزًا حظي بإشادة واسعة من الحضور والأساتذة على حد سواء.,مدح,إعجاب حقيقي بإنجاز جماعي متميز,مدح,فخر,4,لا,0,إيجابي,إيجابي,مرتبط,لا,لا,منخفض,الإشادة الواسعة الموصوفة في السياق تجعل المدح الوارد صادقًا وغير مبالغ فيه.,Dataset4_1000
191,مو معقول أرسل الإيميل نفسه أربع مرات ولا أحد يرد!,الحجازية,أرسل موظف بريدًا إلكترونيًا مهمًا لقسم آخر أربع مرات متتالية دون الحصول على أي رد خلال أسبوع.,سلبي,إحباط مباشر من إهمال التواصل الداخلي,شكوى,إحباط,4,لا,0,سلبي,سلبي,مرتبط,لا,نعم,متوسط,تكرار المحاولة دون أي استجابة يعكس إحباطًا مباشرًا ومبررًا من سوء التواصل الداخلي.,Dataset4_1000
192,أشكر لكم تفهمكم لظرفي وتسهيل الإجراءات علي.,الشرقية,واجه عميل ظرفًا صحيًا طارئًا، وقامت الجهة الحكومية بتسهيل إجراءاته دون تعقيد إضافي.,مدح,امتنان حقيقي لمرونة التعامل مع ظرف خاص,شكر,امتنان,3,لا,0,إيجابي,إيجابي,مرتبط,نعم,لا,منخفض,المرونة الفعلية في التعامل مع ظرف طارئ تجعل الامتنان صادقًا وواضحًا.,Dataset4_1000
193,والله كل يوم أتذكر لماذا ما ودي أرجع أطلب من هذا المطعم مرة ثانية.,الجنوبية,تكررت تجربة العميل السيئة مع نفس المطعم أكثر من مرة بسبب تأخر الطلبات وسوء جودة الطعام.,سلبي,استياء متراكم من تجارب سلبية متكررة,شكوى,استياء,4,لا,0,سلبي,سلبي,مرتبط,لا,نعم,منخفض,تكرار التجارب السيئة يجعل الجملة تعبيرًا مباشرًا عن استياء متراكم وليس موقفًا عابرًا.,Dataset4_1000
194,ما شاء الله عليكم دايمًا سباقين، آخر تحديث كان فيه حل لأكثر مشكلة كانت تضايقني.,الشمالية,أصدرت شركة تطبيق تحديثًا جديدًا عالج فعليًا مشكلة تقنية كانت تزعج المستخدم منذ فترة طويلة.,مدح,رضا حقيقي عن حل مشكلة فعلية طال انتظارها,شكر,رضا,4,لا,0,إيجابي,إيجابي,مرتبط,نعم,لا,منخفض,حل المشكلة الفعلي الموصوف في السياق يجعل المدح صادقًا ومباشرًا.,Dataset4_1000
195,يا ليت أحد يوضح لنا سياسة الإلغاء بشكل أوضح قبل ما نحجز.,سعودية عامة,واجه عميل غموضًا في شروط إلغاء حجز فندقي اكتشفه فقط بعد محاولته إلغاء الحجز.,محايد,اقتراح تحسين يحمل استياءً خفيفًا من غياب الوضوح,اقتراح,ارتباك,2,لا,0,محايد,سلبي,مرتبط جزئيًا,نعم,نعم,منخفض,غياب الوضوح المسبق في الشروط يجعل الاقتراح يحمل انتقادًا ضمنيًا وليس ملاحظة عابرة فقط.,Dataset4_1000
196,عن جد أشكركم على المصداقية في عرض المميزات والعيوب قبل ما أشتري.,الوسطى,شرح بائع لعميل مميزات وعيوب منتج بصراحة تامة قبل إتمام عملية الشراء بدلًا من التركيز على المدح فقط.,مدح,تقدير حقيقي للصدق في البيع,شكر,تقدير,3,لا,0,إيجابي,إيجابي,مرتبط,نعم,لا,منخفض,الصدق الفعلي الموصوف في السياق يجعل عبارة الشكر صادقة ومبررة تمامًا.,Dataset4_1000
197,أبد ما ضايقني الموضوع، بس حاب أوضح إنه صار معي لثاني مرة.,الحجازية,تكرر خطأ بسيط في فاتورة العميل للمرة الثانية، فأوضح الأمر بهدوء دون إظهار انزعاج كبير.,محايد,توضيح هادئ يخفي استياءً بسيطًا من التكرار,شكوى,استياء,2,لا,0,محايد,سلبي,مرتبط جزئيًا,نعم,نعم,منخفض,محاولة التخفيف من حدة الموقف لا تلغي الإشارة الواضحة إلى تكرار نفس الخطأ.,Dataset4_1000
198,مبسوط إني قررت أكمل دراستي العليا، القرار كان صعب بس أستاهل هالفرصة.,الشرقية,قرر شخص بعد تردد طويل الالتحاق ببرنامج دراسات عليا كان يطمح إليه منذ سنوات.,مدح,فرح حقيقي بقرار شخصي مهم,حياد,فرح,4,لا,0,إيجابي,إيجابي,مرتبط,لا,لا,منخفض,القرار الشخصي الإيجابي الموصوف يجعل التعبير عن الفرح صادقًا ومباشرًا.,Dataset4_1000
199,والله ما توقعت إن نظام التقييم يتغير فجأة قبل الاختبار النهائي بأسبوع.,الجنوبية,غيّرت الجامعة معايير تقييم مادة دراسية قبل أسبوع واحد فقط من الاختبار النهائي دون سابق إنذار.,سلبي,استياء مباشر من تغيير مفاجئ يؤثر على الطلاب,شكوى,قلق,4,لا,0,سلبي,سلبي,مرتبط,لا,نعم,متوسط,التوقيت غير المناسب للتغيير المذكور في السياق يجعل الاستياء مباشرًا ومبررًا تمامًا.,Dataset4_1000
200,أبشركم نجحنا في المفاوضات وحصلنا على الشروط اللي كنا نبيها بالضبط.,الشمالية,نجح فريق مبيعات في التفاوض مع عميل كبير وحصل على شروط تعاقدية مثالية بعد جهد مكثف.,مدح,فرح حقيقي بإنجاز عملي كبير,مدح,فرح,4,لا,0,إيجابي,إيجابي,مرتبط,لا,لا,منخفض,النجاح الفعلي الموصوف في السياق يجعل التعبير عن الفرح صادقًا وواضحًا.,Dataset4_1000
201,للأسف حسيت إن رأيي ما أُخذ بعين الاعتبار رغم إني طرحته من البداية.,سعودية عامة,طرح موظف اقتراحًا في بداية مشروع لم تأخذ به الإدارة، ثم تبيّن لاحقًا أن الاقتراح كان صحيحًا.,سلبي,خيبة أمل مباشرة من عدم الأخذ بالرأي,شكوى,خيبة أمل,3,لا,0,سلبي,سلبي,مرتبط,لا,لا,منخفض,التعبير عن خيبة الأمل هنا مباشر ومرتبط بموقف مهني واضح دون أي غموض.,Dataset4_1000
202,يا هلا فيك، خذ راحتك واشرح لي المشكلة بالتفصيل عشان أقدر أساعدك صح.,الوسطى,استقبل موظف دعم فني اتصال عميل جديد بترحيب صادق وإصغاء حقيقي لتفاصيل المشكلة.,إيجابي,ترحيب حقيقي واهتمام صادق,ترحيب,حياد,2,لا,0,إيجابي,إيجابي,مرتبط,نعم,لا,منخفض,أسلوب الإصغاء الفعلي الموصوف في السياق يجعل الترحيب صادقًا وليس شكليًا.,Dataset4_1000
203,سبحان الله، لين الحين ما فيه رد رسمي على استفساري من الأسبوع اللي طاف.,الحجازية,أرسل عميل استفسارًا رسميًا لجهة حكومية منذ أسبوع كامل دون تلقي أي رد حتى الآن.,محايد,استياء مباشر من غياب الرد الرسمي,شكوى,نفاد صبر,3,لا,0,محايد,سلبي,مرتبط,نعم,نعم,متوسط,طول فترة الانتظار دون رد يجعل الاستياء المعبر عنه مباشرًا ومبررًا.,Dataset4_1000
204,جزاكم الله خير على سرعة معالجة طلب الإعفاء، فرّجتوا علينا كثير.,الشرقية,قدّمت جهة حكومية معالجة سريعة لطلب إعفاء مالي كان العميل بأمس الحاجة إليه.,مدح,امتنان عميق وصادق,شكر,امتنان,4,لا,0,إيجابي,إيجابي,مرتبط,نعم,لا,منخفض,الحاجة الفعلية والسرعة في المعالجة الموصوفتان تجعلان الامتنان صادقًا وعميقًا.,Dataset4_1000
205,ما أدري ليش كل مرة أزور فيها هذا الفرع ألقى طابور طويل رغم إني أحجز موعد مسبق.,الجنوبية,حجز عميل موعدًا مسبقًا في أحد فروع البنك، لكنه فوجئ بطابور طويل رغم الحجز المسبق في كل مرة.,سلبي,استياء مباشر من عدم فعالية نظام الحجز المسبق,شكوى,نفاد صبر,3,لا,0,سلبي,سلبي,مرتبط,نعم,نعم,متوسط,تكرار المشكلة رغم وجود نظام حجز مسبق يجعل الاستياء منطقيًا ومباشرًا.,Dataset4_1000
206,عاشت الأيادي على التقرير، واضح ومرتب وسهل الفهم.,الشمالية,أعدّ موظف تقريرًا ماليًا شاملًا كان دقيقًا وواضح التنظيم مما سهّل على الإدارة اتخاذ القرار.,مدح,تقدير حقيقي لجودة العمل,مدح,رضا,3,لا,0,إيجابي,إيجابي,مرتبط,لا,لا,منخفض,جودة العمل الفعلية الموصوفة تجعل المدح صادقًا ومباشرًا دون أي التباس.,Dataset4_1000
207,يا ليت الشركة توضح سياسة الضمان بشكل أدق على الموقع قبل الشراء.,سعودية عامة,اكتشف عميل بعد الشراء أن شروط الضمان مختلفة عما فهمه من الوصف الغامض على موقع المتجر.,محايد,اقتراح تحسين يحمل استياءً من الغموض السابق,اقتراح,ارتباك,2,لا,0,محايد,سلبي,مرتبط جزئيًا,نعم,نعم,منخفض,غياب الوضوح المسبق يجعل الاقتراح يحمل انتقادًا ضمنيًا لسياسة العرض الحالية.,Dataset4_1000
208,والله يا جماعة ما توقعت الدعم يكون بهالسرعة والاحترافية.,الوسطى,تفاجأ عميل جديد بمستوى احترافية وسرعة فريق الدعم الفني عند تعامله الأول مع الشركة.,مدح,إعجاب حقيقي يفوق التوقعات,مدح,فرح,4,لا,0,إيجابي,إيجابي,مرتبط,نعم,لا,منخفض,مخالفة التوقع المسبق للواقع الإيجابي تعزز صدق الإعجاب المعبر عنه في الجملة.,Dataset4_1000
209,للأسف حسيت إن اهتمامكم بينا قل بعد ما وقعنا العقد.,الحجازية,لاحظ عميل تراجعًا واضحًا في مستوى المتابعة من الشركة بعد توقيع عقد خدمة طويل الأمد.,سلبي,خيبة أمل مباشرة من تراجع مستوى الاهتمام,شكوى,خيبة أمل,3,لا,0,سلبي,سلبي,مرتبط,نعم,نعم,متوسط,المقارنة الضمنية بين مرحلتي ما قبل وبعد التعاقد تجعل خيبة الأمل مباشرة ومبررة.,Dataset4_1000
210,ما شاء الله عليكم، وثيقة التأمين انطبعت بأول محاولة بدون أي تعقيد.,الشرقية,أنجز عميل معاملة إصدار وثيقة تأمين إلكترونية بسهولة وسرعة دون أي مشاكل تقنية.,مدح,رضا حقيقي عن سهولة الإجراء,مدح,رضا,3,لا,0,إيجابي,إيجابي,مرتبط,نعم,لا,منخفض,سهولة الإجراء الفعلية الموصوفة تجعل المدح صادقًا ومباشرًا دون أي تناقض.,Dataset4_1000
211,بصراحة ما توقعت وصول الدعم الفني للمنزل بنفس اليوم اللي اتصلت فيه.,الجنوبية,طلب عميل صيانة منزلية عاجلة، وتفاجأ بوصول الفني في نفس اليوم رغم توقعه انتظار أيام.,مدح,رضا حقيقي يفوق التوقعات,شكر,فرح,4,لا,0,إيجابي,إيجابي,مرتبط,نعم,لا,منخفض,السرعة غير المتوقعة الموصوفة في السياق تجعل الرضا المعبر عنه صادقًا تمامًا.,Dataset4_1000
212,يا ليت الرد يكون موحد، كل موظف يقول لي شي مختلف عن الثاني.,الشمالية,تلقى عميل معلومات متضاربة من ثلاثة موظفين مختلفين بخصوص نفس الاستفسار خلال يوم واحد.,محايد,استياء من تضارب المعلومات المقدمة,شكوى,ارتباك,3,لا,0,محايد,سلبي,مرتبط,نعم,نعم,متوسط,تضارب المعلومات الموصوف في السياق يجعل الاستياء المعبر عنه مباشرًا ومبررًا.,Dataset4_1000
213,تسلمون على المتابعة الدايمة، حسيت إني مو مجرد رقم عندكم.,سعودية عامة,تابعت شركة تأمين حالة مطالبة العميل بشكل شخصي ومستمر حتى تمت تسويتها بالكامل.,مدح,امتنان حقيقي لشعور بالاهتمام الشخصي,شكر,امتنان,4,لا,0,إيجابي,إيجابي,مرتبط,نعم,لا,منخفض,المتابعة الشخصية الفعلية الموصوفة تجعل الامتنان صادقًا وعميقًا دون أي مبالغة.,Dataset4_1000
214,ما شاء الله عليكم، خدمة عملاء تسوق لنفسها بالإعلانات وفي الواقع ما توجد.,الوسطى,روّجت شركة اتصالات لخدمة عملاء متميزة عبر الإعلانات، لكن عميلًا حاول التواصل معهم لثلاثة أيام دون أي رد.,مدح,سخرية لاذعة من الفجوة بين الإعلان والواقع,سخرية,غضب,4,نعم,4,إيجابي,سلبي,غير مرتبط,نعم,نعم,مرتفع,التناقض الصارخ بين الترويج الإعلاني وتجربة العميل الفعلية يجعل المدح الظاهري سخرية واضحة.,Dataset4_1000
215,عظيم، بطاقتي انسحبت من الجهاز وما طلع لي أي إيصال.,الحجازية,حاول عميل السحب من جهاز صراف آلي، فابتلع الجهاز بطاقته دون إصدار أي إيصال أو تنبيه.,إيجابي,سخرية واستياء من عطل الجهاز,شكوى,قلق,4,نعم,3,إيجابي,سلبي,غير مرتبط,نعم,نعم,مرتفع,كلمة عظيم تتناقض تمامًا مع موقف مقلق يخص فقدان بطاقة بنكية، وهو ما يكشف السخرية.,Dataset4_1000
216,رائع جدًا، اضطريت أطبع نفس النموذج ثلاث مرات بسبب خطأ في الموقع.,الشرقية,حاول عميل تعبئة نموذج إلكتروني حكومي، لكنه واجه خطأ تقنيًا اضطره لإعادة التعبئة ثلاث مرات متتالية.,إيجابي,سخرية من ضعف الموقع التقني,سخرية,نفاد صبر,3,نعم,3,إيجابي,سلبي,غير مرتبط,نعم,نعم,منخفض,استخدام كلمة رائع مع وصف خطأ تقني متكرر يوضح سخرية واضحة من ضعف الموقع.,Dataset4_1000
217,تسلم إيدك يا هندسة، بنيت لنا موقع يطيح كل ما زاد الضغط عليه شوي.,الجنوبية,أطلقت شركة موقعًا إلكترونيًا جديدًا لكنه يتعطل باستمرار عند زيادة عدد الزوار خلال فترات الذروة.,مدح,سخرية من ضعف تقني في تصميم الموقع,سخرية,إحباط,3,نعم,4,إيجابي,سلبي,غير مرتبط,نعم,نعم,متوسط,لقب المدح الساخر (يا هندسة) يبرز التناقض بين وصف الإنجاز التقني وواقعه الضعيف فعليًا.,Dataset4_1000
218,الله يعطيكم العافية، رفعتوا السعر واحتفظتوا بنفس الجودة القديمة بالظبط.,الشمالية,رفعت شركة اشتراكات سعر باقتها دون أي تحسين ملموس في جودة الخدمة المقدمة للمشتركين.,مدح,سخرية من رفع السعر دون تحسين مقابل,سخرية,استياء,3,نعم,3,إيجابي,سلبي,غير مرتبط,نعم,نعم,متوسط,الدعاء الظاهري يخفي انتقادًا واضحًا لعدم تناسب رفع السعر مع مستوى الخدمة الفعلي.,Dataset4_1000
219,يا سلام، صرفوا لي راتب الشهر بعد يومين من موعده المعتاد بدون أي تفسير.,سعودية عامة,تأخر صرف راتب موظف عن الشركة يومين كاملين عن الموعد المعتاد دون أي إشعار مسبق بالسبب.,إيجابي,استياء وسخرية من التأخير غير المبرر,شكوى,قلق,3,نعم,3,إيجابي,سلبي,غير مرتبط,لا,نعم,متوسط,عبارة يا سلام في سياق تأخير غير مبرر لالتزام مالي مهم توضح سخرية واستياء حقيقيين.,Dataset4_1000
220,عظمة في التنظيم، دخلنا نص ساعة متأخرين عن بداية الفعالية الرسمية.,الوسطى,بدأت فعالية عامة متأخرة نصف ساعة عن الموعد المعلن دون أي إعلان مسبق بالتأخير للحضور.,إيجابي,سخرية من سوء الالتزام بالمواعيد,سخرية,نفاد صبر,2,نعم,3,إيجابي,سلبي,غير مرتبط,لا,لا,منخفض,المدح الظاهري في بداية الجملة يتناقض مع وصف التأخير الفعلي، وهذا يوضح السخرية الخفيفة.,Dataset4_1000
221,ما شاء الله عليكم سرعة في التحصيل، بس بطء غريب في تقديم الخدمة نفسها.,الحجازية,لاحظ عميل أن شركة الخدمات تسرع كثيرًا في تحصيل الفواتير بينما تتباطأ في تقديم الخدمة المدفوعة.,مدح,سخرية من التناقض بين سرعة التحصيل وبطء الخدمة,سخرية,استياء,3,نعم,3,إيجابي,سلبي,غير مرتبط,نعم,نعم,متوسط,المقارنة بين سرعتين متناقضتين تكشف سخرية واضحة من أولويات الشركة الفعلية.,Dataset4_1000
222,والله عبقرية منكم، تلغون الرحلة وترسلون الإشعار بعد ما وصلنا المطار.,الشرقية,ألغت شركة طيران رحلة عميل وأرسلت له إشعار الإلغاء بعد وصوله فعليًا إلى المطار.,إيجابي,سخرية شديدة من سوء التوقيت في الإشعار,سخرية,غضب,5,نعم,5,إيجابي,سلبي,غير مرتبط,نعم,نعم,مرتفع,كلمة عبقرية هنا سخرية شديدة موجهة لخطأ إداري كبير أثر فعليًا على خطط سفر العميل.,Dataset4_1000
223,يا ريتني ما جربت خدمة التوصيل السريع هالمرة، طلعت أبطأ من العادية.,الجنوبية,اختار عميل باقة توصيل سريع بتكلفة أعلى، لكنها استغرقت وقتًا أطول من التوصيل العادي المعتاد.,سلبي,سخرية مباشرة من عدم تحقق الخدمة لوعدها,سخرية,استياء,3,نعم,3,سلبي,سلبي,مرتبط,نعم,نعم,متوسط,التناقض بين اسم الخدمة ووعدها والنتيجة الفعلية يجعل الجملة سخرية مباشرة من الخدمة.,Dataset4_1000
224,تسلم عالخبر، فسدت لي خطتي كلها بسبب هالتأجيل المفاجئ.,الشمالية,أجّل منظمو فعالية موعدها المعلن قبل يوم واحد فقط، مما أفسد خطط أحد الحضور المرتبطة بالتوقيت.,مدح,سخرية من التأجيل المفاجئ وتأثيره,سخرية,إحباط,3,نعم,3,إيجابي,سلبي,غير مرتبط,لا,لا,منخفض,كلمة تسلم هنا سخرية واضحة تعبّر عن إحباط ناتج عن قرار تأجيل مفاجئ وسيء التوقيت.,Dataset4_1000
225,الله يخلف عليكم، دفعت رسوم اشتراك سنوي وألغيتوا الخدمة بعد شهرين بدون استرجاع.,سعودية عامة,ألغت شركة رقمية إحدى خدماتها بعد شهرين فقط من اشتراك سنوي دفعه العميل بالكامل دون استرجاع الفرق.,مدح,سخرية وغضب من عدم استرجاع المبلغ,شكوى,غضب,5,نعم,4,إيجابي,سلبي,غير مرتبط,نعم,نعم,مرتفع,الدعاء الظاهري يخفي غضبًا حقيقيًا من خسارة مالية ناتجة عن إلغاء خدمة مدفوعة مسبقًا.,Dataset4_1000
226,رهيب جدًا، الموقع يطلب مني تسجيل بيانات جديدة كل مرة أدخل فيها.,الوسطى,يواجه مستخدم موقع إلكتروني مشكلة تسجيل دخول متكررة تجبره على إعادة إدخال بياناته في كل زيارة.,إيجابي,سخرية من خلل تقني متكرر ومزعج,سخرية,نفاد صبر,3,نعم,3,إيجابي,سلبي,غير مرتبط,نعم,نعم,منخفض,كلمة رهيب تستخدم هنا بمعنى معاكس تمامًا للتعبير عن إزعاج تقني متكرر.,Dataset4_1000
227,ما شاء الله عليكم في التذكير بمواعيد الدفع، بس ما تذكروننا لما يتأخر التوصيل.,الحجازية,لاحظ عميل أن الشركة سريعة جدًا في تذكيره بمواعيد الدفع لكنها بطيئة في متابعة تأخر توصيل الطلبات.,مدح,سخرية من ازدواجية المعايير في المتابعة,سخرية,استياء,3,نعم,3,إيجابي,سلبي,غير مرتبط,نعم,نعم,متوسط,المقارنة بين نوعين من المتابعة تكشف سخرية من ازدواجية اهتمام الشركة بمصالحها فقط.,Dataset4_1000
228,ودي أعرف الفرق بين الباقتين قبل ما أقرر أشترك.,الشرقية,استفسر عميل محتمل عن الفروقات التقنية بين باقتين مختلفتين قبل اتخاذ قرار الاشتراك.,محايد,استفسار بسيط بدون أي شحنة عاطفية,استفسار,حياد,1,لا,0,محايد,محايد,مرتبط,نعم,لا,منخفض,الجملة استفسار محايد تمامًا لا يحمل أي إشارة لرضا أو استياء.,Dataset4_1000
229,ممكن أعرف الوقت المتوقع لتسليم الطلب؟,الجنوبية,أراد عميل معرفة الجدول الزمني المتوقع لتسليم طلب قدمه للتو دون أي مؤشر على قلق أو استعجال.,محايد,استفسار عادي ومباشر,استفسار,حياد,1,لا,0,محايد,محايد,مرتبط,نعم,لا,منخفض,لا يوجد في السياق أي مؤشر على انزعاج أو استعجال غير عادي.,Dataset4_1000
230,أفضل أراجع الموضوع مع فريقي قبل ما أرد عليكم بشكل نهائي.,الشمالية,طلبت شركة موردة قرارًا سريعًا بخصوص عرض تجاري، فطلب مدير المشتريات وقتًا للتشاور الداخلي أولًا.,محايد,طلب مهلة مهني بدون أي انفعال,اقتراح,حياد,1,لا,0,محايد,محايد,مرتبط,لا,لا,منخفض,الجملة تعكس أسلوبًا مهنيًا هادئًا في اتخاذ القرار دون أي ضغط أو استياء.,Dataset4_1000
231,تمام، خلونا نحدد موعد ثاني للاجتماع الأسبوع الجاي.,سعودية عامة,اتفق فريقان على تأجيل اجتماع عمل بشكل ودي بسبب تعارض في جداول الطرفين.,محايد,اتفاق عملي بسيط بدون أي مشاعر سلبية,اقتراح,حياد,1,لا,0,محايد,محايد,مرتبط,لا,لا,منخفض,الاتفاق هنا متبادل ومنطقي، ولا يحمل أي إشارة لاستياء من أي طرف.,Dataset4_1000
232,حبيت أسأل إذا فيه إمكانية لتقسيط المبلغ على دفعتين.,الوسطى,استفسر عميل عن إمكانية تقسيط دفعة مالية لخدمة يرغب في الاشتراك بها دون أي ضغط مالي واضح.,محايد,طلب مهذب ومباشر بدون أي مشاعر سلبية,طلب,حياد,1,لا,0,محايد,محايد,مرتبط,نعم,لا,منخفض,الطلب بسيط ومباشر ولا يحمل أي دلالة على استياء أو ضغط.,Dataset4_1000
233,أعتقد إن الخيار الثاني أنسب لظروفنا الحالية.,الحجازية,ناقش فريق عمل خيارين لتنفيذ مشروع، ورجّح أحد الأعضاء الخيار الثاني بناءً على معطيات منطقية.,محايد,رأي مهني مباشر بدون أي انفعال,اقتراح,حياد,1,لا,0,محايد,محايد,مرتبط,لا,لا,منخفض,الجملة تعبر عن رأي مهني هادئ دون أي مؤشر على مشاعر قوية.,Dataset4_1000
234,يعطيك العافية، بس ودي أفهم سبب رفض الطلب بالتفصيل.,الشرقية,رُفض طلب تمويل شخصي لعميل دون توضيح كافٍ للأسباب، فطلب توضيحًا إضافيًا بأسلوب هادئ.,مدح,استفسار هادئ يحمل رغبة حقيقية بالفهم,استفسار,ارتباك,2,لا,0,إيجابي,محايد,مرتبط جزئيًا,نعم,لا,منخفض,الجملة تجمع بين لباقة الشكر واستفسار حقيقي دون أي مؤشر على غضب أو سخرية.,Dataset4_1000
235,أقدر تعطيني موعد بديل إذا ما ينفع نفس اليوم؟,الجنوبية,طلب عميل تعديل موعد حجز طبي بسبب تعارض مفاجئ في جدوله الشخصي بأسلوب مباشر ومهذب.,محايد,طلب عملي بدون أي مشاعر سلبية,طلب,حياد,1,لا,0,محايد,محايد,مرتبط,نعم,لا,منخفض,الطلب بسيط وعملي ولا يحمل أي إشارة إلى استياء أو ضغط.,Dataset4_1000
236,والله الفكرة حلوة بس تحتاج ميزانية أكبر مما هو متاح حاليًا.,الشمالية,اقترح موظف فكرة تسويقية جيدة، لكن الميزانية الحالية للشركة لا تسمح بتنفيذها في الوقت الراهن.,محايد,تقييم موضوعي يجمع بين الإعجاب والقيد الواقعي,تبرير,حياد,1,لا,0,إيجابي,محايد,مرتبط,لا,لا,منخفض,الجملة تعبر عن تقييم متوازن وواقعي دون أي مبالغة في المدح أو النقد.,Dataset4_1000
237,شكرًا على التوضيح، صار عندي فكرة أوضح عن الإجراءات المطلوبة.,سعودية عامة,شرح موظف حكومي لعميل خطوات معاملة معقدة بطريقة واضحة ومبسطة ساعدته على الفهم الكامل.,مدح,شكر حقيقي وبسيط على التوضيح,شكر,ارتياح,2,لا,0,إيجابي,إيجابي,مرتبط,نعم,لا,منخفض,الشكر يتوافق تمامًا مع توضيح فعلي ومفيد قدمه الموظف للعميل.,Dataset4_1000
238,كل مرة أعتمد عليك في شي تخيب ظني، مو أول مرة تصير.,الوسطى,خذل صديق المتحدث للمرة الثالثة في التزام مهم كان قد وعد به مسبقًا.,سلبي,عتاب مباشر وصريح من تكرار الخذلان,عتاب,خيبة أمل,4,لا,0,سلبي,سلبي,مرتبط,لا,لا,منخفض,العتاب هنا مباشر وواضح ومبني على تكرار فعلي لموقف مشابه سابقًا.,Dataset4_1000
239,ليتك خبرتني بدري إن ما بتقدر تحضر، كنت رتبت كل شي على أساس حضورك.,الحجازية,اعتذر صديق عن حضور مناسبة مهمة في آخر لحظة بعد أن اعتمد المتحدث على حضوره في الترتيبات.,سلبي,عتاب هادئ من التأخر في الإخبار,عتاب,استياء,3,لا,0,سلبي,سلبي,مرتبط,لا,لا,منخفض,العتاب مباشر وموجه لتوقيت الإخبار وليس لأصل الاعتذار نفسه.,Dataset4_1000
240,ما أقول إلا الله يسامحك على التقصير اللي صار بحق الفريق.,الشرقية,تسبب تقصير أحد أعضاء الفريق في فشل تسليم مشروع مهم في الموعد المحدد.,سلبي,لوم مباشر وواضح بدون سخرية,لوم,غضب,4,لا,0,سلبي,سلبي,مرتبط,لا,لا,متوسط,اللوم هنا مباشر ومبرر بموقف حقيقي أثر سلبًا على عمل الفريق بأكمله.,Dataset4_1000
241,صراحة كل يوم نفس الروتين الممل بدون أي تغيير أو تحسين.,الجنوبية,عبّر موظف عن شعوره بالملل من الروتين اليومي المتكرر في بيئة عمله دون أي تجديد.,سلبي,تذمر مباشر من رتابة العمل,تذمر,إحباط,3,لا,0,سلبي,سلبي,مرتبط,لا,لا,منخفض,التذمر هنا مباشر وواضح ولا يحتاج إلى تفسير سياقي معقد.,Dataset4_1000
242,والله المنظر من فوق الجبل كان خلاب، يستاهل كل تعب الطريق.,الشمالية,قامت مجموعة أصدقاء برحلة تسلق جبلي شاقة لكن المنظر النهائي كان يستحق الجهد المبذول تمامًا.,مدح,إعجاب حقيقي بمنظر طبيعي بعد جهد مبذول,مدح,فرح,4,لا,0,إيجابي,إيجابي,مرتبط,لا,لا,منخفض,الإعجاب هنا صادق ومباشر ومرتبط بتجربة إيجابية حقيقية دون أي تناقض.,Dataset4_1000
243,أعتذر إذا صوتي طلع عالي شوي بالاجتماع، بس كان الموضوع يستاهل التوضيح.,سعودية عامة,رفع موظف صوته قليلاً أثناء نقاش حاد في اجتماع عمل، ثم اعتذر لاحقًا عن ردة فعله.,سلبي,اعتذار حقيقي مع تبرير بسيط للموقف,اعتذار,خجل,2,لا,0,سلبي,سلبي,مرتبط,لا,لا,منخفض,الاعتذار صادق ومباشر مع تبرير منطقي دون أي مبالغة أو تصنّع.,Dataset4_1000
244,للأسف حسيت بتجاهل واضح لملاحظاتي في النسخة الأخيرة من المشروع.,الوسطى,قدّم موظف ملاحظات مفصلة على مسودة مشروع، لكن النسخة النهائية لم تعكس أيًا من تلك الملاحظات.,سلبي,استياء مباشر من تجاهل الرأي,شكوى,استياء,3,لا,0,سلبي,سلبي,مرتبط,لا,لا,منخفض,التعبير عن الاستياء هنا مباشر ومرتبط بموقف مهني واضح دون أي غموض.,Dataset4_1000
245,أتفهم ضغط الشغل عليكم، بس كان ممكن توضحون لنا الوضع بدري.,الحجازية,تأخر تسليم مشروع مقاول عن الموعد بسبب ضغط عمل حقيقي، لكنه لم يبلغ العميل بذلك مسبقًا.,محايد,تفهم مصحوب بعتاب خفيف على غياب التواصل,عتاب,استياء,2,لا,0,محايد,سلبي,مرتبط جزئيًا,لا,نعم,منخفض,التفهم الظاهري لا يخفي عتابًا حقيقيًا موجهًا لغياب التواصل المسبق بشأن التأخير.,Dataset4_1000
246,أنا مبسوط بالنتيجة النهائية بعد كل التعديلات اللي طلبناها.,الشرقية,بعد عدة جولات من التعديلات المتبادلة، وصل فريق العمل إلى نسخة نهائية من التصميم أرضت الجميع.,مدح,رضا حقيقي عن نتيجة نهائية بعد تعاون,رضا,رضا,3,لا,0,إيجابي,إيجابي,مرتبط,لا,لا,منخفض,الرضا هنا صادق ومباشر ومرتبط بنتيجة نهائية إيجابية بعد تعاون فعلي.,Dataset4_1000
247,ياليت المرة الجاية توضحون التكاليف الإضافية من البداية بدل ما تفاجئوننا.,الجنوبية,اكتشف عميل رسومًا إضافية غير معلنة مسبقًا عند استلام فاتورة خدمة صيانة منزلية.,محايد,شكوى مهذبة من غياب الشفافية في التكاليف,شكوى,استياء,2,لا,0,محايد,سلبي,مرتبط جزئيًا,نعم,نعم,منخفض,الصياغة المهذبة تحمل انتقادًا واضحًا لغياب الشفافية المسبقة في التكاليف.,Dataset4_1000
248,والله يا دكتور كلامك أثر فيني كثير، غيرت نظرتي كاملة لتخصصي.,الوسطى,قدّم دكتور جامعي نصيحة صادقة ومؤثرة لطالب كان مترددًا بخصوص مستقبله الدراسي، فغيّرت نظرته بالكامل.,مدح,امتنان عميق وصادق لتأثير إيجابي حقيقي,شكر,امتنان,4,لا,0,إيجابي,إيجابي,مرتبط,لا,لا,منخفض,التأثير الإيجابي الفعلي الموصوف في السياق يجعل الامتنان صادقًا وعميقًا.,Dataset4_1000
249,ما شاء الله عليك يا بطل، مذاكرتك ظهرت واضحة في العرض.,الحجازية,قدّم طالب عرضًا تقديميًا ممتازًا يعكس مجهودًا حقيقيًا في التحضير والمذاكرة المسبقة.,مدح,تقدير حقيقي لمجهود ظاهر في العمل,مدح,فخر,3,لا,0,إيجابي,إيجابي,مرتبط,لا,لا,منخفض,المجهود الظاهر الموصوف في السياق يجعل التقدير صادقًا ومباشرًا.,Dataset4_1000
250,للأسف حسيت إن الأسئلة كانت أصعب من مستوى المادة اللي درسناها.,الشرقية,شعر طالب أن أسئلة الاختبار النهائي تجاوزت مستوى المحتوى الذي تم تدريسه فعليًا خلال الفصل.,سلبي,استياء مباشر من عدم تناسب مستوى الاختبار,شكوى,قلق,3,لا,0,سلبي,سلبي,مرتبط,لا,لا,منخفض,الاستياء هنا مباشر ومبرر بناءً على ملاحظة موضوعية حول مستوى الأسئلة.,Dataset4_1000
251,عساك بخير يا دكتور، بس تأخير تصحيح الأوراق أثر على خطتنا للمراجعة.,الجنوبية,تأخر دكتور جامعي في تصحيح أوراق اختبار منتصف الفصل لأكثر من أسبوعين، مما أثر على استعداد الطلاب للاختبار النهائي.,محايد,شكوى مهذبة تحمل استياء من التأخير,شكوى,قلق,2,لا,0,محايد,سلبي,مرتبط جزئيًا,لا,نعم,منخفض,الدعاء الافتتاحي لا يخفي استياءً حقيقيًا من تأثير التأخير على استعداد الطلاب.,Dataset4_1000
252,يا سلام على فريقنا، دافعنا عن مشروعنا بثقة كبيرة قدام اللجنة.,الشمالية,دافع فريق طلابي عن مشروع تخرجه أمام لجنة مناقشة بثقة وثبات لافتين حظيا بإعجاب الحضور.,مدح,فخر حقيقي بأداء الفريق,مدح,فخر,4,لا,0,إيجابي,إيجابي,مرتبط,لا,لا,منخفض,الأداء الفعلي المتميز الموصوف في السياق يجعل الفخر المعبر عنه صادقًا تمامًا.,Dataset4_1000
253,والله ما أدري ليش نفس الملاحظات ترجع كل مرة رغم إننا نصلحها كل مرة.,سعودية عامة,طلبت إدارة الجامعة من فريق طلابي تعديلات متكررة، لكن نفس الملاحظات كانت تعود في كل جولة رغم التصحيح.,محايد,استياء واضح من تكرار نفس الملاحظات,شكوى,إحباط,3,لا,0,محايد,سلبي,مرتبط,لا,لا,متوسط,الاستياء هنا مباشر ومرتبط بتكرار غير منطقي لنفس الملاحظات رغم التصحيح المستمر.,Dataset4_1000
254,تسلم على وقتك يا مدير، فعلًا استفدت من جلسة التوجيه المهني.,الوسطى,خصص مدير وقتًا لتوجيه موظف جديد مهنيًا بشكل شخصي ومفصل ساعده على فهم مساره الوظيفي بشكل أفضل.,مدح,شكر حقيقي وصادق على التوجيه المفيد,شكر,امتنان,3,لا,0,إيجابي,إيجابي,مرتبط,لا,لا,منخفض,التوجيه الفعلي المفيد الموصوف في السياق يجعل الشكر صادقًا ومباشرًا.,Dataset4_1000
255,عجيب، كل اجتماع نطلع فيه بقرارات جديدة، بس ولا وحدة منها تتنفذ فعليًا.,الحجازية,لاحظ موظف أن اجتماعات الفريق تنتج قرارات كثيرة، لكن نسبة تنفيذها الفعلي على أرض الواقع ضعيفة جدًا.,محايد,سخرية خفيفة من الفجوة بين القرار والتنفيذ,سخرية,إحباط,3,نعم,2,محايد,سلبي,مرتبط جزئيًا,لا,لا,منخفض,كلمة عجيب هنا تحمل سخرية خفيفة من تكرار نمط القرارات غير المنفذة.,Dataset4_1000
256,مبسوطين فيك يا فلان، أضفت روح حلوة للفريق من أول يوم.,الشرقية,انضم موظف جديد إلى فريق عمل وأظهر تفاعلاً إيجابيًا وروح تعاون لافتة منذ يومه الأول.,مدح,ترحيب حقيقي وتقدير صادق,ترحيب,فرح,3,لا,0,إيجابي,إيجابي,مرتبط,لا,لا,منخفض,التفاعل الإيجابي الفعلي الموصوف في السياق يجعل الترحيب صادقًا ومباشرًا.,Dataset4_1000
257,للأسف أحس إن حملي الوظيفي زاد بدون أي تعديل بالراتب أو المسمى.,الجنوبية,أُسندت لموظف مهام إضافية كثيرة خلال الأشهر الماضية دون أي تغيير في راتبه أو مسماه الوظيفي.,سلبي,استياء مباشر من زيادة العبء دون مقابل,شكوى,استياء,4,لا,0,سلبي,سلبي,مرتبط,لا,لا,متوسط,الاستياء هنا مباشر ومبني على ملاحظة واقعية حول زيادة المهام دون تعويض مناظر.,Dataset4_1000
258,يعطيك العافية على المجهود، بس النتيجة النهائية ما وصلت للمستوى المطلوب.,الشمالية,بذل موظف جهدًا واضحًا في إعداد عرض تسويقي، لكن النتيجة لم ترقَ لمعايير العميل النهائي.,مدح,تقييم متوازن بين التقدير والنقد البنّاء,تبرير,خيبة أمل,2,لا,0,إيجابي,سلبي,مرتبط جزئيًا,لا,لا,منخفض,الجملة تجمع بين تقدير صادق للجهد وإشارة موضوعية لقصور النتيجة النهائية.,Dataset4_1000
259,والله فخورين فيكم يا فريق المبيعات، تجاوزتوا الهدف الشهري بمراحل.,سعودية عامة,تجاوز فريق المبيعات هدفه الشهري بنسبة كبيرة بفضل جهد جماعي مكثف خلال الشهر.,مدح,فخر حقيقي بإنجاز جماعي متميز,مدح,فخر,5,لا,0,إيجابي,إيجابي,مرتبط,لا,لا,منخفض,الإنجاز الفعلي الكبير الموصوف في السياق يجعل الفخر المعبر عنه صادقًا تمامًا.,Dataset4_1000
260,ودي بس أوضح إن تأخير الموافقة أثر على جدول تنفيذ المشروع كله.,الوسطى,تأخرت موافقة إدارية على مرحلة من مشروع لمدة أسبوعين، مما أخّر جدول تنفيذ باقي المراحل.,محايد,توضيح موضوعي يحمل استياءً من التأخير,شكوى,قلق,3,لا,0,محايد,سلبي,مرتبط,لا,نعم,متوسط,التوضيح هنا موضوعي ومباشر، ويحمل إشارة واضحة لتأثير التأخير على سير العمل.,Dataset4_1000
261,مررت بتجربة صعبة قبل كذا، لكن هالمرة كل شي كان مرتب من الألف للياء.,الحجازية,خاض عميل تجربة سيئة سابقًا مع نفس الجهة، لكن تعامله الأخير كان منظمًا وخاليًا من أي مشاكل.,مدح,رضا حقيقي مقارنة بتجربة سلبية سابقة,شكر,ارتياح,3,لا,0,إيجابي,إيجابي,مرتبط,نعم,لا,منخفض,المقارنة الصريحة بتجربة سابقة سيئة تعزز صدق الرضا عن التحسن الحالي.,Dataset4_1000
262,صراحة توقعت أسوأ بكثير من كذا بعد قراءتي لتعليقات الزبائن.,الشرقية,تردد عميل في التعامل مع مطعم جديد بعد قراءة تعليقات سلبية، لكن تجربته الفعلية كانت جيدة نسبيًا.,محايد,تقييم إيجابي مع مفاجأة طفيفة,مدح,ارتياح,2,لا,0,إيجابي,إيجابي,مرتبط,لا,لا,منخفض,مخالفة التجربة الفعلية للتوقعات السلبية المسبقة تجعل التقييم الإيجابي صادقًا.,Dataset4_1000
263,ليه دايمًا آخر واحد يعرف بالتغييرات في هذا القسم؟,الجنوبية,اكتشف موظف أن قرارًا يخص قسمه تم اتخاذه وتطبيقه فعليًا قبل أن يُبلَّغ به رسميًا.,سلبي,استياء مباشر من غياب التواصل الداخلي,شكوى,استياء,3,لا,0,سلبي,سلبي,مرتبط,لا,نعم,متوسط,الاستياء هنا مباشر ومبرر بموقف واقعي يخص ضعف التواصل الداخلي في القسم.,Dataset4_1000
264,عاشت الأيادي على سرعة معالجة طلب التأشيرة، ما توقعت تطلع بيومين بس.,الشمالية,قدّم عميل طلب تأشيرة سفر متوقعًا انتظارًا طويلاً، لكن الطلب تمت معالجته خلال يومين فقط.,مدح,رضا حقيقي يفوق التوقعات,شكر,فرح,4,لا,0,إيجابي,إيجابي,مرتبط,نعم,لا,منخفض,السرعة غير المتوقعة الموصوفة في السياق تجعل الرضا المعبر عنه صادقًا تمامًا.,Dataset4_1000
265,للأسف حسيت بتجاهل واضح لطلبي رغم إني وضحت أنه عاجل.,سعودية عامة,قدّم عميل طلبًا عاجلًا موضحًا أهميته، لكنه تم التعامل معه بنفس أولوية الطلبات العادية دون أي استثناء.,سلبي,استياء مباشر من عدم مراعاة الأولوية المطلوبة,شكوى,إحباط,3,لا,0,سلبي,سلبي,مرتبط,نعم,نعم,متوسط,الاستياء هنا مباشر ومبني على عدم تلبية طلب واضح بخصوص أولوية المعالجة.,Dataset4_1000
266,يا بعد قلبي على صبرك علينا طول فترة تدريبك، كنا نطلب منك أكثر من اللازم.,الوسطى,أظهر متدرب جديد صبرًا كبيرًا خلال فترة تدريب مكثفة تضمنت مهامًا كثيرة وضغطًا واضحًا.,مدح,تقدير حقيقي وصادق لصبر المتدرب,شكر,تقدير,3,لا,0,إيجابي,إيجابي,مرتبط,لا,لا,منخفض,الاعتراف الصريح بالضغط الذي تحمله المتدرب يجعل التقدير صادقًا وغير مبالغ فيه.,Dataset4_1000
267,ما توقعت التحديث الجديد يحل مشكلة كانت تضايقني من أشهر.,الحجازية,أصدر تطبيق تحديثًا جديدًا عالج مشكلة تقنية كانت تزعج المستخدم منذ عدة أشهر دون حل.,مدح,رضا حقيقي عن حل مشكلة طال انتظارها,شكر,رضا,4,لا,0,إيجابي,إيجابي,مرتبط,نعم,لا,منخفض,طول مدة المشكلة السابقة يجعل الرضا عن حلها أكثر صدقًا ووضوحًا.,Dataset4_1000
268,والله حسيت بالإحراج لما الموظف رفع صوته علي قدام باقي الزبائن.,الشرقية,رفع موظف استقبال صوته على عميل أثناء نقاش بسيط أمام زبائن آخرين في المحل.,سلبي,إحراج واستياء مباشر من سوء التعامل,شكوى,استياء,4,لا,0,سلبي,سلبي,مرتبط,نعم,نعم,مرتفع,الاستياء هنا مباشر ومبرر بموقف حقيقي يخص سوء تعامل موظف أمام الجمهور.,Dataset4_1000
269,يا هلا وسهلا فيكم من جديد، شرفتونا زيارتكم الثانية.,الجنوبية,زار عميل نفس المحل التجاري للمرة الثانية، فرحب به صاحب المحل بحرارة صادقة لعودته.,إيجابي,ترحيب حقيقي وصادق بعميل متكرر,ترحيب,فرح,3,لا,0,إيجابي,إيجابي,مرتبط,لا,لا,منخفض,تكرار الزيارة الفعلي الموصوف في السياق يجعل الترحيب الحار صادقًا ومبررًا.,Dataset4_1000
270,للأسف نفس الموعد اتلغى علينا للمرة الثانية من نفس العيادة.,الشمالية,ألغت عيادة طبية موعد مريض للمرة الثانية خلال شهر واحد دون تقديم بديل مناسب في الوقت المناسب.,سلبي,استياء مباشر من تكرار إلغاء المواعيد,شكوى,قلق,3,لا,0,سلبي,سلبي,مرتبط,نعم,نعم,متوسط,تكرار المشكلة نفسها يجعل الاستياء المعبر عنه مباشرًا ومبررًا بوضوح.,Dataset4_1000
271,ما شاء الله عليكم، وضحتوا لي كل خطوة بالتفصيل قبل ما أوقع العقد.,سعودية عامة,شرح موظف مبيعات لعميل جميع بنود عقد خدمة بالتفصيل قبل التوقيع دون إخفاء أي شروط.,مدح,تقدير حقيقي للشفافية في التعامل,شكر,تقدير,3,لا,0,إيجابي,إيجابي,مرتبط,نعم,لا,منخفض,الشفافية الفعلية الموصوفة في السياق تجعل التقدير صادقًا ومباشرًا دون أي التباس.,Dataset4_1000
272,عن جد أشكر فريق الصيانة، جاوا بأقل من ساعة من وقت اتصالي.,الوسطى,طلب عميل صيانة عاجلة لتسرب مياه في منزله، ووصل الفني خلال أقل من ساعة من وقت الاتصال.,مدح,امتنان حقيقي لسرعة الاستجابة في حالة طارئة,شكر,امتنان,4,لا,0,إيجابي,إيجابي,مرتبط,نعم,لا,منخفض,السرعة الفعلية في حالة طارئة تجعل الامتنان المعبر عنه صادقًا وعميقًا.,Dataset4_1000
273,للأسف حسيت إن أحد ما اهتم يراجع طلبي قبل ما يرسله لي بهالشكل الناقص.,الحجازية,استلم عميل مستندًا رسميًا ناقص المعلومات رغم مرور وقت كافٍ لمراجعته قبل إرساله.,سلبي,استياء مباشر من نقص المراجعة قبل الإرسال,شكوى,استياء,3,لا,0,سلبي,سلبي,مرتبط,نعم,نعم,متوسط,الاستياء هنا مباشر ومبني على ملاحظة واقعية حول ضعف المراجعة الداخلية.,Dataset4_1000
274,والله ما توقعت الحل يكون بهالسهولة بعد كل التعقيد اللي شفته من قبل.,الوسطى,توقع عميل تعقيدًا كبيرًا في حل مشكلة تقنية بناءً على تجارب سابقة، لكن الحل تم بسهولة غير متوقعة هذه المرة.,مدح,رضا حقيقي يفوق التوقعات السابقة,شكر,ارتياح,3,لا,0,إيجابي,إيجابي,مرتبط,نعم,لا,منخفض,المقارنة بتجارب سابقة معقدة تعزز صدق الرضا عن سهولة الحل الحالي.,Dataset4_1000
275,عجيب كيف نفس السؤال يرجع لي كل مرة أراجع فيها الفرع.,الحجازية,زار عميل نفس الفرع البنكي أكثر من مرة وطُلب منه في كل مرة تقديم نفس المستندات رغم تسليمها سابقًا.,محايد,استياء من تكرار طلب نفس المستندات,شكوى,نفاد صبر,3,لا,0,محايد,سلبي,مرتبط,نعم,نعم,متوسط,كلمة عجيب هنا تعبر عن استغراب حقيقي مصحوب باستياء من إجراء متكرر بلا داع.,Dataset4_1000
276,تسلمين يا دكتورة على تفهمك لظروف الطلاب هالفصل.,الشرقية,تفهمت أستاذة جامعية ظروف طلابها خلال فترة امتحانات مزدحمة ومنحتهم مرونة إضافية في المواعيد.,مدح,امتنان حقيقي وصادق للمرونة,شكر,امتنان,3,لا,0,إيجابي,إيجابي,مرتبط,لا,لا,منخفض,المرونة الفعلية الموصوفة في السياق تجعل الامتنان صادقًا ومباشرًا.,Dataset4_1000
277,للأسف ما أحد رجع لي بخصوص الشكوى اللي رفعتها من أسبوعين.,الجنوبية,قدّم عميل شكوى رسمية لشركة اتصالات منذ أسبوعين ولم يتلقَّ أي تحديث أو رد حتى الآن.,سلبي,استياء مباشر من إهمال متابعة الشكوى,شكوى,إحباط,4,لا,0,سلبي,سلبي,مرتبط,نعم,نعم,مرتفع,طول فترة الانتظار دون أي رد يجعل الاستياء المعبر عنه مباشرًا ومبررًا تمامًا.,Dataset4_1000
278,ما شاء الله عليكم في التسويق للعرض، بس المنتج الفعلي مختلف تمامًا عما وصفتوه.,الشمالية,روّج متجر إلكتروني لمنتج بمواصفات معينة، لكن المنتج الذي استلمه العميل كان مختلفًا تمامًا عن الوصف.,مدح,سخرية من الفجوة بين الإعلان والمنتج الفعلي,شكوى,استياء,4,نعم,3,إيجابي,سلبي,غير مرتبط,نعم,نعم,متوسط,التناقض الواضح بين الوصف التسويقي والمنتج الفعلي يجعل المدح الظاهري سخرية من الخداع.,Dataset4_1000
279,بصراحة أقدر جهودكم في التطوير المستمر للتطبيق خلال السنة الماضية.,سعودية عامة,لاحظ مستخدم تحسنًا ملموسًا ومستمرًا في أداء تطبيق مصرفي على مدار عام كامل من التحديثات.,مدح,تقدير حقيقي لتطور مستمر وملموس,شكر,تقدير,3,لا,0,إيجابي,إيجابي,مرتبط,نعم,لا,منخفض,التحسن الملموس على مدار فترة طويلة يجعل التقدير المعبر عنه صادقًا وموضوعيًا.,Dataset4_1000
280,ياليت تراجعون آلية التوظيف الداخلي، أحس فيها ثغرات واضحة.,الوسطى,لاحظ موظف عدة حالات ترقية داخلية غير عادلة أثارت تساؤلات بين الموظفين حول شفافية النظام.,محايد,اقتراح إصلاح يحمل انتقادًا ضمنيًا,اقتراح,استياء,2,لا,0,محايد,سلبي,مرتبط جزئيًا,لا,لا,منخفض,الاقتراح المهذب يخفي انتقادًا حقيقيًا لعدالة نظام الترقيات الداخلي الحالي.,Dataset4_1000
281,عساكم على القوة، شغل اليوم كان مرهق للجميع بس خلصناه بوقته.,الحجازية,أنهى فريق عمل مشروعًا مرهقًا في الموعد المحدد رغم ضغط الوقت والجهد الكبير المبذول.,مدح,تشجيع حقيقي بعد إنجاز فعلي رغم الصعوبة,تشجيع,تقدير,3,لا,0,إيجابي,إيجابي,مرتبط,لا,لا,منخفض,الإنجاز الفعلي في الوقت المحدد يجعل التشجيع صادقًا ومباشرًا دون أي تناقض.,Dataset4_1000
282,للأسف حسيت بتجاهل تام لملاحظاتي في اجتماع اليوم.,الشرقية,طرح موظف ملاحظات مهمة في اجتماع فريق لكنها لم تُناقش أو تُذكر إطلاقًا خلال الاجتماع بأكمله.,سلبي,استياء مباشر من تجاهل واضح للرأي,شكوى,استياء,3,لا,0,سلبي,سلبي,مرتبط,لا,لا,منخفض,التجاهل الكامل الموصوف في السياق يجعل الاستياء المعبر عنه مباشرًا ومبررًا.,Dataset4_1000
283,والله يا جماعة الحفلة كانت شي مختلف كليًا عن كل اللي حضرناها قبل.,الجنوبية,حضرت مجموعة أصدقاء مناسبة اجتماعية كانت مختلفة ومميزة بشكل واضح عن كل المناسبات السابقة التي حضروها.,مدح,إعجاب حقيقي بتجربة استثنائية,مدح,فرح,4,لا,0,إيجابي,إيجابي,مرتبط,لا,لا,منخفض,التميز الفعلي الموصوف في السياق يجعل الإعجاب المعبر عنه صادقًا وواضحًا.,Dataset4_1000
284,ما أدري ليش كل مرة يطلع لنا رسوم إضافية ما كانت موجودة بالعرض الأساسي.,الشمالية,اكتشف عميل رسومًا إضافية غير مذكورة في العرض الأساسي لخدمة اشترك بها مؤخرًا.,سلبي,استياء مباشر من نقص الشفافية في التسعير,شكوى,استياء,3,لا,0,سلبي,سلبي,مرتبط,نعم,نعم,متوسط,الاستياء هنا مباشر ومبني على ملاحظة واقعية حول رسوم غير معلنة مسبقًا.,Dataset4_1000
285,أشكركم على المتابعة الشخصية، حسيت إن أحد فعلًا يهتم بحالتي.,سعودية عامة,تابع موظف دعم فني حالة عميل بشكل شخصي ومستمر حتى تم حل مشكلته التقنية المعقدة بالكامل.,مدح,امتنان حقيقي لشعور بالاهتمام الشخصي الصادق,شكر,امتنان,4,لا,0,إيجابي,إيجابي,مرتبط,نعم,لا,منخفض,المتابعة الشخصية الفعلية الموصوفة في السياق تجعل الامتنان صادقًا وعميقًا.,Dataset4_1000
286,يا زين لو كل الموظفين مثل هالموظف في تعاملهم مع الزبائن.,الوسطى,تعامل موظف واحد بلباقة واحترافية عالية مع عميل، بينما كانت تجاربه السابقة مع موظفين آخرين أقل جودة.,مدح,تقدير حقيقي مع مقارنة ضمنية بتجارب أقل جودة,مدح,رضا,3,لا,0,إيجابي,إيجابي,مرتبط,نعم,لا,منخفض,المقارنة الضمنية بتجارب سابقة أقل جودة تعزز صدق التقدير لهذا الموظف تحديدًا.,Dataset4_1000
287,للأسف اضطريت أشتكي رسميًا بعد ما جربت كل الطرق الودية للحل.,الحجازية,حاول عميل حل مشكلته وديًا عدة مرات قبل أن يضطر لتقديم شكوى رسمية بعد فشل كل المحاولات السابقة.,سلبي,استياء مباشر بعد استنفاد الحلول الودية,شكوى,إحباط,4,لا,0,سلبي,سلبي,مرتبط,نعم,نعم,مرتفع,استنفاد المحاولات الودية قبل التصعيد يجعل الشكوى الرسمية خطوة منطقية ومبررة.,Dataset4_1000
288,ما شاء الله عليكم في سرعة تنفيذ الطلب، وصل بنفس اليوم رغم إنه كان آخر ساعات الدوام.,الشرقية,قدّم عميل طلبًا في آخر ساعات دوام الشركة، وتفاجأ بتنفيذه ووصوله في نفس اليوم رغم التوقيت المتأخر.,مدح,رضا حقيقي يفوق التوقعات بسبب التوقيت,شكر,فرح,4,لا,0,إيجابي,إيجابي,مرتبط,نعم,لا,منخفض,التوقيت المتأخر للطلب يجعل تنفيذه السريع مفاجأة إيجابية حقيقية تستحق الرضا الصادق.,Dataset4_1000
289,عندي ملاحظة، حابب أوضحها بموضوعية بدون أي انزعاج شخصي.,الجنوبية,أراد موظف تقديم ملاحظة بناءة حول إجراء عمل معين دون أن يحمل ذلك أي شحنة عاطفية سلبية تجاه أحد.,محايد,ملاحظة مهنية محايدة تمامًا,اقتراح,حياد,1,لا,0,محايد,محايد,مرتبط,لا,لا,منخفض,الجملة صريحة في وصف نفسها بالموضوعية، ولا يوجد سياق يخالف ذلك.,Dataset4_1000
290,والله ما توقعت التعامل الراقي هذا من موظف بعمر صغير كذا.,الشمالية,تعامل موظف شاب حديث التوظيف مع عميل بمهنية ولباقة عالية فاقت توقعات العميل بناءً على عمره.,مدح,إعجاب حقيقي بمستوى مهني يفوق التوقع,مدح,رضا,3,لا,0,إيجابي,إيجابي,مرتبط,نعم,لا,منخفض,مخالفة التوقع المسبق المرتبط بالعمر تعزز صدق الإعجاب بالتعامل المهني الفعلي.,Dataset4_1000
291,للأسف حسيت إن حل المشكلة كان مؤقت بس مو جذري.,سعودية عامة,قدّم الدعم الفني حلًا سريعًا لمشكلة تقنية، لكن العميل لاحظ أن المشكلة الأساسية لم تُعالج بشكل جذري.,محايد,ملاحظة موضوعية تحمل استياءً خفيفًا,شكوى,قلق,2,لا,0,محايد,سلبي,مرتبط جزئيًا,نعم,نعم,منخفض,الملاحظة الموضوعية هنا تحمل إشارة لعدم الرضا الكامل عن طبيعة الحل المقدم.,Dataset4_1000
292,يعطيك العافية على تعاونك، خلصنا الشغل قبل الموعد بيوم كامل بفضل جهدك.,الوسطى,تعاون زميل عمل بشكل استثنائي مع فريقه لإنجاز مشروع قبل الموعد النهائي بيوم كامل.,مدح,شكر حقيقي وصادق على تعاون فعلي,شكر,امتنان,4,لا,0,إيجابي,إيجابي,مرتبط,لا,لا,منخفض,التعاون الفعلي والنتيجة الإيجابية الموصوفان يجعلان الشكر صادقًا ومباشرًا تمامًا.,Dataset4_1000
293,ما أدري ليش نظام الحجز يوقف كل ما يقرب موعد المواعيد الحساسة.,الحجازية,لاحظ عميل أن نظام حجز المواعيد الإلكتروني يتعطل بشكل متكرر تحديدًا في أوقات الذروة قبل المواعيد المهمة.,سلبي,استياء مباشر من تعطل النظام في أوقات حرجة,شكوى,نفاد صبر,3,لا,0,سلبي,سلبي,مرتبط,نعم,نعم,متوسط,توقيت العطل المتكرر في لحظات حساسة يجعل الاستياء منطقيًا ومباشرًا دون أي غموض.,Dataset4_1000
294,جزاكم الله خير على تسهيل إجراءات الاسترجاع، ما توقعت تكون بهالسهولة.,الشرقية,توقع عميل تعقيدًا في إجراءات استرجاع منتج، لكن العملية تمت بسهولة وسرعة غير متوقعتين.,مدح,امتنان حقيقي يفوق التوقعات,شكر,امتنان,4,لا,0,إيجابي,إيجابي,مرتبط,نعم,لا,منخفض,مخالفة التوقع المسبق للواقع الإيجابي تعزز صدق الامتنان المعبر عنه في الجملة.,Dataset4_1000
295,والله ما شاء الله عليكم، حسبتوا علي رسوم تحويل ما كانت مذكورة أبدًا بالعقد.,الوسطى,اكتشف عميل بنكي رسوم تحويل إضافية غير مذكورة في العقد الأصلي الذي وقّعه عند فتح الحساب.,مدح,سخرية واستياء من رسوم غير معلنة,شكوى,غضب,4,نعم,3,إيجابي,سلبي,غير مرتبط,نعم,نعم,مرتفع,الدعاء الظاهري يخفي غضبًا حقيقيًا من رسوم مالية غير متفق عليها مسبقًا في العقد.,Dataset4_1000
296,أشكر الأستاذ على صبره معنا رغم كثرة أسئلتنا في المحاضرة الأخيرة.,الحجازية,طرح طلاب أسئلة كثيرة خلال محاضرة جامعية وتعامل الأستاذ معهم بصبر وحرص على توضيح كل نقطة.,مدح,امتنان حقيقي وصادق لصبر الأستاذ,شكر,امتنان,3,لا,0,إيجابي,إيجابي,مرتبط,لا,لا,منخفض,الصبر الفعلي الموصوف في السياق يجعل الشكر صادقًا ومباشرًا دون أي مبالغة.,Dataset4_1000
297,للأسف نفس العطل يتكرر في نفس اليوم من كل أسبوع بالظبط.,الشرقية,لاحظ عميل نمطًا متكررًا لانقطاع خدمة الإنترنت في نفس اليوم من كل أسبوع لمدة شهر متتالي.,سلبي,استياء مباشر من نمط عطل متكرر ومحدد,شكوى,نفاد صبر,4,لا,0,سلبي,سلبي,مرتبط,نعم,نعم,مرتفع,تحديد نمط زمني واضح للعطل يعزز مصداقية الشكوى ويجعل الاستياء مباشرًا ومبررًا.,Dataset4_1000
298,عساكم على القوة يا فريق الدعم، أعرف إن الضغط عليكم كبير هالفترة.,الجنوبية,أظهر فريق دعم فني جهدًا واضحًا في التعامل مع كم كبير من الطلبات خلال فترة ذروة موسمية.,مدح,تعاطف حقيقي وتقدير صادق لجهد الفريق,تشجيع,تقدير,3,لا,0,إيجابي,إيجابي,مرتبط,نعم,لا,منخفض,الاعتراف بالضغط الفعلي الموصوف في السياق يجعل التشجيع صادقًا وغير مجامل.,Dataset4_1000
299,تسلم على توضيحك، صار عندي فكرة كاملة عن خطوات المعاملة.,الشمالية,شرح موظف حكومي لعميل جميع خطوات معاملة إلكترونية معقدة بأسلوب مبسط وواضح تمامًا.,مدح,شكر حقيقي وصادق على التوضيح الكامل,شكر,ارتياح,2,لا,0,إيجابي,إيجابي,مرتبط,نعم,لا,منخفض,التوضيح الفعلي والكامل الموصوف في السياق يجعل الشكر صادقًا ومباشرًا.,Dataset4_1000
300,ما توقعت إن تغيير بسيط في التطبيق يسبب لي كل هالمشاكل بالدخول.,سعودية عامة,أصدرت شركة تحديثًا بسيطًا في واجهة التطبيق تسبب في مشاكل دخول متكررة لم تكن موجودة سابقًا.,سلبي,استياء مباشر من أثر تحديث بسيط على الاستخدام,شكوى,إحباط,3,لا,0,سلبي,سلبي,مرتبط,نعم,نعم,متوسط,التناقض بين وصف التغيير بالبسيط وحجم المشاكل الناتجة يعزز الاستياء المباشر في الجملة.,Dataset4_1000
301,اتصلت أجدد الباقة، طلع سعرها ارتفع وما حد كلمني عن الموضوع.,الوسطى,حاول عميل تجديد باقة اتصالات معتادة، فاكتشف أثناء المكالمة أن السعر ارتفع دون أي إشعار مسبق من الشركة.,محايد,استياء مباشر من غياب الشفافية بخصوص التسعير,شكوى,استياء,3,لا,0,محايد,سلبي,مرتبط,نعم,نعم,متوسط,اكتشاف الزيادة أثناء التجديد نفسه دون إشعار مسبق يجعل الاستياء منطقيًا ومباشرًا دون أي حاجة لتأويل إضافي.,Dataset4_1000
302,سبحان الله، شبكتكم تقوى بالليل وتضعف بالنهار بالظبط وقت الشغل.,الحجازية,لاحظ مشترك في خدمة إنترنت منزلي نمطًا متكررًا لضعف تغطية الشبكة خلال ساعات النهار التي يحتاج فيها الإنترنت للعمل.,محايد,سخرية خفيفة من نمط الضعف المتكرر في التوقيت الحرج,سخرية,إحباط,2,نعم,2,محايد,سلبي,مرتبط جزئيًا,نعم,نعم,منخفض,الإشارة لتزامن ضعف الشبكة مع أوقات الحاجة الفعلية للعمل تحمل سخرية خفيفة وليست ملاحظة تقنية بريئة.,Dataset4_1000
303,رسالة التأكيد وصلتني، بس الخدمة نفسها ما اشتغلت للحين.,الشرقية,استلم مشترك رسالة تأكيد تفعيل باقة إنترنت جديدة، لكن الخدمة الفعلية لم تعمل رغم مرور ساعات على التأكيد.,محايد,استياء من الفجوة بين التأكيد الإداري والتفعيل الفعلي,شكوى,قلق,2,لا,0,محايد,سلبي,مرتبط,نعم,نعم,منخفض,التناقض بين رسالة التأكيد وعدم عمل الخدمة فعليًا يجعل الملاحظة مبررة دون أي مبالغة.,Dataset4_1000
304,أحييكم على سرعة تركيب الخط، فريق فني محترف وملتزم بالموعد.,الجنوبية,طلب عميل تركيب خط إنترنت منزلي جديد، ووصل الفني في الموعد المحدد تمامًا وأنجز التركيب بسرعة واحترافية.,مدح,تقدير حقيقي لالتزام الموعد والمهنية,شكر,رضا,3,لا,0,إيجابي,إيجابي,مرتبط,نعم,لا,منخفض,الالتزام الفعلي بالموعد والمهنية الموصوفان في السياق يجعلان التقدير صادقًا ومباشرًا.,Dataset4_1000
305,بديت أشك إن الشكوى اللي رفعتها راحت في مكان ما بدون حل.,الشمالية,قدّم مشترك شكوى رسمية بخصوص خصم غير مبرر من رصيده قبل عشرة أيام دون أي تحديث أو رد حتى الآن.,سلبي,شك واستياء من غياب أي متابعة للشكوى,شكوى,إحباط,3,لا,0,سلبي,سلبي,مرتبط,نعم,نعم,متوسط,طول فترة الانتظار دون أي تحديث يجعل الشك المعبر عنه في الجملة استياءً مباشرًا ومبررًا.,Dataset4_1000
306,عوض ما تحلون مشكلة التغطية، رحتوا ترفعون سعر الباقات، تسلسل غريب شوي.,سعودية عامة,لاحظ مشترك أن الشركة رفعت أسعار باقاتها في وقت لا تزال فيه مشكلة ضعف التغطية في منطقته قائمة دون حل.,سلبي,سخرية من تناقض الأولويات بين رفع السعر وحل المشكلة,سخرية,استياء,3,نعم,3,سلبي,سلبي,غير مرتبط,نعم,نعم,متوسط,المقارنة الساخرة بين رفع السعر واستمرار مشكلة التغطية تكشف انتقادًا حقيقيًا لترتيب أولويات الشركة.,Dataset4_1000
307,أخيرًا لقيت حد يفهم قصدي من أول مرة بدون ما أعيد الشرح.,الوسطى,اتصل عميل بخصوص مشكلة تقنية معقدة، وفهم الموظف المشكلة من الوصف الأول دون الحاجة لتكرار الشرح كما اعتاد سابقًا.,مدح,ارتياح حقيقي مقارنة بتجارب سابقة أقل كفاءة,شكر,ارتياح,3,لا,0,إيجابي,إيجابي,مرتبط,نعم,لا,منخفض,المقارنة الضمنية بتجارب سابقة تحتاج تكرار الشرح تعزز صدق الارتياح عن هذه التجربة تحديدًا.,Dataset4_1000
308,طيب ليه ما تخبروننا بمواعيد الصيانة المجدولة بدل ما نكتشفها بأنفسنا؟,الحجازية,انقطعت خدمة الإنترنت في منطقة سكنية بسبب صيانة مجدولة لم يُخطَر بها المشتركون مسبقًا.,محايد,استياء مباشر مغلف باقتراح للتحسين,اقتراح,استياء,2,لا,0,محايد,سلبي,مرتبط جزئيًا,نعم,نعم,منخفض,صيغة السؤال تحمل انتقادًا واضحًا لغياب الإشعار المسبق رغم أنها صيغت كاقتراح.,Dataset4_1000
309,أول مرة أشوف نظام فوترة يفهمه أحد غير المحاسبين، تسلمون على التبسيط.,الشرقية,أصدرت شركة اتصالات فاتورة إلكترونية جديدة مبسطة وواضحة التفاصيل بعد شكاوى سابقة من تعقيد الفواتير القديمة.,مدح,استحسان حقيقي لتحسن ملموس في وضوح الفاتورة,مدح,رضا,3,لا,0,إيجابي,إيجابي,مرتبط,نعم,لا,منخفض,التحسن الفعلي في وضوح الفاتورة مقارنة بالنسخة القديمة يجعل الاستحسان صادقًا وليس مجاملة عابرة.,Dataset4_1000
310,عادي جدًا إني أنتظر عشر دقايق بس المفروض أقل من كذا للتحويل لموظف بشري.,الجنوبية,اتصل عميل بخدمة العملاء وانتظر عشر دقائق قبل تحويله من الرد الآلي إلى موظف بشري لحل مشكلته.,محايد,استياء خفيف من طول وقت الانتظار للتحويل,شكوى,نفاد صبر,2,لا,0,محايد,سلبي,مرتبط جزئيًا,نعم,نعم,منخفض,استخدام كلمة عادي بشكل متناقض مع الإشارة لطول المدة يوحي باستياء خفيف مبطن.,Dataset4_1000
311,الحين فهمت ليش الناس تشتكي من نظام التحويل بين الأقسام عندكم.,الشمالية,اختبر عميل جديد عملية تحويل بين ثلاثة أقسام مختلفة لحل مشكلة بسيطة، وهو ما سمع عنه سابقًا من شكاوى أصدقائه.,محايد,تأكيد ساخر لشكاوى سابقة سمعها من آخرين,سخرية,إحباط,3,نعم,3,محايد,سلبي,غير مرتبط,نعم,نعم,منخفض,الإشارة إلى فهم شكاوى سابقة بعد تجربة شخصية مشابهة تحمل سخرية خفيفة من تكرار نفس المشكلة.,Dataset4_1000
312,خدمة إنترنت البيت ثابتة الحمدلله من يوم ما ركبتوها، ولا انقطعت مرة.,سعودية عامة,استخدم مشترك خدمة إنترنت منزلي جديدة لعدة أشهر دون أي انقطاع يُذكر في الاتصال.,مدح,رضا حقيقي عن استقرار الخدمة على المدى الطويل,مدح,رضا,3,لا,0,إيجابي,إيجابي,مرتبط,نعم,لا,منخفض,استقرار الخدمة الفعلي على مدى أشهر يجعل الرضا المعبر عنه صادقًا وموضوعيًا.,Dataset4_1000
313,ياليتكم تخلون خيار إلغاء الاشتراك واضح بدل ما يكون مدفون بالإعدادات.,الوسطى,حاول مشترك إلغاء خدمة إضافية، لكنه واجه صعوبة في العثور على خيار الإلغاء داخل التطبيق بسبب تعقيد القوائم.,محايد,انتقاد مهذب لتصميم واجهة يصعّب الإلغاء,اقتراح,إحباط,2,لا,0,محايد,سلبي,مرتبط جزئيًا,نعم,نعم,منخفض,طلب التوضيح المهذب يخفي انتقادًا حقيقيًا لتصميم متعمد يجعل الإلغاء صعبًا على المستخدم.,Dataset4_1000
314,والله ما أدري كيف نفس الرقم يتصل فيني أكثر من مرة رغم إني حاظره.,الحجازية,استمر مشترك بتلقي مكالمات تسويقية من نفس الرقم رغم قيامه بحظره أكثر من مرة عبر التطبيق.,سلبي,استياء مباشر من عدم فعالية خاصية الحظر,شكوى,نفاد صبر,3,لا,0,سلبي,سلبي,مرتبط,نعم,نعم,متوسط,تكرار المشكلة رغم استخدام خاصية الحظر يعكس استياءً منطقيًا من عدم فعالية الأداة المقدمة.,Dataset4_1000
315,أشكر الموظفة اللي ردت علي، صبرت علي لين فهمت المشكلة كاملة.,الشرقية,شرح عميل مشكلة تقنية معقدة لموظفة خدمة عملاء استغرق شرحها وقتًا طويلاً، وتعاملت معه بصبر حتى النهاية.,مدح,امتنان حقيقي وصادق لصبر الموظفة,شكر,امتنان,3,لا,0,إيجابي,إيجابي,مرتبط,نعم,لا,منخفض,الصبر الفعلي الموصوف في السياق أثناء شرح مشكلة معقدة يجعل الامتنان صادقًا ومباشرًا.,Dataset4_1000
316,عجبتني الفكرة إنكم صرتوا ترسلون تنبيه قبل كل عملية سحب كبيرة.,الوسطى,أضاف بنك خاصية تنبيه فوري للعميل قبل تنفيذ أي عملية سحب تتجاوز مبلغًا معينًا من حسابه.,مدح,استحسان حقيقي لميزة أمان جديدة ومفيدة,مدح,رضا,2,لا,0,إيجابي,إيجابي,مرتبط,نعم,لا,منخفض,الفائدة الفعلية لخاصية الأمان الجديدة تجعل الاستحسان صادقًا ومباشرًا دون أي مبالغة.,Dataset4_1000
317,طلبت إعادة إصدار البطاقة، قالوا أسبوع، وصار له عشرة أيام ولا خبر.,الحجازية,طلب عميل إعادة إصدار بطاقة بنكية تالفة، ووُعد بمدة أسبوع، لكن المدة تجاوزت عشرة أيام دون أي تحديث.,سلبي,استياء مباشر من تجاوز المدة الموعودة,شكوى,نفاد صبر,3,لا,0,سلبي,سلبي,مرتبط,نعم,نعم,متوسط,تجاوز المدة المتفق عليها بوضوح يجعل الاستياء المعبر عنه مباشرًا ومبررًا دون أي غموض.,Dataset4_1000
318,ما شاء الله عليكم، رسوم الصيانة السنوية زادت وما زاد شي غير الرسوم.,الشرقية,لاحظ عميل زيادة رسوم صيانة حسابه البنكي السنوية دون أي إضافة ملموسة في المزايا أو الخدمات المرتبطة.,مدح,سخرية من زيادة الرسوم دون مقابل حقيقي,سخرية,استياء,3,نعم,3,إيجابي,سلبي,غير مرتبط,نعم,نعم,متوسط,المدح الظاهري يتناقض مع وصف زيادة الرسوم بلا مقابل، وهذا ما يكشف السخرية الحقيقية.,Dataset4_1000
319,حبيت أوضح إن آخر تحويل تأخر أكثر من المعتاد، مو مشكلة كبيرة بس لفت انتباهي.,الجنوبية,لاحظ عميل تأخرًا طفيفًا في وصول تحويل مالي داخلي مقارنة بالمعتاد، دون أن يشكل ذلك ضررًا كبيرًا له.,محايد,ملاحظة هادئة مع تنبيه خفيف لتغير في الأداء,استفسار,حياد,1,لا,0,محايد,محايد,مرتبط,نعم,لا,منخفض,الصياغة الهادئة تعكس ملاحظة موضوعية دون أي استياء كبير أو سخرية خفية.,Dataset4_1000
320,رفعتوا سقف السحب اليومي أخيرًا، كانت نقطة تضايقني من زمان.,الشمالية,استجاب بنك لمطالب عملاء عديدين برفع سقف السحب اليومي من الصراف الآلي بعد فترة من الشكاوى المتكررة.,مدح,ارتياح حقيقي لتلبية طلب طال انتظاره,شكر,ارتياح,3,لا,0,إيجابي,إيجابي,مرتبط,نعم,لا,منخفض,الإشارة إلى مدة انتظار سابقة للتغيير تعزز صدق الارتياح عن تحقق الطلب أخيرًا.,Dataset4_1000
321,سبحان الله، كل ما أحاول أفتح حساب توفير يطلبون مستند جديد ما كان مذكور من البداية.,سعودية عامة,حاول عميل فتح حساب توفير جديد، وفي كل زيارة يُطلب منه مستند إضافي لم يُذكر في قائمة المتطلبات الأصلية.,محايد,استياء من تكرار طلب مستندات غير معلنة مسبقًا,شكوى,إحباط,3,لا,0,محايد,سلبي,مرتبط,نعم,نعم,متوسط,تكرار طلب مستندات جديدة في كل زيارة يعكس استياءً منطقيًا من غياب قائمة متطلبات واضحة من البداية.,Dataset4_1000
322,أبشركم، التطبيق البنكي صار يفتح بالبصمة أسرع من قبل بكثير.,الوسطى,لاحظ عميل تحسنًا ملموسًا في سرعة فتح التطبيق البنكي عبر بصمة الإصبع بعد آخر تحديث للتطبيق.,مدح,رضا حقيقي عن تحسن تقني ملموس,مدح,رضا,2,لا,0,إيجابي,إيجابي,مرتبط,نعم,لا,منخفض,التحسن التقني الفعلي الموصوف يجعل الرضا المعبر عنه صادقًا ومباشرًا.,Dataset4_1000
323,للأسف تفاجأت إن القرض اللي وافقتوا عليه فيه شروط ما كانت واضحة لي من البداية.,الحجازية,وافق البنك على طلب قرض لعميل، لكنه اكتشف لاحقًا بنودًا وشروطًا لم تكن موضحة بشكل كافٍ عند تقديم الطلب.,سلبي,استياء مباشر من غياب الشفافية في الشروط,شكوى,قلق,3,لا,0,سلبي,سلبي,مرتبط,نعم,نعم,متوسط,اكتشاف شروط غير موضحة مسبقًا يجعل الاستياء منطقيًا ومباشرًا دون أي تأويل معقد.,Dataset4_1000
324,عساكم بخير، بس هذي أول مرة أشوف عمولة على تحويل بين حسابين لي أنا.,الشرقية,اكتشف عميل عمولة جديدة على تحويل مالي بين حسابين يملكهما هو شخصيًا داخل نفس البنك.,محايد,استغراب واستياء من عمولة غير متوقعة,شكوى,استياء,3,نعم,2,محايد,سلبي,غير مرتبط,نعم,نعم,متوسط,الدعاء الافتتاحي يخفي استغرابًا حقيقيًا وسخرية خفيفة من فرض عمولة على تحويل بين حسابات الشخص نفسه.,Dataset4_1000
325,يا هلا، الموظف شرح لي كل أنواع الحسابات بصبر وساعدني أختار الأنسب.,الجنوبية,زار عميل جديد فرع بنك لفتح حساب، وشرح له الموظف جميع الخيارات المتاحة بصبر وساعده على الاختيار المناسب لاحتياجاته.,مدح,امتنان حقيقي وصادق لمساعدة فعلية,شكر,امتنان,3,لا,0,إيجابي,إيجابي,مرتبط,نعم,لا,منخفض,المساعدة الفعلية والمفصلة الموصوفة في السياق تجعل الامتنان صادقًا ومباشرًا.,Dataset4_1000
326,والله كل مرة أراجع كشف الحساب ألقى رسوم ما أعرف مصدرها بالضبط.,الشمالية,يلاحظ عميل بشكل متكرر رسومًا غير واضحة المصدر في كشف حسابه الشهري دون تفسير كافٍ من البنك.,سلبي,استياء مباشر من غموض متكرر في الرسوم,شكوى,قلق,3,لا,0,سلبي,سلبي,مرتبط,نعم,نعم,متوسط,تكرار الغموض في الرسوم دون توضيح يجعل الاستياء المعبر عنه مباشرًا ومبررًا.,Dataset4_1000
327,تسلمون على تسريع إجراءات فتح الحساب للشركات، فرق كبير عن قبل سنتين.,سعودية عامة,لاحظ صاحب عمل تحسنًا كبيرًا في سرعة إجراءات فتح حساب بنكي تجاري مقارنة بتجربته السابقة قبل سنتين.,مدح,تقدير حقيقي لتطور ملموس في الإجراءات,شكر,رضا,3,لا,0,إيجابي,إيجابي,مرتبط,نعم,لا,منخفض,المقارنة الزمنية الواضحة بتجربة سابقة تعزز صدق التقدير عن التحسن الحالي.,Dataset4_1000
328,ما أدري ليش لازم أوقّع نفس النموذج ثلاث مرات لعملية وحدة بسيطة.,الوسطى,طلب موظف بنك من عميل توقيع ثلاث نسخ متطابقة من نفس النموذج لإتمام عملية بسيطة نسبيًا.,سلبي,استياء من تعقيد إجرائي غير مبرر,شكوى,نفاد صبر,2,لا,0,سلبي,سلبي,مرتبط,نعم,نعم,منخفض,التكرار الإجرائي غير المبرر لعملية بسيطة يجعل الاستياء منطقيًا ومباشرًا دون الحاجة لتفسير إضافي.,Dataset4_1000
329,حبيت أشكركم على تنبيهي قبل ما تنتهي صلاحية بطاقتي بشهر كامل.,الحجازية,أرسل بنك تنبيهًا استباقيًا لعميل قبل شهر كامل من انتهاء صلاحية بطاقته، مما أتاح له وقتًا كافيًا للتجديد.,مدح,شكر حقيقي وصادق على استباقية الخدمة,شكر,رضا,2,لا,0,إيجابي,إيجابي,مرتبط,نعم,لا,منخفض,الاستباقية الفعلية الموصوفة في السياق تجعل الشكر صادقًا ومباشرًا دون أي التباس.,Dataset4_1000
330,سويت طلب تعديل بيانات من شهرين ولسا نفس البيانات القديمة موجودة.,الشرقية,طلب عميل تحديث بيانات الاتصال المرتبطة بحسابه البنكي منذ شهرين، لكن البيانات القديمة لا تزال ظاهرة دون تغيير.,سلبي,استياء مباشر من تأخر تنفيذ طلب بسيط,شكوى,إحباط,3,لا,0,سلبي,سلبي,مرتبط,نعم,نعم,متوسط,طول المدة دون تنفيذ طلب بسيط نسبيًا يجعل الاستياء المعبر عنه مباشرًا ومبررًا.,Dataset4_1000
331,صراحة أسلوب عرض المنتجات تحسن كثير، صار أسهل أقارن بين الخيارات.,الجنوبية,أعادت شركة تجارة إلكترونية تصميم صفحات عرض المنتجات بطريقة أوضح تسهل المقارنة بين المنتجات المشابهة.,مدح,استحسان حقيقي لتحسن تقني ملموس في تجربة المستخدم,مدح,رضا,2,لا,0,إيجابي,إيجابي,مرتبط,نعم,لا,منخفض,التحسن الفعلي في تجربة الاستخدام الموصوف في السياق يجعل الاستحسان صادقًا وموضوعيًا.,Dataset4_1000
332,طلبت مقاس مختلف عن اللي وصلني، ورا كذا اكتشفت إن الوصف على الموقع كان غلط.,الشمالية,طلب عميل منتجًا بمقاس محدد بناءً على وصف الموقع، لكن المنتج الذي وصله كان بمقاس مختلف بسبب خطأ في وصف الصفحة.,سلبي,استياء مباشر من خطأ في دقة المعلومات المعروضة,شكوى,استياء,3,لا,0,سلبي,سلبي,مرتبط,نعم,نعم,منخفض,اكتشاف الخطأ الفعلي في وصف المنتج على الموقع يجعل الاستياء منطقيًا ومباشرًا.,Dataset4_1000
333,يا ألف هلا فيكم، وصلني كوبون خصم عيد ميلاد التسجيل، لفتة حلوة صراحة.,سعودية عامة,أرسل متجر إلكتروني كوبون خصم شخصي لعميل بمناسبة مرور عام على تسجيله في المنصة.,مدح,استحسان حقيقي للفتة تسويقية شخصية ولطيفة,شكر,فرح,2,لا,0,إيجابي,إيجابي,مرتبط,نعم,لا,منخفض,اللفتة الشخصية الفعلية الموصوفة في السياق تجعل الاستحسان صادقًا وبسيطًا دون أي مبالغة.,Dataset4_1000
334,أحسن من الرد الآلي اللي يكرر نفس الجمل، لو تحطون خيار مكالمة مباشرة.,الوسطى,حاول عميل حل مشكلة مع الدردشة الآلية للمتجر، لكنها كانت تكرر نفس الردود العامة دون فهم دقيق لمشكلته.,محايد,اقتراح تحسين يحمل انتقادًا لضعف الدردشة الآلية,اقتراح,إحباط,2,لا,0,محايد,سلبي,مرتبط جزئيًا,نعم,نعم,منخفض,الاقتراح المهذب يخفي انتقادًا واضحًا لعدم فعالية الرد الآلي في فهم مشاكل العملاء الفعلية.,Dataset4_1000
335,عجيب، سعر نفس المنتج تغير مرتين خلال يوم واحد وأنا أراقب السلة.,الحجازية,لاحظ عميل أن سعر منتج موجود في سلة تسوقه تغير مرتين خلال يوم واحد فقط دون سبب واضح.,محايد,استغراب حقيقي من تذبذب غير مفهوم في التسعير,استفسار,ارتباك,2,لا,0,محايد,محايد,مرتبط,نعم,لا,منخفض,الاستغراب هنا حقيقي وموضوعي، ولا يحمل أي دلالة على سخرية أو غضب واضح.,Dataset4_1000
336,مشكورين على سرعة معالجة الاسترجاع رغم إن المنتج كان مستخدم شوي.,الشرقية,طلب عميل استرجاع منتج بعد استخدامه بشكل بسيط، ووافق المتجر على الاسترجاع بسرعة ودون تعقيد رغم ذلك.,مدح,امتنان حقيقي لمرونة تفوق التوقع,شكر,امتنان,3,لا,0,إيجابي,إيجابي,مرتبط,نعم,لا,منخفض,المرونة الفعلية التي تجاوزت التوقعات المعتادة تجعل الامتنان المعبر عنه صادقًا ومباشرًا.,Dataset4_1000
337,والله المنتج زين بس التغليف كان يستاهل يكون أحسن من كذا لمنتج بهالسعر.,الجنوبية,استلم عميل منتجًا إلكترونيًا باهظ الثمن نسبيًا لكن تغليفه كان بسيطًا وغير متناسب مع فئة السعر.,محايد,تقييم متوازن يجمع بين الرضا عن المنتج والملاحظة على التغليف,اقتراح,حياد,1,لا,0,إيجابي,محايد,مرتبط,نعم,لا,منخفض,الجملة توازن بين تقييم إيجابي للمنتج نفسه وملاحظة موضوعية بخصوص التغليف دون أي مبالغة.,Dataset4_1000
338,يا سلام، رجعت أطلب من نفس البائع بعد ما قاطعته لأشهر بسبب تجربة سيئة.,الشمالية,عاد عميل للتعامل مع بائع كان قد توقف عن الشراء منه سابقًا بسبب تجربة سيئة، بعد ملاحظته تحسنًا في التقييمات الحديثة.,إيجابي,قرار حقيقي بإعطاء فرصة ثانية بناءً على تحسن ملحوظ,حياد,ارتياح,2,لا,0,إيجابي,إيجابي,مرتبط,نعم,لا,منخفض,القرار بالعودة بعد انقطاع مبني على تحسن فعلي ملحوظ يجعل العبارة صادقة وغير ساخرة.,Dataset4_1000
339,للأسف صورة المنتج على الموقع ما لها أي علاقة باللي وصلني.,سعودية عامة,طلب عميل منتجًا بناءً على صورة معروضة على الموقع، لكن المنتج الفعلي الذي وصله كان مختلفًا تمامًا في الشكل واللون.,سلبي,استياء مباشر من تضليل بصري واضح,شكوى,غضب,4,لا,0,سلبي,سلبي,مرتبط,نعم,نعم,مرتفع,الفارق الكبير الموصوف بين الصورة والمنتج الفعلي يجعل الاستياء مباشرًا ويرفع احتمالية التصعيد.,Dataset4_1000
340,خدمة الدردشة صارت أفضل، حسيت إن الموظف يقرأ رسالتي فعلًا مو بس يرد جاهز.,الوسطى,لاحظ عميل تحسنًا في جودة الردود عبر دردشة المتجر، حيث بدت الردود مخصصة لمشكلته بدلًا من ردود عامة جاهزة.,مدح,تقدير حقيقي لتحسن جودة التفاعل الشخصي,شكر,رضا,2,لا,0,إيجابي,إيجابي,مرتبط,نعم,لا,منخفض,الملاحظة على جودة الردود الشخصية مقارنة بالردود الجاهزة السابقة تعزز صدق التقدير.,Dataset4_1000
341,طيب ليش أدفع رسوم شحن وأنا سويت طلب فوق الحد الأدنى للشحن المجاني؟,الحجازية,تجاوز عميل الحد الأدنى المعلن لقيمة الطلب المؤهل للشحن المجاني، لكن رسوم الشحن ظهرت له عند الدفع رغم ذلك.,محايد,استياء مباشر من خلل في تطبيق شرط الشحن المجاني,شكوى,استياء,3,لا,0,محايد,سلبي,مرتبط,نعم,نعم,متوسط,التناقض الواضح بين الشرط المعلن والتطبيق الفعلي يجعل الاستياء منطقيًا ومباشرًا.,Dataset4_1000
342,تسلم إيدك، غلفتوا المنتج الزجاجي زين ما انكسر ولا شي.,الشرقية,طلب عميل منتجًا زجاجيًا هشًا، وحرص المتجر على تغليفه بعناية فائقة وصل معها المنتج سليمًا تمامًا.,مدح,امتنان حقيقي لعناية فعلية في التغليف,شكر,رضا,2,لا,0,إيجابي,إيجابي,مرتبط,نعم,لا,منخفض,العناية الفعلية في التغليف ووصول منتج هش سليمًا تجعل الامتنان صادقًا ومباشرًا.,Dataset4_1000
343,للأسف تقييمي السابق حذفتوه بدون أي تفسير رغم إنه كان صادق ومو مسيء.,الجنوبية,كتب عميل تقييمًا صادقًا وموضوعيًا لمنتج اشتراه، لكن المتجر حذف التقييم دون تقديم أي سبب واضح لذلك.,سلبي,استياء مباشر من حذف غير مبرر لرأي مشروع,شكوى,غضب,3,لا,0,سلبي,سلبي,مرتبط,نعم,نعم,متوسط,حذف تقييم صادق دون تفسير يعكس استياءً منطقيًا من تعامل غير شفاف مع آراء العملاء.,Dataset4_1000
344,عساها خطوة أولى بس، آخر شحنة استلمتها ما فيها ولا خطأ واحد.,الشمالية,استلم عميل شحنة كاملة ومطابقة تمامًا للطلب بعد عدة تجارب سابقة كانت تحتوي أخطاء متكررة.,مدح,رضا حقيقي مع أمل حذر باستمرار التحسن,شكر,ارتياح,2,لا,0,إيجابي,إيجابي,مرتبط,نعم,لا,منخفض,الإشارة الحذرة لكونها خطوة أولى تعكس أملًا واقعيًا مبنيًا على تحسن فعلي دون مبالغة في التفاؤل.,Dataset4_1000
345,ودي أعرف ليش صفحة تتبع الطلب ما تتحدث إلا كل يومين تقريبًا.,سعودية عامة,لاحظ عميل أن صفحة تتبع حالة طلبه لا تُحدَّث إلا كل يومين تقريبًا رغم أن الطلب في حالة شحن نشطة.,محايد,استفسار يحمل استياءً خفيفًا من بطء التحديث,استفسار,قلق,2,لا,0,محايد,سلبي,مرتبط جزئيًا,نعم,نعم,منخفض,صيغة الاستفسار المباشرة تحمل إشارة خفيفة لعدم رضا عن تكرار تحديث معلومات التتبع.,Dataset4_1000
346,السائق اتصل يتأكد من الموقع قبل لا يوصل، أول مرة أشوف هالاهتمام.,الوسطى,اتصل سائق توصيل بالعميل للتأكد من دقة الموقع قبل الوصول، وهو أمر لم يحدث معه في طلبات سابقة مشابهة.,مدح,استحسان حقيقي لمبادرة تفوق المعتاد,مدح,رضا,2,لا,0,إيجابي,إيجابي,مرتبط,نعم,لا,منخفض,المقارنة الضمنية بتجارب سابقة تجعل الاستحسان عن هذه المبادرة الإضافية صادقًا وواضحًا.,Dataset4_1000
347,رقم التتبع يقول الشحنة في مدينة ثانية بينما أنا مستني فيها من الصبح.,الحجازية,أظهر نظام تتبع شحنة أنها لا تزال في مدينة أخرى، بينما كان العميل ينتظرها منذ الصباح في مدينته.,سلبي,استياء مباشر من تضارب بيانات التتبع مع الواقع,شكوى,قلق,3,لا,0,سلبي,سلبي,مرتبط,نعم,نعم,متوسط,التناقض الواضح بين بيانات النظام وتوقعات العميل يجعل الاستياء منطقيًا ومباشرًا.,Dataset4_1000
348,عاشت الأيادي، غيّروا موعد التوصيل بناءً على طلبي بدون أي تعقيد.,الشرقية,طلب عميل تغيير موعد توصيل شحنة ليتناسب مع جدوله، واستجابت شركة الشحن للطلب بسهولة ودون أي مشاكل.,مدح,امتنان حقيقي لمرونة فعلية في التعامل,شكر,امتنان,3,لا,0,إيجابي,إيجابي,مرتبط,نعم,لا,منخفض,المرونة الفعلية في الاستجابة لطلب العميل تجعل الامتنان صادقًا ومباشرًا دون أي التباس.,Dataset4_1000
349,طيب ليش الشحنة تمر على ثلاث مدن قبل ما توصل مدينتي واللي بينهم مباشر؟,الجنوبية,لاحظ عميل أن شحنته تمر بمسار طويل غير منطقي عبر عدة مدن قبل الوصول لمدينته رغم وجود طريق مباشر.,محايد,استغراب واستياء من مسار شحن غير منطقي,استفسار,استياء,2,لا,0,محايد,سلبي,مرتبط,نعم,نعم,منخفض,الاستفسار هنا يحمل استياءً منطقيًا مبنيًا على ملاحظة موضوعية حول كفاءة مسار الشحن.,Dataset4_1000
350,سبحان الله، الطرد وصل سليم رغم إن التغليف كان بسيط جدًا.,الشمالية,استلم عميل طردًا هشًا بتغليف بسيط نسبيًا، لكنه وصل سليمًا تمامًا دون أي أضرار رغم بساطة التغليف.,محايد,استغراب إيجابي من نتيجة أفضل من المتوقع,حياد,ارتياح,2,لا,0,محايد,إيجابي,مرتبط,نعم,لا,منخفض,الاستغراب هنا إيجابي وصادق نظرًا لنتيجة أفضل من التوقعات المبنية على بساطة التغليف.,Dataset4_1000
351,للمرة الثانية يجيني الطرد وعليه اسم شخص ثاني بنفس عنواني بالظبط.,سعودية عامة,استلم عميل طردًا مكتوبًا عليه اسم شخص آخر رغم أن العنوان المطبوع عليه صحيح ومطابق تمامًا لعنوانه.,سلبي,استياء مباشر من تكرار خطأ في بيانات الطرد,شكوى,ارتباك,3,لا,0,سلبي,سلبي,مرتبط,نعم,نعم,متوسط,تكرار نفس نوع الخطأ يجعل الاستياء منطقيًا ومباشرًا دون الحاجة لأي تفسير إضافي.,Dataset4_1000
352,والله السائق كان ودود ومحترم رغم إن الطريق كان مزدحم جدًا.,الوسطى,أوصل سائق توصيل طلبًا رغم ازدحام مروري شديد في الطريق، وتعامل مع العميل بأدب ولطف عند التسليم.,مدح,تقدير حقيقي لحسن التعامل رغم ظروف صعبة,مدح,رضا,2,لا,0,إيجابي,إيجابي,مرتبط,نعم,لا,منخفض,الإشارة إلى الظروف الصعبة الموصوفة تعزز صدق التقدير للتعامل الجيد رغمها.,Dataset4_1000
353,خذوا وقتكم بس ابعثوا لي رسالة توضح وش السبب في تأخر الشحنة.,الحجازية,تأخرت شحنة عميل عن الموعد المتوقع دون أي رسالة توضيحية من شركة الشحن حول سبب التأخير.,محايد,طلب مهذب يحمل استياءً خفيفًا من غياب التواصل,طلب,قلق,2,لا,0,محايد,سلبي,مرتبط جزئيًا,نعم,نعم,منخفض,عبارة خذوا وقتكم لا تخفي الحاجة الفعلية لتفسير غياب التواصل بخصوص سبب التأخير.,Dataset4_1000
354,أبشركم، جربنا خدمة التوصيل بنفس اليوم ووصل الطلب قبل الموعد المحدد.,الشرقية,استخدم عميل خدمة توصيل بنفس اليوم لأول مرة، ووصل الطلب فعليًا قبل الموعد المتوقع بربع ساعة.,مدح,رضا حقيقي عن أداء يفوق الوعد المعلن,شكر,فرح,3,لا,0,إيجابي,إيجابي,مرتبط,نعم,لا,منخفض,الأداء الفعلي الذي فاق الوعد المعلن يجعل الرضا المعبر عنه صادقًا ومباشرًا.,Dataset4_1000
355,عجيب كيف السائق يقدر يوصل عنوان ما أنا نفسي أتوه فيه أحيانًا.,الجنوبية,وصل سائق توصيل إلى عنوان معقد نسبيًا ويصعب الوصول إليه دون أي مشكلة، رغم أن العميل نفسه يتوه فيه أحيانًا.,مدح,إعجاب حقيقي بمهارة السائق في الوصول لعنوان صعب,مدح,ارتياح,2,لا,0,إيجابي,إيجابي,مرتبط,نعم,لا,منخفض,المهارة الفعلية الموصوفة في السياق تجعل الإعجاب صادقًا وليس سخرية من تعقيد العنوان.,Dataset4_1000
356,سويت طلب استرجاع لمنتج تالف من أسبوعين وناقلة الشحن لين الحين ما جتني.,الشمالية,طلب عميل استرجاع منتج تالف عبر خدمة استلام من المنزل، لكن المندوب المخصص للاستلام لم يصل بعد مرور أسبوعين.,سلبي,استياء مباشر من تأخر تنفيذ خدمة الاستلام,شكوى,إحباط,4,لا,0,سلبي,سلبي,مرتبط,نعم,نعم,مرتفع,طول مدة الانتظار لخدمة استلام بسيطة يجعل الاستياء المعبر عنه مباشرًا ويرفع احتمالية التصعيد.,Dataset4_1000
357,يا سلام، رسالة التوصيل وصلتني بالضبط وقت وصول السائق مو قبله بساعات.,سعودية عامة,لاحظ عميل تحسنًا في دقة توقيت إشعارات التوصيل، حيث وصلت الرسالة بالتزامن الفعلي مع وصول السائق لا قبله بوقت طويل كالمعتاد.,مدح,استحسان حقيقي لدقة توقيت جديدة في الإشعارات,مدح,رضا,2,لا,0,إيجابي,إيجابي,مرتبط,نعم,لا,منخفض,المقارنة الضمنية بتجربة سابقة أقل دقة تعزز صدق الاستحسان عن هذا التحسن التقني.,Dataset4_1000
358,للأسف نفس المندوب اللي جاني قبل وكان متأخر جاء متأخر بنفس القدر هالمرة.,الوسطى,توقع عميل تحسنًا في التزام المندوب بالمواعيد بعد تجربة سابقة متأخرة، لكنه تأخر مرة أخرى بنفس القدر تقريبًا.,سلبي,استياء مباشر من تكرار نمط التأخير,شكوى,نفاد صبر,3,لا,0,سلبي,سلبي,مرتبط,نعم,نعم,متوسط,تكرار نفس نمط التأخير مع نفس المندوب يجعل الاستياء منطقيًا ومباشرًا دون أي مبالغة.,Dataset4_1000
359,طيب ليه ما فيه خيار أحدد نافذة زمنية أضيق للتوصيل بدل يوم كامل؟,الحجازية,اضطر عميل للبقاء في المنزل طوال اليوم بانتظار توصيل لم يحدد له نافذة زمنية أضيق من ذلك.,محايد,اقتراح تحسين يحمل استياءً من غياب مرونة الجدولة,اقتراح,إحباط,2,لا,0,محايد,سلبي,مرتبط جزئيًا,نعم,لا,منخفض,السؤال المباشر يحمل انتقادًا ضمنيًا لعدم توفر خيار جدولة أدق يناسب وقت العميل.,Dataset4_1000
360,تسلمون على تعويضي عن الشحنة اللي تأخرت، ما توقعت تسوون كذا من نفسكم.,الشرقية,قدّمت شركة شحن تعويضًا استباقيًا للعميل عن تأخير شحنته دون أن يطلب هو ذلك، مما فاق توقعاته.,مدح,امتنان حقيقي يفوق التوقع لمبادرة تعويض استباقية,شكر,فرح,3,لا,0,إيجابي,إيجابي,مرتبط,نعم,لا,منخفض,المبادرة الاستباقية غير المتوقعة تجعل الامتنان المعبر عنه صادقًا وعميقًا.,Dataset4_1000
361,عادةً أطلب من نفس المطعم كل أسبوع، بس هالمرة حسيت إن الكمية قلّت عن المعتاد.,الجنوبية,لاحظ زبون دائم لمطعم معين أن كمية الطعام في آخر طلب كانت أقل من المعتاد مقارنة بطلبات سابقة كثيرة.,محايد,ملاحظة موضوعية تحمل استياءً خفيفًا من تغير غير معلن,شكوى,استياء,2,لا,0,محايد,سلبي,مرتبط,لا,نعم,منخفض,المقارنة بتجارب سابقة متكررة تعزز مصداقية الملاحظة وتجعلها استياءً حقيقيًا وليس انطباعًا عابرًا.,Dataset4_1000
362,يا هلا، النادل لاحظ إني ما عندي وقت وسرّع لي الطلب من نفسه.,الشمالية,لاحظ نادل في مطعم أن أحد الزبائن يبدو مستعجلاً، فبادر بتسريع تجهيز طلبه دون أن يُطلب منه ذلك.,مدح,استحسان حقيقي لمبادرة ملاحظة استباقية,شكر,رضا,2,لا,0,إيجابي,إيجابي,مرتبط,لا,لا,منخفض,المبادرة الاستباقية غير المطلوبة الموصوفة في السياق تجعل الاستحسان صادقًا وواضحًا.,Dataset4_1000
363,سبحان الله، نفس الطبق اللي طلبته قبل شهر طعمه تغير كليًا.,سعودية عامة,لاحظ زبون تغيرًا واضحًا في طعم طبق معين مقارنة بتجربته مع نفس الطبق قبل شهر في نفس المطعم.,محايد,استغراب واستياء من تغير غير معلن في الجودة,شكوى,خيبة أمل,3,لا,0,محايد,سلبي,مرتبط,لا,نعم,منخفض,المقارنة المباشرة بتجربة سابقة واضحة تجعل الاستغراب هنا استياءً حقيقيًا وليس مجرد ملاحظة عابرة.,Dataset4_1000
364,والله الحجز أونلاين وفر علينا وقت طويل قدام الطابور.,الوسطى,استخدم عميل خاصية الحجز الإلكتروني لمطعم مزدحم، ووفّر عليه ذلك وقت الانتظار الطويل في الطابور المعتاد.,مدح,رضا حقيقي عن فائدة عملية لميزة جديدة,شكر,رضا,2,لا,0,إيجابي,إيجابي,مرتبط,لا,لا,منخفض,الفائدة العملية الفعلية الموصوفة في السياق تجعل الرضا المعبر عنه صادقًا ومباشرًا.,Dataset4_1000
365,طيب ليش القائمة اللي بالتطبيق تختلف عن اللي موجودة فعليًا بالمطعم؟,الحجازية,طلب عميل صنفًا رآه في قائمة التطبيق، لكن عند الوصول للمطعم اكتشف أن الصنف غير متوفر أصلًا ضمن القائمة الفعلية.,محايد,استياء مباشر من تضارب بين المعلومات الرقمية والواقع,شكوى,إحباط,3,لا,0,محايد,سلبي,مرتبط,لا,نعم,منخفض,التناقض الواضح بين القائمتين يجعل الاستياء منطقيًا ومباشرًا دون أي حاجة لتفسير إضافي.,Dataset4_1000
366,عساكم عالقوة، شفت الزحمة اللي عندكم اليوم وصبركم عجيب.,الشرقية,لاحظ زبون ضغطًا كبيرًا على مطعم خلال وقت الذروة، لكن الطاقم استمر بالعمل بصبر واحترافية رغم الزحام.,مدح,تعاطف حقيقي وتقدير صادق لجهد الطاقم,تشجيع,تقدير,3,لا,0,إيجابي,إيجابي,مرتبط,لا,لا,منخفض,الظروف الصعبة الموصوفة في السياق تجعل التشجيع المعبر عنه صادقًا وغير مجامل.,Dataset4_1000
367,عجيب، حاسبوني على صنف طلبته وألغيته قبل لا يوصل المطبخ حتى.,الجنوبية,ألغى عميل طلب صنف معين عبر التطبيق قبل تجهيزه فعليًا، لكن الفاتورة تضمنت رسوم الصنف الملغى رغم الإلغاء المبكر.,محايد,استياء واضح من خطأ في احتساب الفاتورة,شكوى,استياء,3,لا,0,محايد,سلبي,مرتبط,نعم,نعم,متوسط,احتساب رسوم صنف ملغى قبل بدء تجهيزه يجعل الاستياء منطقيًا ومباشرًا بدون أي سخرية.,Dataset4_1000
368,تسلم يا شيف، الطبق الجديد اللي أضفتوه فعلًا نقلة نوعية بالمذاق.,الشمالية,أضاف مطعم طبقًا جديدًا للقائمة تميز بمذاق مختلف ومبتكر مقارنة بباقي الأطباق المعتادة.,مدح,إعجاب حقيقي بابتكار فعلي في المذاق,مدح,فرح,3,لا,0,إيجابي,إيجابي,مرتبط,لا,لا,منخفض,الابتكار الفعلي في المذاق الموصوف في السياق يجعل الإعجاب صادقًا وليس مجاملة عابرة.,Dataset4_1000
369,للأسف حجزت طاولة قبل يومين وجيت لقيتهم عطوها لزبون ثاني.,سعودية عامة,حجز عميل طاولة في مطعم قبل يومين من الموعد، لكن عند وصوله وجد الطاولة قد أُعطيت لزبون آخر دون تنسيق.,سلبي,استياء مباشر من عدم احترام حجز مؤكد مسبقًا,شكوى,غضب,4,لا,0,سلبي,سلبي,مرتبط,لا,نعم,مرتفع,عدم احترام حجز مؤكد بوقت كافٍ مسبقًا يجعل الاستياء منطقيًا ومباشرًا ويرفع احتمالية التصعيد.,Dataset4_1000
370,يا زين، صار عندهم خيار تخصيص مستوى الحار بدل ما يكون نوع وحيد بس.,الوسطى,أضاف مطعم خيار تدرج مستوى الحرارة للأطباق بدلًا من الاكتفاء بمستوى واحد ثابت لكل الزبائن.,مدح,استحسان حقيقي لخيار تخصيص مفيد وجديد,مدح,رضا,2,لا,0,إيجابي,إيجابي,مرتبط,لا,لا,منخفض,الفائدة العملية للخيار الجديد الموصوف تجعل الاستحسان صادقًا وواضحًا دون أي مبالغة.,Dataset4_1000
371,والله ما فهمت ليش يطلبون مني أدفع سلفة قبل التأكيد لحجز طاولة عادية.,الحجازية,طلب مطعم من عميل دفع مبلغ مسبق لتأكيد حجز طاولة عادية لعدد بسيط من الأشخاص دون سبب واضح.,محايد,استغراب واستياء من شرط دفع غير مبرر,استفسار,استياء,2,لا,0,محايد,سلبي,مرتبط,لا,لا,منخفض,الاستغراب هنا يحمل استياءً منطقيًا من شرط غير معتاد لحجز بسيط لا يستدعي عادةً دفعًا مسبقًا.,Dataset4_1000
372,عاشت الأيادي، اهتموا بطلب خاص لظرف حساسية عندي بدون أي تذمر.,الشرقية,أوضح زبون لمطعم أن لديه حساسية غذائية معينة، وتعامل الطاقم بجدية وحرص تام مع الطلب دون أي تذمر.,مدح,امتنان حقيقي وصادق لجدية التعامل مع طلب خاص,شكر,امتنان,3,لا,0,إيجابي,إيجابي,مرتبط,لا,لا,منخفض,الجدية الفعلية في التعامل مع طلب خاص تجعل الامتنان صادقًا ومباشرًا دون أي التباس.,Dataset4_1000
373,أبشركم، صار فيه وضع ليلي بالتطبيق أخيرًا، عيني تشكركم.,الجنوبية,أضافت شركة تطبيق خاصية الوضع الليلي بعد طلبات متكررة من المستخدمين لهذه الميزة لفترة طويلة.,مدح,رضا حقيقي لتلبية طلب طال انتظاره,شكر,رضا,2,لا,0,إيجابي,إيجابي,مرتبط,لا,لا,منخفض,الإشارة إلى انتظار طويل لهذه الميزة تعزز صدق الرضا عن تحقق الطلب أخيرًا.,Dataset4_1000
374,عجيب كيف نفس الإشعار يجيني ثلاث مرات على نفس الرسالة الواحدة.,الشمالية,يواجه مستخدم تطبيق مراسلة مشكلة تكرار نفس الإشعار عدة مرات عند وصول رسالة واحدة فقط.,محايد,استياء خفيف من خلل تقني مزعج ومتكرر,شكوى,نفاد صبر,2,لا,0,محايد,سلبي,مرتبط,لا,نعم,منخفض,كلمة عجيب هنا تعبر عن استغراب حقيقي مصحوب باستياء من خلل تقني متكرر ومزعج.,Dataset4_1000
375,والله التطبيق صار خفيف وسريع بعد آخر تحديث، فرق واضح.,سعودية عامة,أصدرت شركة تطبيق تحديثًا حسّن بشكل ملحوظ من سرعة استجابة التطبيق مقارنة بالنسخ السابقة الأبطأ.,مدح,استحسان حقيقي لتحسن تقني ملموس,مدح,رضا,2,لا,0,إيجابي,إيجابي,مرتبط,لا,لا,منخفض,التحسن الفعلي في الأداء الموصوف في السياق يجعل الاستحسان صادقًا وموضوعيًا.,Dataset4_1000
376,طيب ليه التطبيق يطلب صلاحية الوصول للجهات وهو مجرد تطبيق حاسبة؟,الوسطى,لاحظ مستخدم أن تطبيق حاسبة بسيط يطلب صلاحيات وصول غير منطقية مثل الوصول لقائمة جهات الاتصال.,محايد,استغراب واستياء من طلب صلاحيات غير مبررة,استفسار,قلق,2,لا,0,محايد,سلبي,مرتبط,لا,لا,منخفض,الاستفسار هنا موضوعي ويحمل قلقًا منطقيًا من طلب صلاحية لا تتناسب مع وظيفة التطبيق الأساسية.,Dataset4_1000
377,يا سلام، التطبيق طلع نسخة تجريبية جديدة أخف بكثير من القديمة.,الحجازية,أطلقت شركة تطبيق نسخة تجريبية أخف وأسرع من النسخة الحالية، جربها مستخدم ووجدها فعليًا أفضل بشكل ملحوظ.,مدح,إعجاب حقيقي بتحسن ملموس في نسخة تجريبية,مدح,فرح,2,لا,0,إيجابي,إيجابي,مرتبط,لا,لا,منخفض,التحسن الفعلي الملموس في النسخة التجريبية يجعل الإعجاب صادقًا وليس سخرية أو مجاملة.,Dataset4_1000
378,للأسف كل ما أفتح التطبيق يطلب مني تقييمه، حتى وأنا بعد ثواني من فتحه.,الشرقية,يواجه مستخدم طلبات متكررة ومزعجة لتقييم تطبيق تظهر حتى بعد ثوانٍ قليلة من فتحه في كل مرة.,سلبي,استياء مباشر من إلحاح مزعج في طلب التقييم,شكوى,نفاد صبر,3,لا,0,سلبي,سلبي,مرتبط,لا,لا,منخفض,الإلحاح المتكرر والموصوف بوضوح في السياق يجعل الاستياء مباشرًا ومبررًا دون أي غموض.,Dataset4_1000
379,عساها خطوة جيدة، صار فيه خاصية استرجاع الرسائل المحذوفة بالغلط.,الجنوبية,أضاف تطبيق مراسلة خاصية جديدة تتيح استرجاع رسالة محذوفة بالخطأ خلال فترة زمنية قصيرة بعد الحذف.,مدح,استحسان حقيقي لميزة عملية ومفيدة,مدح,رضا,2,لا,0,إيجابي,إيجابي,مرتبط,لا,لا,منخفض,الفائدة العملية الفعلية لهذه الميزة الجديدة تجعل الاستحسان صادقًا ومباشرًا.,Dataset4_1000
380,سبحان الله، كل مرة أحدّث التطبيق يوقف عن الشغل ساعة كاملة على الأقل.,الشمالية,لاحظ مستخدم نمطًا متكررًا لتعطل تطبيق بعد كل تحديث لمدة ساعة تقريبًا قبل أن يعود للعمل بشكل طبيعي.,محايد,استياء من نمط تعطل متكرر بعد كل تحديث,شكوى,إحباط,3,لا,0,محايد,سلبي,مرتبط,لا,نعم,متوسط,تكرار نفس نمط العطل بعد كل تحديث يجعل الاستياء المعبر عنه مباشرًا ومبررًا دون أي مبالغة.,Dataset4_1000
381,يعطيكم العافية، صار التطبيق يدعم اللغة الإنجليزية أخيرًا لأهل بيتي الأجانب.,سعودية عامة,أضافت شركة تطبيق دعمًا للغة الإنجليزية بعد أن كان متاحًا بالعربية فقط، مما سهّل استخدامه على أفراد عائلة المستخدم غير الناطقين بالعربية.,مدح,امتنان حقيقي لإضافة عملية تفيد استخدامًا شخصيًا محددًا,شكر,رضا,2,لا,0,إيجابي,إيجابي,مرتبط,لا,لا,منخفض,الفائدة الشخصية الفعلية الموصوفة في السياق تجعل الامتنان صادقًا وليس مجاملة عامة.,Dataset4_1000
382,طيب ليش يطلب مني كلمة مرور من جديد كل ما أغير شاشة داخل نفس التطبيق؟,الوسطى,يواجه مستخدم تطبيق طلبًا متكررًا لإدخال كلمة المرور عند الانتقال بين شاشات مختلفة داخل نفس التطبيق دون سبب أمني واضح.,محايد,استياء مباشر من تصميم يخل بسلاسة الاستخدام,شكوى,نفاد صبر,3,لا,0,محايد,سلبي,مرتبط,لا,لا,منخفض,التكرار غير المبرر لطلب كلمة المرور داخل نفس الجلسة يجعل الاستياء منطقيًا ومباشرًا.,Dataset4_1000
383,والله فوجئت إن التطبيق يشتغل بدون نت لبعض الخصائص، فكرة عملية جدًا.,الحجازية,اكتشف مستخدم أن تطبيقًا يدعم استخدام بعض خصائصه الأساسية حتى دون اتصال بالإنترنت، وهو ما لم يتوقعه.,مدح,إعجاب حقيقي بميزة عملية غير متوقعة,مدح,فرح,2,لا,0,إيجابي,إيجابي,مرتبط,لا,لا,منخفض,المفاجأة الإيجابية الفعلية الموصوفة في السياق تجعل الإعجاب صادقًا وليس مبالغة.,Dataset4_1000
384,للأسف زر الإلغاء صغير جدًا وقريب من زر التأكيد، خطيت مرتين بسببه.,الشرقية,أخطأ مستخدم مرتين في الضغط على زر التأكيد بدلاً من الإلغاء بسبب تصميم واجهة يضع الزرين قريبين جدًا من بعض.,محايد,استياء مباشر من تصميم واجهة يسبب أخطاء متكررة,شكوى,إحباط,3,لا,0,محايد,سلبي,مرتبط,لا,نعم,منخفض,تكرار الخطأ الفعلي بسبب تصميم الواجهة يجعل الاستياء منطقيًا ومباشرًا دون أي مبالغة.,Dataset4_1000
385,رهيب، حل المشكلة عن بعد بدون ما يحتاج يجيني للبيت أصلًا.,الجنوبية,حل فني دعم تقني مشكلة جهاز كمبيوتر العميل عن بعد دون الحاجة لزيارة منزلية كان يتوقعها العميل مسبقًا.,مدح,إعجاب حقيقي بكفاءة حل عن بعد يفوق التوقع,مدح,فرح,3,لا,0,إيجابي,إيجابي,مرتبط,نعم,لا,منخفض,الكفاءة الفعلية للحل عن بعد التي فاقت التوقع المسبق تجعل الإعجاب صادقًا ومباشرًا.,Dataset4_1000
386,طيب ليش كل مرة أتصل يبدون من الصفر وكأن ما فيه ملف سابق لمشكلتي؟,الشمالية,اتصل عميل بالدعم الفني للمرة الرابعة بخصوص نفس المشكلة، واضطر لإعادة شرح كل التفاصيل من البداية في كل مرة.,محايد,استياء مباشر من غياب سجل متابعة موحد للمشكلة,شكوى,إحباط,3,لا,0,محايد,سلبي,مرتبط,نعم,نعم,متوسط,تكرار شرح نفس المشكلة من الصفر في كل اتصال يعكس استياءً منطقيًا من ضعف نظام تتبع الطلبات.,Dataset4_1000
387,عاشت الأيادي، الفني شرح لي كيف أتجنب نفس المشكلة مستقبلًا بدل ما يحلها بس.,سعودية عامة,لم يكتفِ فني دعم تقني بحل مشكلة جهاز العميل، بل شرح له أيضًا كيفية تجنب تكرارها مستقبلاً.,مدح,تقدير حقيقي لجهد إضافي يفوق المطلوب,شكر,امتنان,3,لا,0,إيجابي,إيجابي,مرتبط,نعم,لا,منخفض,الجهد الإضافي الفعلي الموصوف في السياق يجعل التقدير صادقًا وليس مجرد شكر روتيني.,Dataset4_1000
388,سبحان الله، حلوا المشكلة بس رجعت بعد يوم واحد بالضبط.,الوسطى,أصلح فني دعم تقني عطلاً في جهاز عميل، لكن نفس العطل عاد للظهور بعد يوم واحد فقط من الإصلاح.,محايد,استغراب واستياء من عودة سريعة لنفس العطل,شكوى,إحباط,3,لا,0,محايد,سلبي,مرتبط,نعم,نعم,متوسط,سرعة عودة العطل بعد الإصلاح تجعل الاستغراب هنا استياءً حقيقيًا من جودة الحل المقدم.,Dataset4_1000
389,والله فاجأني إنه سأل عن جهازي القديم عشان يتأكد التوافق قبل ما ينصح بحل.,الحجازية,سأل فني دعم تقني عن تفاصيل جهاز العميل القديم للتأكد من توافق الحل المقترح قبل تطبيقه، وهو ما لم يفعله فنيون سابقون.,مدح,إعجاب حقيقي باهتمام تقني دقيق يفوق المعتاد,مدح,رضا,2,لا,0,إيجابي,إيجابي,مرتبط,نعم,لا,منخفض,الدقة الفعلية غير المعتادة في التحقق من التوافق تجعل الإعجاب المعبر عنه صادقًا وموضوعيًا.,Dataset4_1000
390,طيب ليش الحل اللي عطوني إياه كان بالإنجليزي وأنا وضحت إني ما أفهمها زين؟,الشرقية,طلب عميل مساعدة من الدعم الفني موضحًا صعوبة فهمه للغة الإنجليزية، لكن الحل المرسل له كان بالإنجليزية بالكامل.,سلبي,استياء مباشر من تجاهل احتياج واضح صرّح به العميل,شكوى,إحباط,3,لا,0,سلبي,سلبي,مرتبط,نعم,نعم,متوسط,تجاهل احتياج واضح صرّح به العميل مسبقًا يجعل الاستياء منطقيًا ومباشرًا دون أي غموض.,Dataset4_1000
391,عساكم بخير، آخر تحديث للنظام حل مشكلة كانت تضايقني من فترة طويلة.,الجنوبية,أصدرت شركة برمجيات تحديثًا عالج مشكلة تقنية كانت تزعج المستخدم لفترة طويلة دون حل سابق.,محايد,رضا حقيقي عن حل مشكلة طال انتظارها,شكر,رضا,3,لا,0,إيجابي,إيجابي,مرتبط,نعم,لا,منخفض,طول مدة المشكلة السابقة يجعل الرضا عن حلها من خلال التحديث الأخير صادقًا وواضحًا.,Dataset4_1000
392,عجيب كيف الفني يقدر يشخص المشكلة من وصفي البسيط بدون ما يحتاج تفاصيل زيادة.,الشمالية,وصف عميل مشكلة تقنية بشكل مختصر جدًا، وتمكن الفني من تشخيصها بدقة دون الحاجة لطلب تفاصيل إضافية.,مدح,إعجاب حقيقي بكفاءة تشخيص سريعة ودقيقة,مدح,رضا,2,لا,0,إيجابي,إيجابي,مرتبط,نعم,لا,منخفض,الكفاءة الفعلية في التشخيص السريع من وصف بسيط تجعل الإعجاب صادقًا وموضوعيًا.,Dataset4_1000
393,للأسف اتصلت بالدعم الفني وطلعت المشكلة بسيطة كان ممكن أحلها بنفسي لو شرحوا لي أول مرة.,سعودية عامة,اتصل عميل بالدعم الفني لمشكلة بسيطة نسبيًا، واكتشف لاحقًا أنه كان بإمكانه حلها بنفسه لو حصل على شرح واضح من البداية.,محايد,استياء خفيف من غياب توجيه واضح في محاولة سابقة,شكوى,استياء,2,لا,0,محايد,سلبي,مرتبط جزئيًا,نعم,نعم,منخفض,الإشارة لإمكانية حل ذاتي لو توفر شرح واضح مسبقًا تحمل انتقادًا خفيفًا لجودة التوجيه السابق.,Dataset4_1000
394,يا هلا، الفني صبر علي وأنا أجرب الحلول وحدة وحدة لين وصلنا للنتيجة.,الوسطى,رافق فني دعم تقني عميلًا خطوة بخطوة أثناء تجربة عدة حلول متتالية حتى تم حل المشكلة بنجاح.,مدح,امتنان حقيقي لصبر ومرافقة فعلية خلال عملية الحل,شكر,امتنان,3,لا,0,إيجابي,إيجابي,مرتبط,نعم,لا,منخفض,المرافقة الفعلية خطوة بخطوة الموصوفة في السياق تجعل الامتنان صادقًا ومباشرًا.,Dataset4_1000
395,طيب ليه الدعم الفني يشتغل بساعات مكتب رسمية بس الأعطال تصير بأي وقت؟,الحجازية,واجه عميل عطلاً تقنيًا خارج ساعات العمل الرسمية، فاكتشف أن خدمة الدعم الفني غير متاحة إلا خلال ساعات محددة نهارًا.,محايد,استياء مباشر من محدودية أوقات توفر الدعم,شكوى,إحباط,3,لا,0,محايد,سلبي,مرتبط,نعم,نعم,متوسط,الاستفسار هنا موضوعي ويحمل انتقادًا منطقيًا لعدم توافق أوقات الدعم مع طبيعة الأعطال المفاجئة.,Dataset4_1000
396,والله ما توقعت الحل يكون بهالبساطة بعد كل اللي قريته من حلول معقدة عالنت.,الشرقية,بحث عميل عن حلول معقدة لمشكلته التقنية عبر الإنترنت، لكن فني الدعم قدم له حلاً بسيطًا وسريعًا فعليًا حل المشكلة.,مدح,رضا حقيقي عن بساطة الحل مقارنة بتوقعات معقدة,شكر,ارتياح,3,لا,0,إيجابي,إيجابي,مرتبط,نعم,لا,منخفض,المقارنة بتوقعات معقدة مسبقة تعزز صدق الرضا عن بساطة الحل الفعلي المقدم من الفني.,Dataset4_1000
397,طيب ليش نظام الحجز يسمح لي أحجز موعدين بنفس الوقت بدون تنبيه؟,الجنوبية,تمكن عميل من حجز موعدين مختلفين في نفس التوقيت عبر تطبيق حجوزات دون أي تنبيه من النظام بوجود تعارض.,محايد,استياء مباشر من خلل تقني في منع التعارض,شكوى,ارتباك,2,لا,0,محايد,سلبي,مرتبط,نعم,نعم,منخفض,غياب آلية منع التعارض في النظام يجعل الاستياء منطقيًا ومباشرًا دون أي مبالغة.,Dataset4_1000
398,عاشت الأيادي، عطوني موعد بديل بنفس اليوم لما اضطريت ألغي الأول.,الشمالية,اضطر عميل لإلغاء موعد حجزه في اللحظة الأخيرة، وقدمت له الجهة موعدًا بديلاً في نفس اليوم دون تعقيد.,مدح,امتنان حقيقي لمرونة فعلية في إعادة الجدولة,شكر,امتنان,3,لا,0,إيجابي,إيجابي,مرتبط,نعم,لا,منخفض,المرونة الفعلية في تقديم بديل سريع تجعل الامتنان صادقًا ومباشرًا دون أي التباس.,Dataset4_1000
399,عجيب، أكدت الحجز مرتين وبعدها اتصلوا يقولون الموعد مو متاح أصلًا.,سعودية عامة,أكد عميل حجز موعد عبر التطبيق مرتين، ثم فوجئ باتصال يخبره بأن الموعد غير متاح فعليًا رغم التأكيد المزدوج.,محايد,استياء واضح من تناقض بين التأكيد والواقع,شكوى,غضب,4,لا,0,محايد,سلبي,مرتبط,نعم,نعم,مرتفع,التناقض الصارخ بين تأكيد مزدوج وإلغاء لاحق يجعل الاستياء مباشرًا ويرفع احتمالية التصعيد.,Dataset4_1000
400,والله سهلوا علي كثير، قدرت أعدل الموعد من التطبيق بدون ما أتصل بحد.,الوسطى,احتاج عميل لتعديل موعد حجز سابق، وتمكن من ذلك بسهولة عبر التطبيق دون الحاجة للاتصال بأي موظف.,مدح,رضا حقيقي عن سهولة إجراء ذاتي,شكر,رضا,2,لا,0,إيجابي,إيجابي,مرتبط,نعم,لا,منخفض,السهولة الفعلية في التعديل الذاتي دون تدخل بشري تجعل الرضا صادقًا وموضوعيًا.,Dataset4_1000
401,طيب ليش أدفع رسوم إلغاء وأنا ألغيت قبل الموعد بثلاثة أيام كاملة؟,الحجازية,ألغى عميل حجزًا قبل ثلاثة أيام من الموعد المحدد، لكنه فوجئ بخصم رسوم إلغاء رغم المدة الكافية المتبقية.,محايد,استياء مباشر من تطبيق رسوم غير منطقية زمنيًا,شكوى,استياء,3,لا,0,محايد,سلبي,مرتبط,نعم,نعم,متوسط,المدة الكافية المتبقية قبل الموعد تجعل تطبيق رسوم الإلغاء غير منطقي، وهذا يبرر الاستياء المباشر.,Dataset4_1000
402,عساها آخر مرة، جيت للموعد ولقيت الطبيب مو موجود أصلًا اليوم.,الشرقية,حضر عميل موعدًا طبيًا محجوزًا مسبقًا، لكنه فوجئ بغياب الطبيب المعني في ذلك اليوم دون أي إشعار مسبق.,سلبي,استياء مباشر من إهمال في تنسيق المواعيد,شكوى,غضب,4,لا,0,سلبي,سلبي,مرتبط,نعم,نعم,مرتفع,غياب الطبيب دون إشعار مسبق لموعد مؤكد يجعل الاستياء منطقيًا ويرفع احتمالية التصعيد بشكل كبير.,Dataset4_1000
403,يا سلام، ذكروني بالموعد قبل يوم كامل بدل ساعة بس زي العادة.,الجنوبية,أرسلت جهة حجوزات تذكيرًا مبكرًا بيوم كامل عن الموعد بدلاً من التذكير المعتاد بساعة واحدة فقط قبل الموعد.,مدح,رضا حقيقي عن تحسن في توقيت التذكير,شكر,رضا,2,لا,0,إيجابي,إيجابي,مرتبط,نعم,لا,منخفض,التحسن الفعلي في توقيت التذكير مقارنة بالمعتاد سابقًا يجعل الرضا صادقًا وموضوعيًا.,Dataset4_1000
404,طيب ليش أحجز موعد وأوصل وألقى طابور كأنه ما فيه نظام حجز أصلًا؟,الشمالية,حجز عميل موعدًا مسبقًا في عيادة، لكنه فوجئ بطابور طويل عند الوصول وكأن نظام الحجز المسبق غير مطبق فعليًا.,سلبي,استياء مباشر من عدم فعالية نظام الحجز المسبق,شكوى,نفاد صبر,3,لا,0,سلبي,سلبي,مرتبط,نعم,نعم,متوسط,التناقض بين وجود نظام حجز مسبق ووجود طابور فعلي يجعل الاستياء منطقيًا ومباشرًا.,Dataset4_1000
405,عاشت الأيادي، بعثوا لي رابط تسجيل دخول مبكر قبل الموعد بربع ساعة، وفر علي وقت.,سعودية عامة,أرسلت عيادة رابط تسجيل دخول إلكتروني مسبق قبل الموعد بربع ساعة، مما وفر على العميل وقت الانتظار في الاستقبال.,مدح,رضا حقيقي عن ميزة عملية توفر الوقت فعليًا,شكر,رضا,2,لا,0,إيجابي,إيجابي,مرتبط,نعم,لا,منخفض,الفائدة العملية الفعلية لهذه الميزة الموصوفة في السياق تجعل الرضا صادقًا ومباشرًا.,Dataset4_1000
406,للأسف اتصلت أأكد الحجز ولقيت الرقم المذكور بالإيميل غير صحيح أصلًا.,الوسطى,حاول عميل تأكيد حجز عبر الاتصال بالرقم المذكور في بريد التأكيد، لكنه اكتشف أن الرقم غير صحيح أو غير موجود.,سلبي,استياء مباشر من خطأ في معلومات الاتصال المرسلة,شكوى,إحباط,3,لا,0,سلبي,سلبي,مرتبط,نعم,نعم,متوسط,الخطأ الفعلي في معلومات الاتصال الأساسية يجعل الاستياء منطقيًا ومباشرًا دون أي غموض.,Dataset4_1000
407,عجيب، نفس الموعد أقدر أحجزه بثلاث طرق مختلفة وكل طريقة تعطيني سعر مختلف.,الحجازية,لاحظ عميل أن حجز نفس الموعد عبر التطبيق أو الموقع أو الهاتف يعطي أسعارًا مختلفة لنفس الخدمة بالضبط.,محايد,استغراب واستياء من تضارب في التسعير بين القنوات,استفسار,ارتباك,2,نعم,2,محايد,سلبي,مرتبط جزئيًا,نعم,نعم,منخفض,كلمة عجيب هنا تحمل سخرية خفيفة من عدم توحيد الأسعار بين قنوات الحجز المختلفة لنفس الخدمة.,Dataset4_1000
408,والله ريحوني، صار فيه خيار تأجيل الموعد بضغطة واحدة بدل ما ألغي وأحجز من جديد.,الشرقية,أضافت جهة حجوزات خاصية تأجيل الموعد مباشرة بدلاً من إلغائه وإعادة حجزه من الصفر كما كان معتادًا سابقًا.,مدح,رضا حقيقي عن تبسيط إجراء كان معقدًا سابقًا,شكر,ارتياح,2,لا,0,إيجابي,إيجابي,مرتبط,نعم,لا,منخفض,المقارنة الضمنية بإجراء معقد سابق تعزز صدق الرضا عن التبسيط الحالي للخدمة.,Dataset4_1000
409,طيب ليش المنصة تطلب توثيق الهوية من جديد وأنا موثق من سنتين؟,الجنوبية,طلبت منصة حكومية إلكترونية من مستخدم إعادة توثيق هويته رغم أن توثيقه السابق لا يزال ساري المفعول منذ سنتين.,محايد,استياء مباشر من طلب إجراء غير مبرر ومكرر,شكوى,استياء,2,لا,0,محايد,سلبي,مرتبط,نعم,نعم,منخفض,طلب إعادة توثيق غير مبرر لهوية سارية المفعول يجعل الاستياء منطقيًا ومباشرًا دون أي غموض.,Dataset4_1000
410,أبشركم، صار فيه ترجمة تلقائية للمستندات داخل المنصة، وفر علي وقت كبير.,الشمالية,أضافت منصة حكومية رقمية خاصية ترجمة تلقائية للمستندات، مما وفر على المستخدم وقتًا كان يحتاجه سابقًا للترجمة يدويًا.,مدح,رضا حقيقي عن ميزة عملية توفر وقتًا فعليًا,شكر,رضا,2,لا,0,إيجابي,إيجابي,مرتبط,نعم,لا,منخفض,الفائدة العملية الفعلية لهذه الميزة الموصوفة في السياق تجعل الرضا صادقًا ومباشرًا.,Dataset4_1000
411,سبحان الله، رقم المعاملة يقول مكتملة بس الوثيقة نفسها ما نزلت للتحميل.,سعودية عامة,أظهرت منصة حكومية حالة معاملة العميل كمكتملة، لكن الوثيقة النهائية لم تكن متاحة للتحميل فعليًا رغم ذلك.,محايد,استياء من تناقض بين حالة المعاملة والنتيجة الفعلية,شكوى,قلق,3,لا,0,محايد,سلبي,مرتبط,نعم,نعم,متوسط,التناقض الواضح بين حالة الإتمام والواقع يجعل الاستياء المعبر عنه مباشرًا ومبررًا.,Dataset4_1000
412,عاشت الأيادي، الدعم عبر المحادثة النصية رد علي بأقل من دقيقة رغم إنه مساءً متأخر.,الوسطى,تواصل مستخدم مع دعم منصة حكومية عبر المحادثة النصية في وقت متأخر من الليل، وتفاجأ بسرعة الرد رغم التوقيت غير المعتاد.,مدح,رضا حقيقي يفوق التوقع بسبب التوقيت,شكر,فرح,2,لا,0,إيجابي,إيجابي,مرتبط,نعم,لا,منخفض,التوقيت المتأخر غير المعتاد يجعل سرعة الرد مفاجأة إيجابية حقيقية تستحق الرضا الصادق.,Dataset4_1000
413,طيب ليش ما فيه إشعار لما تنتهي صلاحية وثيقة رسمية قبل ما تفوت المدة؟,الحجازية,اكتشف مستخدم انتهاء صلاحية وثيقة رسمية دون أي تنبيه مسبق من المنصة، مما اضطره لإجراءات تجديد إضافية.,محايد,اقتراح تحسين يحمل استياءً من غياب التنبيه,اقتراح,قلق,2,لا,0,محايد,سلبي,مرتبط جزئيًا,نعم,نعم,منخفض,غياب آلية تنبيه استباقي منطقية يجعل الاقتراح يحمل انتقادًا ضمنيًا لتصميم الخدمة الحالي.,Dataset4_1000
414,والله فرحت، خدمة تجديد الرخصة صارت تاخذ دقايق بدل ما كانت تاخذ يوم كامل.,الشرقية,لاحظ مستخدم تحسنًا كبيرًا في سرعة إجراء تجديد رخصة قيادة إلكترونيًا مقارنة بتجربته السابقة التي استغرقت يومًا كاملاً.,مدح,فرح حقيقي بتحسن كبير وملموس في الإجراء,شكر,فرح,3,لا,0,إيجابي,إيجابي,مرتبط,نعم,لا,منخفض,المقارنة الزمنية الواضحة بتجربة سابقة أبطأ تعزز صدق الفرح عن التحسن الحالي في سرعة الإجراء.,Dataset4_1000
415,عجيب، نفس المعاملة اتطلبت مني مرتين رغم إني دفعت الرسوم مرة وحدة بس.,الجنوبية,طلبت منصة حكومية من مستخدم إعادة تقديم نفس المعاملة رغم دفعه للرسوم مرة واحدة فقط لنفس الطلب.,محايد,استياء واضح من تكرار طلب معاملة مدفوعة سابقًا,شكوى,استياء,3,لا,0,محايد,سلبي,مرتبط,نعم,نعم,متوسط,تكرار طلب معاملة سبق دفع رسومها يجعل الاستياء منطقيًا ومباشرًا دون الحاجة لأي تفسير إضافي.,Dataset4_1000
416,يا هلا، ممكن أطلب موعد سفارة من المنصة نفسها بدون ما أروح موقع ثاني؟,الشمالية,اكتشف مستخدم أن منصة حكومية موحدة تتيح الآن حجز مواعيد السفارات مباشرة دون الحاجة لزيارة موقع منفصل كما كان سابقًا.,محايد,استفسار يحمل استحسانًا لتوحيد الخدمات في مكان واحد,استفسار,رضا,2,لا,0,إيجابي,إيجابي,مرتبط,نعم,لا,منخفض,الاستفسار هنا يحمل استحسانًا حقيقيًا لخدمة موحدة تسهل الوصول لخدمات متعددة من مكان واحد.,Dataset4_1000
417,للأسف رفض الطلب وما وضحوا السبب غير عبارة عامة ما تفيد بشي.,سعودية عامة,رُفض طلب معاملة حكومية لمستخدم، وجاء سبب الرفض بصيغة عامة جدًا دون تفاصيل كافية لفهم المشكلة الفعلية.,سلبي,استياء مباشر من غموض سبب الرفض,شكوى,إحباط,3,لا,0,سلبي,سلبي,مرتبط,نعم,نعم,متوسط,غياب تفاصيل واضحة لسبب الرفض يجعل الاستياء منطقيًا ومباشرًا دون الحاجة لأي تأويل إضافي.,Dataset4_1000
418,تسلمون، صار فيه خاصية حفظ المستندات المرفوعة سابقًا بدل ما أرفعها كل مرة من جديد.,الوسطى,أضافت منصة حكومية خاصية حفظ المستندات المرفوعة مسبقًا، مما وفر على المستخدم إعادة رفعها في كل معاملة جديدة كما كان سابقًا.,مدح,رضا حقيقي عن تبسيط إجراء متكرر ومزعج سابقًا,شكر,رضا,2,لا,0,إيجابي,إيجابي,مرتبط,نعم,لا,منخفض,المقارنة الضمنية بإجراء متكرر ومزعج سابقًا تعزز صدق الرضا عن التبسيط الحالي للخدمة.,Dataset4_1000
419,طيب ليش رسوم الخدمة تختلف حسب طريقة الدفع، أدفع فيزا أرخص من أدفع أبل باي؟,الحجازية,لاحظ مستخدم فرقًا في الرسوم المحتسبة على نفس المعاملة الحكومية حسب طريقة الدفع المستخدمة دون تفسير واضح لهذا الفرق.,محايد,استياء واستغراب من تباين غير مبرر في الرسوم,استفسار,ارتباك,2,لا,0,محايد,سلبي,مرتبط,نعم,نعم,منخفض,الاستفسار هنا موضوعي ويحمل استغرابًا منطقيًا من تباين رسوم غير مفسر بين طرق الدفع المختلفة.,Dataset4_1000
420,والله سهلوا الإجراءات كثير، صرت أخلص معاملتي وأنا في طريقي للشغل بدون ما أوقف السيارة حتى.,الشرقية,أصبح بإمكان مستخدم إنجاز معاملة حكومية بالكامل عبر الهاتف أثناء تنقله اليومي دون الحاجة للتوقف أو زيارة مكتب.,مدح,رضا حقيقي عن سهولة عملية تناسب نمط حياة سريع,شكر,ارتياح,2,لا,0,إيجابي,إيجابي,مرتبط,نعم,لا,منخفض,السهولة الفعلية الموصوفة في السياق والمتناسبة مع نمط حياة سريع تجعل الرضا صادقًا وواضحًا.,Dataset4_1000
421,طيب ليش يجددون الاشتراك تلقائيًا وأنا ألغيت التجديد التلقائي من شهرين؟,الجنوبية,ألغى مشترك خاصية التجديد التلقائي لاشتراكه قبل شهرين، لكنه فوجئ بتجديد تلقائي للاشتراك وخصم للمبلغ رغم الإلغاء.,سلبي,استياء مباشر من خلل يخالف إعداد صريح للمستخدم,شكوى,غضب,4,لا,0,سلبي,سلبي,مرتبط,نعم,نعم,مرتفع,مخالفة إعداد صريح قام به المستخدم بنفسه تجعل الاستياء مباشرًا ويرفع احتمالية التصعيد بشكل كبير.,Dataset4_1000
422,عاشت الأيادي، عطوني شهر مجاني تعويض عن انقطاع الخدمة الأسبوع اللي طاف.,الشمالية,قدمت شركة اشتراكات تعويضًا استباقيًا بشهر مجاني لمشترك بعد انقطاع الخدمة أسبوعًا كاملاً دون أن يطلب هو ذلك.,مدح,امتنان حقيقي لمبادرة تعويض استباقية وسخية,شكر,امتنان,3,لا,0,إيجابي,إيجابي,مرتبط,نعم,لا,منخفض,المبادرة الاستباقية والسخية غير المتوقعة تجعل الامتنان المعبر عنه صادقًا وعميقًا.,Dataset4_1000
423,سبحان الله، كل باقة أشترك فيها يطلع فيها شرط مخفي ما كان واضح من البداية.,سعودية عامة,اشترك مستخدم في عدة باقات خدمات رقمية مختلفة، واكتشف في كل مرة شروطًا لم تكن واضحة عند الاشتراك الأولي.,محايد,استياء متكرر من غياب الشفافية في عرض الشروط,شكوى,استياء,3,لا,0,محايد,سلبي,مرتبط,نعم,نعم,متوسط,تكرار نفس المشكلة عبر باقات مختلفة يعزز مصداقية الشكوى ويجعل الاستياء منطقيًا ومباشرًا.,Dataset4_1000
424,يا سلام، صار فيه خيار تجميد الاشتراك مؤقتًا بدل الإلغاء الكامل.,الوسطى,أضافت شركة خدمات رقمية خيار تجميد مؤقت للاشتراك بدلاً من الإلغاء الكامل، مما يناسب حاجة العميل لفترة توقف مؤقتة.,مدح,استحسان حقيقي لخيار عملي ومرن جديد,مدح,رضا,2,لا,0,إيجابي,إيجابي,مرتبط,لا,لا,منخفض,المرونة العملية الفعلية لهذا الخيار الجديد تجعل الاستحسان صادقًا وموضوعيًا دون أي مبالغة.,Dataset4_1000
425,طيب ليش السعر المعلن في الإعلان يختلف عن السعر اللي طلع لي عند الدفع؟,الحجازية,شاهد عميل إعلانًا لباقة اشتراك بسعر معين، لكن عند إتمام عملية الاشتراك الفعلية ظهر له سعر أعلى دون تفسير.,محايد,استياء مباشر من تضليل إعلاني محتمل,شكوى,استياء,3,لا,0,محايد,سلبي,مرتبط,نعم,نعم,متوسط,التناقض الواضح بين السعر المعلن والسعر الفعلي عند الدفع يجعل الاستياء منطقيًا ومباشرًا.,Dataset4_1000
426,والله ما توقعت، اتصلوا يسألوني ليش ألغيت الاشتراك عشان يحسّنون الخدمة.,الشرقية,ألغى مشترك اشتراكه في خدمة معينة، فتفاجأ باتصال من الشركة يسأل عن سبب الإلغاء بهدف فهم وتحسين الخدمة فعليًا.,مدح,تقدير حقيقي لمبادرة استماع صادقة بعد الإلغاء,شكر,ارتياح,2,لا,0,إيجابي,إيجابي,مرتبط,لا,لا,منخفض,المبادرة الفعلية لفهم سبب الإلغاء بهدف التحسين تجعل التقدير المعبر عنه صادقًا وليس مجاملة.,Dataset4_1000
427,عجيب، أشترك ببرنامج ولاء وألقى نقاطي تنتهي صلاحيتها قبل ما أقدر أستخدمها.,الجنوبية,اشترك عميل في برنامج ولاء لجمع النقاط، لكن النقاط المتراكمة انتهت صلاحيتها قبل أن يتمكن من استبدالها بأي مكافأة.,محايد,استياء واستغراب من مدة صلاحية قصيرة وغير عملية,شكوى,خيبة أمل,3,لا,0,محايد,سلبي,مرتبط,نعم,نعم,منخفض,قصر مدة الصلاحية العملية يجعل الاستغراب هنا استياءً حقيقيًا من تصميم برنامج غير عملي للعميل.,Dataset4_1000
428,عساها بداية زينة، صار فيه فاتورة موحدة لكل الخدمات بدل فاتورة لكل خدمة لحالها.,الشمالية,وحّدت شركة خدمات فواتير اشتراكات متعددة كان يدفعها العميل منفصلة سابقًا في فاتورة واحدة مبسطة.,مدح,استحسان حقيقي لتبسيط عملي في إدارة الفواتير,شكر,رضا,2,لا,0,إيجابي,إيجابي,مرتبط,لا,لا,منخفض,التبسيط العملي الفعلي الموصوف في السياق يجعل الاستحسان صادقًا وموضوعيًا دون أي مبالغة.,Dataset4_1000
429,طيب ليش يصعب علي إيقاف تجربة مجانية قبل ما تتحول تلقائيًا لاشتراك مدفوع؟,سعودية عامة,اشترك مستخدم في تجربة مجانية لخدمة رقمية، وواجه صعوبة في العثور على خيار إيقافها قبل تحولها تلقائيًا لاشتراك مدفوع.,محايد,استياء مباشر من تصميم يصعّب إيقاف التجربة المجانية,شكوى,قلق,3,لا,0,محايد,سلبي,مرتبط,نعم,نعم,متوسط,الصعوبة الفعلية في إيقاف التجربة المجانية تجعل الاستياء منطقيًا ومباشرًا دون الحاجة لتفسير إضافي.,Dataset4_1000
430,يا هلا، عطوني خصم تلقائي لما لاحظوا إني مشترك بأكثر من خدمة عندهم.,الوسطى,لاحظت شركة خدمات أن عميلًا مشترك في أكثر من خدمة لديها، فطبقت له خصمًا تلقائيًا دون أن يطلب ذلك.,مدح,رضا حقيقي عن مبادرة تقدير استباقية للعميل الدائم,شكر,رضا,3,لا,0,إيجابي,إيجابي,مرتبط,لا,لا,منخفض,المبادرة الاستباقية غير المطلوبة الموصوفة في السياق تجعل الرضا المعبر عنه صادقًا ومباشرًا.,Dataset4_1000
431,والله محتار، رسالة تقول اشتراكي انتهى بس التطبيق لسا يشتغل عادي بكل مزاياه.,الحجازية,استلم مشترك رسالة تفيد بانتهاء اشتراكه، لكن التطبيق استمر بالعمل بكامل مزاياه دون أي قيود رغم الرسالة.,محايد,ارتباك من تناقض بين رسالة النظام والواقع الفعلي,استفسار,ارتباك,2,لا,0,محايد,محايد,مرتبط,نعم,لا,منخفض,الارتباك هنا حقيقي وموضوعي نتيجة تناقض تقني، ولا يحمل أي دلالة على غضب أو سخرية.,Dataset4_1000
432,قدها.,سعودية عامة,سأل صديق المتحدث إذا يقدر يتحمل مسؤولية تنظيم رحلة جماعية، فرد بثقة لأنه فعلًا متحمس ومستعد.,محايد,قبول حقيقي وحماس صادق للمهمة,قبول,حياد,2,لا,0,محايد,إيجابي,مرتبط,لا,لا,منخفض,الثقة الموصوفة في السياق تدعم أن الرد تعبير صادق عن استعداد حقيقي وليس مجاملة.,Dataset4_1000
433,قدها.,الوسطى,كلّف مدير موظفًا مرهقًا بمهمة إضافية كبيرة في آخر يوم قبل إجازته المخطط لها منذ أشهر.,محايد,قبول مجامل يخفي إرهاقًا واستياءً حقيقيين,قبول,إحباط,3,لا,0,محايد,سلبي,مرتبط جزئيًا,لا,لا,منخفض,توقيت التكليف غير المناسب قبل إجازة مخطط لها يجعل القبول اللفظي يخفي استياءً لم يُصرَّح به مباشرة.,Dataset4_1000
434,الله يبارك فيك.,الحجازية,ساعد جار المتحدث في نقل غرض ثقيل لشقته الجديدة دون أن يُطلب منه ذلك.,مدح,دعاء حقيقي وامتنان صادق لمساعدة تطوعية,شكر,امتنان,3,لا,0,إيجابي,إيجابي,مرتبط,لا,لا,منخفض,المساعدة التطوعية الفعلية غير المطلوبة تجعل الدعاء صادقًا ومباشرًا دون أي التباس.,Dataset4_1000
435,الله يبارك فيك.,الشرقية,أرسل مورد فاتورة بمبلغ أعلى من المتفق عليه شفهيًا دون أي تفسير واضح لسبب الزيادة.,مدح,سخرية من محاولة زيادة السعر دون مبرر,سخرية,استياء,3,نعم,3,إيجابي,سلبي,غير مرتبط,لا,نعم,متوسط,الدعاء الظاهري يتحول إلى سخرية بسبب موقف سلبي واضح يخص زيادة غير مبررة في السعر المتفق عليه.,Dataset4_1000
436,خذ راحتك.,الجنوبية,طلب صديق مهلة إضافية لإعادة غرض استعاره، فوافق المتحدث بصدر رحب لأنه فعلًا لا يحتاجه حاليًا.,محايد,موافقة حقيقية بدون أي ضغط أو استياء,قبول,حياد,1,لا,0,محايد,محايد,مرتبط,لا,لا,منخفض,عدم الحاجة الفعلية للغرض المذكورة في السياق تجعل الموافقة صادقة وخالية من أي تحفظ.,Dataset4_1000
437,خذ راحتك.,الشمالية,تأخر زميل عمل للمرة الثالثة في تسليم جزء من مشروع مشترك يعتمد عليه باقي الفريق لإكمال عملهم.,محايد,عبارة تهكمية تخفي نفاد صبر حقيقي,سخرية,نفاد صبر,3,نعم,3,محايد,سلبي,غير مرتبط,لا,لا,متوسط,تكرار التأخير للمرة الثالثة يجعل عبارة التساهل الظاهرية سخرية تخفي نفاد صبر حقيقي من الزميل.,Dataset4_1000
438,ما فيه داعي تشرح أكثر من كذا.,سعودية عامة,شرح موظف لمديره تفاصيل مشروع بشكل واضح ومقنع من أول محاولة، فأكد المدير أن الشرح كافٍ وواضح.,محايد,تأكيد حقيقي لوضوح الشرح المقدم,حياد,رضا,2,لا,0,محايد,إيجابي,مرتبط,لا,لا,منخفض,وضوح الشرح الفعلي الموصوف في السياق يجعل العبارة تأكيدًا صادقًا وليس رفضًا للاستماع.,Dataset4_1000
439,ما فيه داعي تشرح أكثر من كذا.,الوسطى,حاول موظف تبرير خطأ فادح تسبب في خسارة مالية للشركة، فقاطعه مديره بهذه العبارة بنبرة غاضبة.,محايد,رفض غاضب للاستماع لمزيد من التبريرات,رفض,غضب,4,لا,0,محايد,سلبي,مرتبط جزئيًا,لا,لا,متوسط,خطورة الخطأ الموصوفة في السياق تجعل العبارة رفضًا غاضبًا لسماع مزيد من التبريرات وليست تأكيدًا هادئًا.,Dataset4_1000
440,جهزنا كل شي.,الحجازية,أنهى فريق تنظيم فعالية جميع الترتيبات بدقة قبل يوم من الموعد، وأكد أحد الأعضاء جاهزية الفريق التامة.,محايد,تأكيد حقيقي وصادق لجاهزية فعلية,حياد,ارتياح,2,لا,0,محايد,إيجابي,مرتبط,لا,لا,منخفض,الجاهزية الفعلية الموصوفة في السياق تجعل التأكيد صادقًا ومباشرًا دون أي مبالغة.,Dataset4_1000
441,جهزنا كل شي.,الشرقية,سأل عميل موظف مبيعات عن مدى استعداد الفريق لتسليم مشروع كبير غدًا رغم معرفة الموظف بوجود نواقص كثيرة لم تُحل بعد.,محايد,تطمين غير صادق يخفي نواقص حقيقية,تبرير,قلق,3,لا,0,محايد,سلبي,غير مرتبط,لا,لا,متوسط,معرفة الموظف بوجود نواقص فعلية تجعل التأكيد بالجاهزية التامة تطمينًا غير صادق يخفي قلقًا حقيقيًا.,Dataset4_1000
442,والله يستاهل كل هالمديح.,الجنوبية,قدّم زميل عملاً متميزًا فعلًا حظي بإشادة الجميع في الفريق بشكل مستحق وموضوعي.,مدح,مدح حقيقي وصادق يعكس استحقاقًا فعليًا,مدح,تقدير,3,لا,0,إيجابي,إيجابي,مرتبط,لا,لا,منخفض,التميز الفعلي في العمل الموصوف في السياق يجعل المدح صادقًا ومستحقًا تمامًا دون أي مبالغة.,Dataset4_1000
443,والله يستاهل كل هالمديح.,الشمالية,حصل موظف على جائزة أفضل أداء رغم أن زملاءه يعرفون أن أداءه كان الأضعف هذا الربع بسبب تأخير مشاريع عدة.,مدح,سخرية من قرار تكريم غير مستحق,سخرية,استياء,3,نعم,3,إيجابي,سلبي,غير مرتبط,لا,لا,منخفض,معرفة الزملاء بضعف الأداء الفعلي تجعل عبارة المديح سخرية واضحة من قرار تكريم غير منطقي.,Dataset4_1000
444,لا تشيل هم.,سعودية عامة,طمأن صديق المتحدث بأنه سيهتم بأمر بسيط نيابة عنه دون أي عبء حقيقي عليه.,محايد,طمأنة حقيقية وصادقة,تهدئة,حياد,1,لا,0,محايد,محايد,مرتبط,لا,لا,منخفض,بساطة الأمر الفعلية الموصوفة في السياق تجعل الطمأنة صادقة وخالية من أي تكلف.,Dataset4_1000
445,لا تشيل هم.,الوسطى,اعتذر شخص عن عدم مقدرته على الوفاء بوعد مالي كان قد قطعه سابقًا لصديقه في وقت أزمته.,محايد,تجاوز مجامل يخفي خيبة أمل حقيقية,تهدئة,خيبة أمل,3,لا,0,محايد,سلبي,مرتبط جزئيًا,لا,لا,منخفض,عدم الوفاء بوعد في وقت الحاجة يجعل عبارة التجاوز تخفي خيبة أمل حقيقية لم يُصرَّح بها مباشرة.,Dataset4_1000
446,شكله تمام كذا.,الحجازية,راجع فريق عمل تصميمًا نهائيًا لمشروع واتفقوا جميعًا على أنه جاهز للتسليم بدون أي ملاحظات إضافية.,محايد,موافقة حقيقية ومقتنعة على نتيجة نهائية,قبول,رضا,2,لا,0,محايد,إيجابي,مرتبط,لا,لا,منخفض,الاتفاق الجماعي الفعلي الموصوف في السياق يجعل الموافقة صادقة ومقتنعة تمامًا.,Dataset4_1000
447,شكله تمام كذا.,الشرقية,اقترح مدير حلًا سريعًا لمشكلة معقدة دون دراسة كافية، فرد عليه موظف بهذه العبارة رغم شكوكه الحقيقية في جدوى الحل.,محايد,موافقة ظاهرية تخفي شكوكًا حقيقية,قبول,قلق,2,لا,0,محايد,سلبي,مرتبط جزئيًا,لا,لا,منخفض,الشكوك الحقيقية في جدوى الحل المذكورة في السياق تجعل الموافقة اللفظية تخفي قلقًا لم يُعبَّر عنه صراحة.,Dataset4_1000
448,الله يوفقك فيها.,الجنوبية,قرر صديق المتحدث بدء مشروعه الخاص بعد تخطيط دقيق ورأس مال كافٍ، فدعا له بالتوفيق بصدق.,مدح,دعاء حقيقي وصادق بالتوفيق,تشجيع,فرح,3,لا,0,إيجابي,إيجابي,مرتبط,لا,لا,منخفض,التخطيط الجيد والاستعداد الفعلي الموصوفان في السياق يجعلان الدعاء صادقًا ومشجعًا بحق.,Dataset4_1000
449,الله يوفقك فيها.,الشمالية,قرر زميل عمل ترك وظيفته المستقرة لخوض مشروع تجاري متسرع دون أي دراسة جدوى أو تخطيط مسبق واضح.,مدح,دعاء يحمل قلقًا حقيقيًا وتحفظًا مبطنًا,تحذير,قلق,2,لا,0,إيجابي,سلبي,مرتبط جزئيًا,لا,لا,منخفض,غياب التخطيط والدراسة الموصوف في السياق يجعل الدعاء الظاهري يحمل قلقًا حقيقيًا وتحفظًا غير معلن.,Dataset4_1000
450,توك تقول.,سعودية عامة,أخبر زميل المتحدث بمعلومة مهمة كان بحاجة إليها منذ فترة، فرد عليه بهذه العبارة معبرًا عن ارتياحه لمعرفتها أخيرًا.,محايد,ارتياح حقيقي لمعرفة معلومة كان بحاجتها,حياد,ارتياح,2,لا,0,محايد,إيجابي,مرتبط,لا,لا,منخفض,الحاجة الفعلية للمعلومة الموصوفة في السياق تجعل الرد تعبيرًا صادقًا عن الارتياح لا عتابًا.,Dataset4_1000
451,توك تقول.,الوسطى,أخبر زميل المتحدث بتغيير مهم في موعد تسليم مشروع بعد أن كان قد أنهى جزءه بناءً على الموعد القديم.,محايد,عتاب مباشر من تأخر إبلاغه بمعلومة مهمة,عتاب,استياء,3,لا,0,محايد,سلبي,مرتبط,لا,لا,منخفض,تأثر عمل المتحدث فعليًا بسبب تأخر المعلومة يجعل العبارة عتابًا مباشرًا وليس مجرد تعليق عابر.,Dataset4_1000
452,ما كل الناس يقدرون يردون بسرعة، أكيد عندهم أولويات ثانية أهم.,الوسطى,انتظر عميل ردًا من الدعم الفني لثلاثة أيام على استفسار بسيط، فعلق بهذه العبارة على منصة تواصل اجتماعي.,محايد,عدوانية غير مباشرة تخفي انتقادًا لترتيب الأولويات,لوم,استياء,3,نعم,2,محايد,سلبي,غير مرتبط,نعم,نعم,متوسط,الصياغة العامة الظاهرة تبدو تفهمًا، لكنها في الواقع انتقاد غير مباشر (Passive-Aggressive) لتأخر الرد الفعلي.,Dataset4_1000
453,عادي، مو أول مرة يصير كذا، اعتدنا.,الحجازية,تأخر تسليم مشروع للمرة الثالثة على التوالي من نفس المقاول دون أي تحسن ملحوظ في الأداء.,محايد,استسلام يخفي استياءً متراكمًا من نمط متكرر,تذمر,إحباط,3,لا,0,محايد,سلبي,مرتبط جزئيًا,لا,نعم,متوسط,كلمة اعتدنا هنا لا تعبر عن رضا بل عن استسلام مرير تجاه نمط تقصير متكرر لم يتغير رغم مرور الوقت.,Dataset4_1000
454,بعض الأشخاص يحتاجون تدريب إضافي قبل ما يتعاملون مع الزبائن مباشرة.,الشرقية,واجه عميل تعاملاً غير مهني من أحد موظفي الاستقبال في أحد الفروع، فكتب هذا التعليق العام في استبيان الرضا.,محايد,انتقاد غير مباشر موجه لموظف محدد دون ذكر اسمه,لوم,استياء,3,لا,0,محايد,سلبي,مرتبط جزئيًا,نعم,نعم,متوسط,الصياغة العامة تخفي انتقادًا مباشرًا لتعامل موظف معين شهده العميل شخصيًا في تجربته الأخيرة.,Dataset4_1000
455,والله أنا ما قلت شي، بس الكل لاحظ التأخير.,الجنوبية,علّق موظف بشكل غير مباشر على تأخر زميله المتكرر في الاجتماعات أمام بقية الفريق دون توجيه اللوم له مباشرة.,محايد,لوم غير مباشر مغلف بحيادية ظاهرية,لوم,استياء,2,لا,0,محايد,سلبي,مرتبط جزئيًا,لا,لا,منخفض,استخدام عبارة (أنا ما قلت شي) مع الإشارة لملاحظة الجميع يوجه لومًا غير مباشر دون تحمل مسؤولية القول مباشرة.,Dataset4_1000
456,أقدر أتفهم ضغط شغلكم، بس هذا مو مبرر يخلي جودة الخدمة تنزل.,الشمالية,لاحظ عميل تراجعًا في جودة خدمة شركة كانت ممتازة سابقًا، وعبّر عن ذلك بأسلوب يجمع بين التفهم والنقد المباشر.,سلبي,نقد مباشر ممزوج بتفهم ظاهري لكنه واضح المقصد,شكوى,استياء,3,لا,0,سلبي,سلبي,مرتبط,نعم,نعم,منخفض,التفهم الظاهري في بداية الجملة لا يخفي الانتقاد الصريح والمباشر الوارد في الجزء الثاني منها.,Dataset4_1000
457,ما أبي أكبر الموضوع، بس صار يتكرر أكثر من اللازم.,سعودية عامة,لاحظ عميل تكرار نفس الخطأ في فاتورته الشهرية لثلاث مرات متتالية، وأراد الإشارة لذلك دون مبالغة ظاهرية.,محايد,تحذير مهذب من تكرار مشكلة يستهين بها ظاهريًا,تحذير,استياء,2,لا,0,محايد,سلبي,مرتبط جزئيًا,نعم,نعم,منخفض,محاولة التهوين اللفظي (ما أبي أكبر الموضوع) لا تخفي تحذيرًا حقيقيًا من استمرار نمط الخطأ المتكرر.,Dataset4_1000
458,أعتقد إن في مجال للتحسين، بس مو الآن وقته للحديث عن التفاصيل.,الوسطى,قدّم موظف ملاحظة على أداء فريق في اجتماع رسمي، لكنه فضّل تأجيل التفاصيل لموعد آخر أكثر ملاءمة.,محايد,ملاحظة موضوعية مؤجلة بدون أي شحنة عاطفية سلبية,اقتراح,حياد,1,لا,0,محايد,محايد,مرتبط,لا,لا,منخفض,هذه حالة يوجد فيها معنى غير مباشر (تأجيل التفاصيل) لكن بدون أي سخرية أو استياء حقيقي كامن خلفها.,Dataset4_1000
459,ما فيه أحد كامل، بس تكرار نفس الغلطة يخلي الواحد يتساءل.,الحجازية,أخطأ موظف مرتين متتاليتين في نفس نوع التقارير المالية خلال شهر واحد رغم تنبيهه في المرة الأولى.,محايد,لوم مغلف بعبارة تسامح ظاهرية,لوم,استياء,2,لا,0,محايد,سلبي,مرتبط جزئيًا,لا,لا,منخفض,عبارة التسامح الافتتاحية (ما فيه أحد كامل) لا تخفي لومًا حقيقيًا موجهًا لتكرار نفس الخطأ رغم التنبيه السابق.,Dataset4_1000
460,عادي، بس أنا شخصيًا كنت أتوقع تعامل مختلف شوي بعد كل سنين ولائي.,الشرقية,شعر عميل دائم بخيبة أمل من تعامل روتيني تلقاه رغم سنوات طويلة من الولاء والتعامل المستمر مع نفس الشركة.,محايد,خيبة أمل مباشرة مغلفة بكلمة عادي في البداية,شكوى,خيبة أمل,3,لا,0,محايد,سلبي,مرتبط جزئيًا,نعم,نعم,منخفض,كلمة عادي الافتتاحية لا تخفي خيبة أمل حقيقية معبرًا عنها بوضوح في بقية الجملة بخصوص عدم تقدير الولاء.,Dataset4_1000
461,حبيت بس أوثق إن هذي أول مرة أواجه هالمشكلة معكم من ثلاث سنين تعامل.,الجنوبية,واجه عميل دائم منذ ثلاث سنوات مشكلة تقنية لأول مرة مع شركة كان تعامله معها سلسًا دائمًا.,محايد,ملاحظة موضوعية بدون أي استياء حقيقي كامن,استفسار,حياد,1,لا,0,محايد,محايد,مرتبط,نعم,لا,منخفض,هذه حالة يوجد فيها إشارة لموقف غير معتاد لكن بدون أي سخرية أو استياء عميق، فالجملة توثيق موضوعي بحت.,Dataset4_1000
462,ما راح أعلق أكثر من كذا، بس الأرقام تتكلم عن نفسها.,الشمالية,قدّم موظف تقريرًا يوضح تراجعًا واضحًا في أداء قسم معين دون أن يوجه اللوم مباشرة لأي شخص بعينه.,محايد,لوم غير مباشر مبني على بيانات موضوعية,لوم,استياء,2,لا,0,محايد,سلبي,مرتبط جزئيًا,لا,لا,منخفض,الإحالة إلى الأرقام كدليل موضوعي تخفي لومًا حقيقيًا غير مصرح به مباشرة تجاه المسؤولين عن التراجع.,Dataset4_1000
463,أشوف إن فيه فرق واضح بين وعودكم وبين اللي يصير فعليًا.,سعودية عامة,قارن عميل بين الوعود التسويقية لشركة خدمات وبين التجربة الفعلية التي حصل عليها بعد الاشتراك.,سلبي,نقد مباشر وواضح لفجوة بين الوعد والواقع,شكوى,استياء,3,لا,0,سلبي,سلبي,مرتبط,نعم,نعم,متوسط,الجملة نقد مباشر ومباشر تمامًا رغم عدم استخدام كلمات غاضبة صريحة، فالمعنى واضح ولا يحتاج تأويلاً.,Dataset4_1000
464,ما شاء الله عليكم في المتابعة، بس المتابعة وحدها ما تحل المشكلة.,الوسطى,تابعت شركة اتصالات حالة شكوى عميل بشكل مستمر عبر رسائل التحديث، لكن المشكلة الأساسية بقيت دون حل فعلي بعد أسبوعين.,مدح,تقدير جزئي للمتابعة مع نقد واضح لغياب الحل,شكوى,إحباط,3,لا,0,إيجابي,سلبي,مرتبط جزئيًا,نعم,نعم,متوسط,المدح على المتابعة صادق، لكن الجزء الثاني يحمل نقدًا صريحًا لعدم ترجمة المتابعة إلى حل فعلي للمشكلة.,Dataset4_1000
465,أعتقد إن التوقيت ما كان مناسب لهذا القرار، بس خلاص صار.,الحجازية,اتخذت الإدارة قرارًا بتقليص فريق عمل في فترة ذروة مشاريع، فعلّق أحد الموظفين بهذه العبارة الهادئة والموضوعية.,محايد,انتقاد موضوعي ومباشر لتوقيت القرار,لوم,استياء,2,لا,0,محايد,سلبي,مرتبط,لا,لا,منخفض,الجملة انتقاد مباشر وواضح لتوقيت القرار دون أي غموض أو حاجة لتأويل سياقي معقد.,Dataset4_1000
466,والله ما توقعت يصير فرق كبير بس صار، شكرًا لكم.,الشرقية,لاحظ عميل تحسنًا واضحًا وملموسًا في جودة خدمة كانت متوسطة سابقًا بعد تغييرات أجرتها الشركة.,مدح,شكر حقيقي مع تعبير عن مفاجأة إيجابية صادقة,شكر,فرح,3,لا,0,إيجابي,إيجابي,مرتبط,نعم,لا,منخفض,التحسن الفعلي الملموس الموصوف في السياق يجعل الشكر صادقًا ومباشرًا دون أي التباس أو سخرية.,Dataset4_1000
467,مو مشكلة كبيرة، بس لو صار بشكل متكرر بيأثر على ثقتي فيكم.,الجنوبية,واجه عميل خطأ ثانٍ من نوع مختلف في فاتورته خلال شهرين، وعبّر عن قلقه من استمرار هذا النمط مستقبلاً.,محايد,تحذير هادئ يخفي قلقًا حقيقيًا من فقدان الثقة,تحذير,قلق,3,لا,0,محايد,سلبي,مرتبط جزئيًا,نعم,نعم,متوسط,التهوين الظاهري (مو مشكلة كبيرة) لا يخفي تحذيرًا حقيقيًا وجديًا من تأثير تراكم الأخطاء على الثقة.,Dataset4_1000
468,خلاص، فهمت طريقة تفكيركم، بيني وبينكم بس.,الشمالية,لاحظ عميل نمطًا متكررًا في ردود الشركة على الشكاوى يميل دائمًا لتبرئة الشركة دون الاعتراف بالخطأ.,محايد,سخرية خفيفة جدًا من نمط تعامل متكرر,سخرية,استياء,2,نعم,2,محايد,سلبي,غير مرتبط,نعم,لا,منخفض,عبارة فهمت طريقة تفكيركم تحمل سخرية خفيفة جدًا يصعب اكتشافها دون معرفة نمط التعامل المتكرر في السياق.,Dataset4_1000
469,والله يعطيكم العافية على المجهود، بس صراحة أشوفه مجهود ناقص التنظيم.,سعودية عامة,بذل فريق عمل جهدًا واضحًا في تنظيم فعالية، لكن النتيجة النهائية افتقرت لتنظيم واضح رغم الجهد المبذول.,مدح,تقييم صريح يجمع بين تقدير الجهد ونقد التنظيم,لوم,خيبة أمل,2,لا,0,إيجابي,سلبي,مرتبط جزئيًا,لا,لا,منخفض,الجملة توازن صريح بين الاعتراف بالجهد المبذول والانتقاد المباشر لضعف التنظيم الفعلي دون أي سخرية.,Dataset4_1000
470,ما يصير أحكم من أول مرة، بس هذي الثانية وما زال نفس المستوى.,الوسطى,جرب عميل خدمة معينة مرتين متتاليتين، وكانت التجربة الثانية بنفس مستوى الأولى المتوسط دون أي تحسن ملحوظ.,محايد,استياء هادئ من ثبات مستوى غير مرضٍ,شكوى,خيبة أمل,2,لا,0,محايد,سلبي,مرتبط,نعم,لا,منخفض,المقارنة بين تجربتين متتاليتين بنفس المستوى المتوسط تجعل الاستياء منطقيًا دون أي مبالغة أو سخرية.,Dataset4_1000
471,أنا بس أسجل ملاحظة، مو شكوى، إن الرد تأخر أكثر من مرة.,الحجازية,لاحظ عميل تأخرًا متكررًا في ردود قسم معين عبر البريد الإلكتروني خلال الأسابيع الماضية.,محايد,ملاحظة موصوفة كموضوعية لكنها تحمل استياءً فعليًا,شكوى,استياء,2,لا,0,محايد,سلبي,مرتبط جزئيًا,نعم,نعم,منخفض,التصنيف الذاتي للجملة كملاحظة لا شكوى لا يغير من كونها تحمل استياءً حقيقيًا من تكرار التأخير.,Dataset4_1000
472,سبحان الله، نفس المادة بتدرس بطريقتين مختلفتين بين شعبتين.,الجنوبية,لاحظ طالب أن أسلوب شرح نفس المادة يختلف اختلافًا كبيرًا بين شعبتين مختلفتين لنفس المقرر، مما أثر على عدالة التقييم.,محايد,استياء من تفاوت غير مبرر في طريقة التدريس,شكوى,استياء,2,لا,0,محايد,سلبي,مرتبط,لا,نعم,منخفض,التفاوت الفعلي الموصوف بين الشعبتين يجعل الاستياء منطقيًا ومباشرًا دون أي مبالغة أو سخرية.,Dataset4_1000
473,والله المكتبة صارت أهدأ وأنظم من قبل، فرق واضح هالفصل.,الشمالية,لاحظ طالب تحسنًا ملموسًا في هدوء وتنظيم مكتبة الجامعة مقارنة بالفصول الدراسية السابقة.,مدح,استحسان حقيقي لتحسن ملموس في بيئة الدراسة,مدح,رضا,2,لا,0,إيجابي,إيجابي,مرتبط,لا,لا,منخفض,المقارنة الزمنية الواضحة بفصول سابقة أقل تنظيمًا تعزز صدق الاستحسان عن التحسن الحالي.,Dataset4_1000
474,عجيب كيف موعد تسليم المشروع يتغير كل أسبوع بشكل مختلف.,سعودية عامة,غيّر مشرف مشروع تخرج موعد التسليم النهائي ثلاث مرات خلال شهر واحد دون تفسير واضح لكل تغيير.,محايد,استياء واستغراب من تكرار تغيير المواعيد,شكوى,ارتباك,3,لا,0,محايد,سلبي,مرتبط,لا,نعم,متوسط,التكرار غير المبرر لتغيير الموعد يجعل الاستغراب هنا استياءً حقيقيًا من ضعف التنظيم الإداري.,Dataset4_1000
475,أشكر عمادة القبول على تسريع إجراءات تحويل التخصص هالمرة.,الوسطى,تقدّم طالب بطلب تحويل تخصص، وتمت الموافقة والإجراءات بسرعة غير معتادة مقارنة بتجارب زملائه السابقة.,مدح,امتنان حقيقي لسرعة إجراء إداري,شكر,رضا,2,لا,0,إيجابي,إيجابي,مرتبط,نعم,لا,منخفض,السرعة الفعلية غير المعتادة الموصوفة في السياق تجعل الامتنان صادقًا ومباشرًا.,Dataset4_1000
476,طيب ليه نظام التسجيل يفتح الساعة اثنا عشر بالليل بالضبط ونص الطلاب نايمين؟,الحجازية,يفتح نظام تسجيل المقررات الجامعية في منتصف الليل تمامًا، مما يجبر الطلاب على السهر لضمان الحصول على شعبهم المفضلة.,محايد,استياء مباشر من توقيت غير عملي لخدمة مهمة,شكوى,إحباط,2,لا,0,محايد,سلبي,مرتبط,لا,لا,منخفض,التوقيت غير العملي الموصوف في السياق يجعل الاستياء منطقيًا ومباشرًا دون الحاجة لأي تأويل إضافي.,Dataset4_1000
477,عساك بخير يا دكتور، بس درجة المشاركة صارت تعتمد على معايير غير واضحة لنا.,الشرقية,لاحظ طلاب أن معايير احتساب درجة المشاركة في مادة معينة غير واضحة أو موثقة بشكل رسمي لهم.,محايد,شكوى مهذبة تحمل استياءً من غياب الشفافية,شكوى,قلق,2,لا,0,محايد,سلبي,مرتبط جزئيًا,لا,نعم,منخفض,الدعاء الافتتاحي لا يخفي استياءً حقيقيًا من غياب معايير واضحة وموثقة لتقييم المشاركة.,Dataset4_1000
478,ما توقعت مكتب الإرشاد الأكاديمي يهتم بهالتفاصيل الدقيقة في خطتي الدراسية.,الجنوبية,راجع مرشد أكاديمي خطة دراسة طالب بدقة عالية واقترح تعديلات مفيدة لم يفكر فيها الطالب نفسه.,مدح,إعجاب حقيقي باهتمام دقيق يفوق التوقع,شكر,رضا,3,لا,0,إيجابي,إيجابي,مرتبط,نعم,لا,منخفض,الدقة الفعلية غير المتوقعة الموصوفة في السياق تجعل الإعجاب المعبر عنه صادقًا وموضوعيًا.,Dataset4_1000
479,والله فريقنا شغل الليلة كاملة عشان نسلم قبل الميعاد وطلع تأجل الميعاد أصلًا.,الشمالية,سهر فريق طلابي ليلة كاملة لإنجاز مشروع قبل الموعد النهائي، ثم فوجئوا بتأجيل الموعد من الدكتور بعد إنجازهم بالكامل.,سلبي,إحباط مباشر من جهد مبذول تبين عدم ضرورته,تذمر,إحباط,4,لا,0,سلبي,سلبي,مرتبط,لا,لا,متوسط,الجهد الفعلي المبذول تحت ضغط ثم اكتشاف عدم ضرورته يجعل الإحباط المعبر عنه مباشرًا ومبررًا تمامًا.,Dataset4_1000
480,عاشت الأيادي، الدكتور رجع لنا الواجبات مصححة بتعليقات مفيدة على كل صفحة.,سعودية عامة,صحح أستاذ جامعي واجبات طلابه بتعليقات تفصيلية ومفيدة على كل صفحة بدلاً من الاكتفاء بدرجة نهائية فقط.,مدح,تقدير حقيقي لمجهود تصحيح تفصيلي ومفيد,شكر,امتنان,3,لا,0,إيجابي,إيجابي,مرتبط,لا,لا,منخفض,التفصيل الفعلي في التصحيح الموصوف في السياق يجعل التقدير صادقًا وموضوعيًا دون أي مبالغة.,Dataset4_1000
481,للأسف حسيت إن رأينا كطلاب ما أخذ بعين الاعتبار في تعديل الخطة الدراسية.,الوسطى,شارك الطلاب برأيهم حول تعديل مقترح للخطة الدراسية عبر استبيان، لكن التعديل النهائي جاء مخالفًا تمامًا لما اقترحوه.,سلبي,خيبة أمل مباشرة من تجاهل رأي جماعي,شكوى,خيبة أمل,3,لا,0,سلبي,سلبي,مرتبط,لا,لا,منخفض,المخالفة الواضحة بين رأي الطلاب المجمّع والقرار النهائي تجعل خيبة الأمل مباشرة ومبررة تمامًا.,Dataset4_1000
482,والله جدول الاجتماعات هالأسبوع صار أخف بكثير، أشعر إني أقدر أشتغل فعلًا.,الحجازية,قلّلت إدارة قسم عدد الاجتماعات الأسبوعية بشكل ملحوظ بعد ملاحظات موظفين حول تأثيرها على الإنتاجية.,مدح,رضا حقيقي عن تغيير إداري ملموس ومفيد,شكر,رضا,3,لا,0,إيجابي,إيجابي,مرتبط,لا,لا,منخفض,التحسن الفعلي في الإنتاجية الموصوف في السياق يجعل الرضا المعبر عنه صادقًا وموضوعيًا.,Dataset4_1000
483,طيب ليه القرارات المهمة تطلع من اجتماعات ما نُدعى لها أصلًا؟,الشرقية,اكتشف موظف أن قرارات تخص فريقه مباشرة تُتخذ في اجتماعات لا يُدعى إليها أعضاء الفريق المعنيين.,محايد,استياء مباشر من استبعاد من قرارات تخصه,شكوى,استياء,3,لا,0,محايد,سلبي,مرتبط,لا,لا,متوسط,الاستبعاد الفعلي من قرارات مباشرة تخص عمله يجعل الاستياء منطقيًا ومباشرًا دون أي غموض.,Dataset4_1000
484,عاشت الأيادي، المدير دافع عنا قدام الإدارة العليا لما صار خلاف على تقييم المشروع.,الجنوبية,دافع مدير قسم عن فريقه أمام الإدارة العليا خلال نقاش حول تقييم مشروع، رغم إمكانية تجنب ذلك الموقف بسهولة.,مدح,امتنان حقيقي وصادق لموقف دعم فعلي,شكر,امتنان,4,لا,0,إيجابي,إيجابي,مرتبط,لا,لا,منخفض,الموقف الفعلي الداعم الموصوف في السياق يجعل الامتنان صادقًا وعميقًا دون أي مبالغة.,Dataset4_1000
485,سبحان الله، سياسة العمل عن بعد تغيرت ثلاث مرات خلال نفس الربع.,الشمالية,غيّرت الشركة سياسة العمل عن بعد ثلاث مرات خلال ثلاثة أشهر فقط، مما أربك خطط الموظفين الشخصية بشكل متكرر.,محايد,استياء واستغراب من تذبذب متكرر في السياسات,شكوى,ارتباك,3,لا,0,محايد,سلبي,مرتبط,لا,نعم,متوسط,التذبذب الفعلي المتكرر في السياسة خلال فترة قصيرة يجعل الاستغراب هنا استياءً حقيقيًا من ضعف الاستقرار الإداري.,Dataset4_1000
486,أقدر جهودكم في المشروع، بس صراحة توزيع المهام ما كان عادل بيننا.,سعودية عامة,لاحظ عضو فريق أن توزيع المهام في مشروع جماعي لم يكن متوازنًا، حيث تحمّل بعض الأعضاء عبئًا أكبر من غيرهم.,محايد,تقييم صريح يجمع بين التقدير وانتقاد التوزيع,شكوى,استياء,3,لا,0,محايد,سلبي,مرتبط,لا,لا,منخفض,الجملة توازن صريح بين تقدير الجهد الجماعي والانتقاد المباشر لعدالة توزيع المهام دون أي سخرية.,Dataset4_1000
487,والله المكتب الجديد فرق كبير، إضاءة أفضل ومساحة أوسع للتركيز.,الوسطى,انتقل فريق عمل لمكتب جديد أفضل تجهيزًا من ناحية الإضاءة والمساحة مقارنة بالمكتب القديم الضيق والمظلم.,مدح,رضا حقيقي عن تحسن ملموس في بيئة العمل,مدح,رضا,3,لا,0,إيجابي,إيجابي,مرتبط,لا,لا,منخفض,المقارنة الواضحة بالمكتب القديم تعزز صدق الرضا عن التحسن الفعلي في بيئة العمل الجديدة.,Dataset4_1000
488,طيب ليش نظام تقييم الأداء يعتمد على معايير ما تنطبق على طبيعة شغلنا أصلًا؟,الحجازية,استخدمت الإدارة نظام تقييم أداء موحد لجميع الأقسام، رغم أن بعض المعايير لا تتناسب مع طبيعة عمل قسم تقني معين.,محايد,استياء مباشر من عدم ملاءمة نظام تقييم عام,شكوى,استياء,3,لا,0,محايد,سلبي,مرتبط,لا,نعم,متوسط,عدم الملاءمة الفعلية بين معايير التقييم وطبيعة العمل يجعل الاستياء منطقيًا ومباشرًا دون أي مبالغة.,Dataset4_1000
489,أشكر فريق الموارد البشرية على سرعة معالجة طلب الإجازة الطارئة.,الشرقية,واجه موظف ظرفًا عائليًا طارئًا، وعالج قسم الموارد البشرية طلب إجازته الطارئة بسرعة ودون أي تعقيد إجرائي.,مدح,امتنان حقيقي لسرعة استجابة في ظرف حساس,شكر,امتنان,3,لا,0,إيجابي,إيجابي,مرتبط,لا,لا,منخفض,السرعة الفعلية في ظرف حساس وطارئ تجعل الامتنان المعبر عنه صادقًا وعميقًا.,Dataset4_1000
490,عجيب كيف كل مبادرة نطرحها تتم الموافقة عليها بس ما تُنفذ فعليًا أبدًا.,الجنوبية,طرح فريق عمل عدة مبادرات تحسينية حصلت على موافقة الإدارة مبدئيًا، لكن أيًا منها لم يُنفذ فعليًا على أرض الواقع.,محايد,سخرية من فجوة بين الموافقة والتنفيذ الفعلي,سخرية,إحباط,3,نعم,2,محايد,سلبي,مرتبط جزئيًا,لا,لا,متوسط,كلمة عجيب هنا تحمل سخرية واضحة من نمط متكرر يتمثل بالموافقة الشكلية دون أي تنفيذ فعلي على أرض الواقع.,Dataset4_1000
491,والله فخورين فيكم يا إدارة الجودة، لاحظنا فرق واضح بعد التدريب الأخير.,الشمالية,نظمت إدارة الجودة برنامج تدريب لموظفين، وظهر تحسن ملموس في جودة العمل بعد فترة قصيرة من التدريب.,مدح,تقدير حقيقي لأثر تدريبي فعلي وملموس,مدح,فخر,3,لا,0,إيجابي,إيجابي,مرتبط,لا,لا,منخفض,الأثر الفعلي الملموس للتدريب الموصوف في السياق يجعل التقدير صادقًا وموضوعيًا دون أي مبالغة.,Dataset4_1000
492,سبحان الله، نفس الطريق اللي أمشيه كل يوم صار فيه حفرة جديدة كل أسبوع.,سعودية عامة,لاحظ سائق ظهور حفر جديدة بشكل متكرر في نفس الطريق الذي يسلكه يوميًا دون أي إصلاح دائم من الجهة المسؤولة.,محايد,استياء واستغراب من تكرار المشكلة دون حل جذري,شكوى,إحباط,3,لا,0,محايد,سلبي,مرتبط,لا,نعم,منخفض,التكرار الفعلي للمشكلة دون حل دائم يجعل الاستغراب هنا استياءً حقيقيًا من غياب صيانة جذرية للطريق.,Dataset4_1000
493,والله جارنا الجديد إنسان محترم، ولا سمعنا منه صوت مزعج من يوم ما جا.,الوسطى,انتقل جار جديد لشقة مجاورة، وكان هادئًا ومحترمًا في تعامله منذ وصوله دون أي إزعاج يُذكر.,مدح,رضا حقيقي وصادق عن جار محترم,مدح,رضا,2,لا,0,إيجابي,إيجابي,مرتبط,لا,لا,منخفض,الهدوء الفعلي والاحترام الموصوفان في السياق يجعلان الرضا المعبر عنه صادقًا ومباشرًا.,Dataset4_1000
494,عساك بخير، بس هذي رابع مرة تنسى تجيب اللي طلبته منك.,الحجازية,طلب المتحدث من أخيه إحضار غرض معين من المتجر للمرة الرابعة، ونسيه الأخ في كل مرة سابقة رغم التذكير.,محايد,عتاب مباشر مغلف بدعاء افتتاحي,عتاب,نفاد صبر,2,لا,0,محايد,سلبي,غير مرتبط,لا,لا,منخفض,تكرار النسيان أربع مرات متتالية يجعل الدعاء الافتتاحي عتابًا حقيقيًا وليس مجرد تحية عابرة.,Dataset4_1000
495,يا سلام عليكم، أول مرة أشوف الطريق فاضي بهالوقت بالضبط.,الشرقية,فوجئ سائق بخلو الطريق من الازدحام المعتاد في وقت الذروة، وهو ما لم يحدث معه من قبل في نفس التوقيت.,إيجابي,استغراب إيجابي حقيقي من موقف نادر ومريح,حياد,ارتياح,2,لا,0,إيجابي,إيجابي,مرتبط,لا,لا,منخفض,الاستغراب هنا إيجابي وصادق تمامًا، فهو ناتج عن موقف نادر ومريح وليس سخرية من أي شيء.,Dataset4_1000
496,للأسف حسيت بخيبة أمل لما المطعم اللي حجزنا فيه اتضح إنه مقفول من شهر.,الجنوبية,حجزت مجموعة أصدقاء طاولة عبر تطبيق حجوزات لمطعم معين، لكنهم اكتشفوا عند الوصول أن المطعم مغلق نهائيًا منذ شهر كامل.,سلبي,خيبة أمل مباشرة من بيانات غير محدثة في التطبيق,شكوى,خيبة أمل,3,لا,0,سلبي,سلبي,مرتبط,نعم,نعم,منخفض,الفجوة الواضحة بين بيانات التطبيق والواقع الفعلي تجعل خيبة الأمل مباشرة ومبررة تمامًا دون أي مبالغة.,Dataset4_1000
497,عجيب كيف كل تعليق أكتبه على المنشور يوصله رد بعد يوم كامل بالظبط.,الشمالية,لاحظ مستخدم منصة تواصل اجتماعي نمطًا متكررًا لتأخر الردود على تعليقاته بمقدار يوم كامل في كل مرة.,محايد,استغراب واستياء خفيف من نمط تأخير متكرر,شكوى,نفاد صبر,2,نعم,2,محايد,سلبي,مرتبط جزئيًا,لا,لا,منخفض,تحديد النمط الزمني المتكرر بدقة يحمل سخرية خفيفة من بطء التفاعل المتكرر على المنصة.,Dataset4_1000
498,والله فرحانين لكم على الزواج، تستاهلون كل خير وسعادة.,سعودية عامة,تزوج صديق مقرب للمتحدث بعد فترة خطوبة طويلة، فهنأه أصدقاؤه بصدق وفرح حقيقي بهذه المناسبة السعيدة.,مدح,تهنئة حقيقية وصادقة بمناسبة سعيدة,تشجيع,فرح,4,لا,0,إيجابي,إيجابي,مرتبط,لا,لا,منخفض,المناسبة السعيدة الحقيقية الموصوفة في السياق تجعل التهنئة صادقة تمامًا دون أي التباس.,Dataset4_1000
499,طيب ليه كل مرة أطلب توصيل من نفس المنطقة يطلع السعر مختلف حسب الوقت؟,الوسطى,لاحظ عميل تطبيق توصيل أن سعر نفس الرحلة لنفس المسافة يتغير بشكل كبير حسب وقت الطلب دون تفسير واضح للمعايير.,محايد,استفسار يحمل استياءً من تسعير متغير وغير واضح,استفسار,ارتباك,2,لا,0,محايد,سلبي,مرتبط جزئيًا,نعم,نعم,منخفض,الاستفسار المباشر يحمل استياءً خفيفًا من غياب شفافية واضحة حول آلية تغير الأسعار حسب الوقت.,Dataset4_1000
500,عاشت الأيادي على تنظيم السوق الخيري، أحسن دورة أحضرها من زمان.,الحجازية,حضر شخص فعالية سوق خيري كانت منظمة بشكل ممتاز من ناحية المساحات والخدمات مقارنة بدورات سابقة حضرها.,مدح,إعجاب حقيقي بتنظيم متميز مقارنة بتجارب سابقة,مدح,فرح,3,لا,0,إيجابي,إيجابي,مرتبط,لا,لا,منخفض,المقارنة الضمنية بدورات سابقة أقل تنظيمًا تعزز صدق الإعجاب بالتنظيم المتميز لهذه الدورة تحديدًا.,Dataset4_1000
501,اتصلت أسأل عن سبب توقف الخط، قالوا فاتورة متأخرة وأنا دافع أول بأول.,الوسطى,فوجئ مشترك بقطع خدمة الهاتف بسبب فاتورة وصفتها الشركة بالمتأخرة، رغم أن سجل مدفوعاته يظهر التزامًا منتظمًا شهريًا.,محايد,استياء مباشر من خطأ إداري في تصنيف حالة الدفع,شكوى,قلق,3,لا,0,محايد,سلبي,مرتبط,نعم,نعم,متوسط,التناقض بين سجل الدفع المنتظم وقرار القطع الفعلي يجعل الاستياء منطقيًا ومباشرًا دون أي مبالغة.,Dataset4_1000
502,يا هلا فيكم، لقيت خيار تجربة الشبكة قبل التفعيل النهائي، فكرة تطمّن قبل الالتزام.,الحجازية,أتاحت شركة اتصالات للمشتركين الجدد فترة تجربة قصيرة لتغطية الشبكة قبل تفعيل الاشتراك النهائي بشكل كامل.,مدح,استحسان حقيقي لخيار يقلل مخاطرة القرار,مدح,رضا,2,لا,0,إيجابي,إيجابي,مرتبط,نعم,لا,منخفض,الفائدة العملية الفعلية لتقليل مخاطرة الاشتراك تجعل الاستحسان صادقًا وموضوعيًا دون أي مبالغة.,Dataset4_1000
503,سبحان الله، رصيدي البياني يخلص بثلاثة أيام رغم إني ما غيرت طريقة استخدامي.,الشرقية,لاحظ مشترك أن باقة بياناته الشهرية أصبحت تنفد خلال ثلاثة أيام فقط دون أي تغيير في نمط استخدامه المعتاد.,محايد,استغراب واستياء من استهلاك غير مبرر للباقة,شكوى,قلق,3,لا,0,محايد,سلبي,مرتبط,نعم,نعم,متوسط,ثبات نمط الاستخدام مع تغير سرعة الاستهلاك يجعل الاستغراب هنا استياءً منطقيًا يستحق المتابعة.,Dataset4_1000
504,عاشت الأيادي، رجعوا لي المبلغ المخصوم بالغلط قبل ما أشتكي أصلًا.,الجنوبية,اكتشف بنك خصمًا خاطئًا من حساب عميل، وقام بإعادته تلقائيًا قبل أن يلاحظ العميل الخطأ أو يقدم أي شكوى.,مدح,امتنان حقيقي لمبادرة تصحيح ذاتية واستباقية,شكر,امتنان,4,لا,0,إيجابي,إيجابي,مرتبط,نعم,لا,منخفض,المبادرة الذاتية للتصحيح قبل أي شكوى من العميل تجعل الامتنان صادقًا وعميقًا دون أي مبالغة.,Dataset4_1000
505,طيب ليه رسالة التنبيه توصل بعد ما تصير العملية مو قبلها؟,الشمالية,استلم عميل بنكي رسالة تنبيه بعملية سحب من حسابه بعد تنفيذها فعليًا بدل أن تصله قبل تأكيدها كإجراء أمني.,محايد,استياء مباشر من ضعف الفائدة الأمنية للتنبيه,شكوى,قلق,3,لا,0,محايد,سلبي,مرتبط,نعم,نعم,متوسط,توقيت التنبيه بعد التنفيذ يجعله عديم الفائدة أمنيًا، وهذا يبرر الاستياء المباشر دون أي تأويل معقد.,Dataset4_1000
506,والله فرحانة، لقيت خيار الدفع بالتقسيط داخل نفس صفحة السلة بدون ما أطلع لتطبيق ثاني.,سعودية عامة,أضاف متجر إلكتروني خيار تقسيط الدفع مباشرة داخل صفحة السلة، مما وفر على العميلة خطوات إضافية كانت معتادة سابقًا.,مدح,رضا حقيقي عن تبسيط عملي لإجراء الدفع,مدح,فرح,2,لا,0,إيجابي,إيجابي,مرتبط,نعم,لا,منخفض,التبسيط الفعلي الموصوف في السياق يجعل الرضا المعبر عنه صادقًا وموضوعيًا دون أي مبالغة.,Dataset4_1000
507,عجيب، صورة المنتج بالموقع فيها خمس ألوان بس المتاح فعليًا لون واحد بس.,الوسطى,عرض متجر إلكتروني صورة منتج بخمسة ألوان مختلفة، لكن عند محاولة الطلب اكتشف العميل أن لونًا واحدًا فقط متاح فعليًا.,محايد,استياء من تضليل بصري في عرض الخيارات المتاحة,شكوى,استياء,3,لا,0,محايد,سلبي,مرتبط,نعم,نعم,منخفض,الفجوة الواضحة بين الصورة المعروضة والتوفر الفعلي تجعل الاستياء منطقيًا ومباشرًا دون أي غموض.,Dataset4_1000
508,تسلمون، رجعتوا تراجعون طلبي قبل الشحن ولقيتوا خطأ في العنوان من نفسكم.,الحجازية,راجع متجر إلكتروني طلبات العملاء قبل الشحن، واكتشف خطأ في عنوان أحد الطلبات فصححه قبل أن يتسبب في تأخير فعلي.,مدح,امتنان حقيقي لمراجعة استباقية منعت مشكلة محتملة,شكر,امتنان,3,لا,0,إيجابي,إيجابي,مرتبط,نعم,لا,منخفض,المراجعة الاستباقية الفعلية التي منعت مشكلة محتملة تجعل الامتنان صادقًا ومباشرًا.,Dataset4_1000
509,للأسف السائق وصل واتصل مرة وحدة بس وسكر لما ما رديت بثواني.,الشرقية,اتصل سائق توصيل بالعميل مرة واحدة فقط، وأنهى المكالمة بسرعة كبيرة قبل أن يتمكن العميل من الرد في الوقت المناسب.,سلبي,استياء مباشر من عدم إعطاء وقت كافٍ للرد,شكوى,إحباط,3,لا,0,سلبي,سلبي,مرتبط,نعم,نعم,متوسط,قصر المدة الفعلية المتاحة للرد قبل إنهاء المكالمة يجعل الاستياء منطقيًا ومباشرًا دون أي مبالغة.,Dataset4_1000
510,يا سلام، صار فيه تتبع مباشر على الخريطة لموقع السائق لحظة بلحظة.,الجنوبية,أضافت شركة توصيل خاصية تتبع مباشر لموقع السائق على الخريطة أثناء الطريق، وهو ما لم يكن متاحًا في السابق.,مدح,استحسان حقيقي لميزة عملية جديدة ومفيدة,مدح,رضا,2,لا,0,إيجابي,إيجابي,مرتبط,نعم,لا,منخفض,الفائدة العملية الفعلية لهذه الميزة الجديدة تجعل الاستحسان صادقًا وموضوعيًا دون أي مبالغة.,Dataset4_1000
511,عساها ما تتكرر، وصلني كرتون فاضي بدل الطلب اللي طلبته.,الشمالية,استلم عميل كرتونًا فارغًا تمامًا بدلاً من المنتج الذي طلبه، مما يشير إلى خطأ جسيم في عملية التعبئة أو الشحن.,سلبي,استياء مباشر وشديد من خطأ جسيم في التعبئة,شكوى,غضب,4,لا,0,سلبي,سلبي,مرتبط,نعم,نعم,مرتفع,خطورة الخطأ الموصوف (كرتون فارغ تمامًا) تجعل الاستياء مباشرًا ويرفع احتمالية التصعيد بشكل واضح.,Dataset4_1000
512,والله المطعم صار يبعث رسالة يسأل عن رأينا بالطلب، لفتة حلوة ومهنية.,سعودية عامة,بدأ مطعم بإرسال رسالة قصيرة بعد كل طلب يسأل فيها عن رضا العميل عن الوجبة والخدمة بشكل احترافي.,مدح,استحسان حقيقي لمبادرة اهتمام مهنية بعد الخدمة,مدح,رضا,2,لا,0,إيجابي,إيجابي,مرتبط,لا,لا,منخفض,المبادرة المهنية الفعلية الموصوفة في السياق تجعل الاستحسان صادقًا وليس مجاملة عابرة.,Dataset4_1000
513,طيب ليش يكتبون وقت التحضير عشر دقايق والطلب ياخذ نص ساعة فعليًا؟,الوسطى,أظهر تطبيق مطعم وقت تحضير متوقع بعشر دقائق، لكن الطلب استغرق فعليًا نصف ساعة كاملة دون أي تفسير للفارق.,محايد,استياء مباشر من عدم دقة الوقت المعلن,شكوى,استياء,3,لا,0,محايد,سلبي,مرتبط,نعم,نعم,متوسط,الفارق الكبير بين الوقت المعلن والفعلي يجعل الاستياء منطقيًا ومباشرًا دون أي حاجة لتأويل إضافي.,Dataset4_1000
514,سبحان الله، نفس التطبيق يشتغل زين على جوالي وبطيء جدًا على جوال زوجي.,الحجازية,لاحظ مستخدم أن أداء نفس التطبيق يختلف بشكل كبير بين جهازين مختلفين دون سبب تقني واضح لهذا التفاوت.,محايد,استغراب حقيقي من تفاوت أداء غير مفهوم,استفسار,ارتباك,2,لا,0,محايد,محايد,مرتبط,نعم,لا,منخفض,الاستغراب هنا موضوعي وحقيقي دون أي دلالة على سخرية، فهو ملاحظة تقنية بحتة تستحق المتابعة.,Dataset4_1000
515,يعطيكم العافية، صار فيه وضع توفير بيانات يقلل استهلاك التطبيق للنت.,الشرقية,أضافت شركة تطبيق وضعًا جديدًا يقلل استهلاك بيانات الإنترنت عند استخدام التطبيق، مفيد للمستخدمين ذوي الباقات المحدودة.,مدح,امتنان حقيقي لميزة عملية تخدم احتياجًا فعليًا,شكر,رضا,2,لا,0,إيجابي,إيجابي,مرتبط,نعم,لا,منخفض,الفائدة العملية الفعلية لهذه الميزة تجعل الامتنان صادقًا وموضوعيًا دون أي مبالغة.,Dataset4_1000
516,للأسف كل مرة أرفع صورة الملف الشخصي يرجع يمسحها التطبيق من نفسه.,الجنوبية,يواجه مستخدم مشكلة متكررة تتمثل في حذف صورة ملفه الشخصي تلقائيًا من التطبيق دون أي تدخل منه بعد كل تحديث.,سلبي,استياء مباشر من خلل تقني متكرر ومزعج,شكوى,نفاد صبر,3,لا,0,سلبي,سلبي,مرتبط,نعم,نعم,متوسط,التكرار الفعلي للمشكلة عبر عدة تحديثات يجعل الاستياء منطقيًا ومباشرًا دون أي مبالغة.,Dataset4_1000
517,عاشت الأيادي، الفني ما اكتفى بالحل، رجع بعد يومين يتأكد إن كل شي تمام.,الشمالية,أصلح فني دعم تقني مشكلة جهاز عميل، ثم تابع بشكل استباقي بعد يومين للتأكد من استقرار الحل دون أن يُطلب منه ذلك.,مدح,تقدير حقيقي لمتابعة استباقية تفوق المطلوب,شكر,امتنان,3,لا,0,إيجابي,إيجابي,مرتبط,نعم,لا,منخفض,المتابعة الاستباقية غير المطلوبة الموصوفة في السياق تجعل التقدير صادقًا وليس مجرد شكر روتيني.,Dataset4_1000
518,طيب ليش أشرح المشكلة كتابيًا وبعدها يطلبون مني أعيد شرحها صوتيًا لموظف ثاني؟,سعودية عامة,شرح عميل مشكلته التقنية بالتفصيل عبر الدردشة، ثم طُلب منه إعادة الشرح كاملاً هاتفيًا لموظف آخر دون الاستفادة من الشرح المكتوب.,محايد,استياء مباشر من ازدواجية غير مبررة في الإجراء,شكوى,إحباط,3,لا,0,محايد,سلبي,مرتبط,نعم,نعم,متوسط,الازدواجية الفعلية في الشرح دون استفادة من المحاولة الأولى تجعل الاستياء منطقيًا ومباشرًا.,Dataset4_1000
519,والله ريحوني، صار فيه ملخص تلقائي للمكالمة يوصلني بعد الاتصال مباشرة.,الوسطى,بدأ مركز اتصال بإرسال ملخص نصي تلقائي لأهم نقاط المكالمة فور انتهائها، مما ساعد العميل على تذكر التفاصيل المتفق عليها.,مدح,رضا حقيقي عن ميزة عملية تحسّن تجربة المتابعة,شكر,رضا,2,لا,0,إيجابي,إيجابي,مرتبط,نعم,لا,منخفض,الفائدة العملية الفعلية لهذه الميزة الجديدة تجعل الرضا صادقًا وموضوعيًا دون أي مبالغة.,Dataset4_1000
520,عجيب، حجزت موعد أسنان وبعد أسبوع نسوا يذكّروني رغم إني فعّلت التنبيهات.,الحجازية,فعّل عميل خاصية التنبيهات لموعد أسنان محجوز مسبقًا، لكنه لم يصله أي تذكير رغم اقتراب الموعد بشكل كبير.,محايد,استياء من خلل في خاصية مفعّلة صراحة,شكوى,قلق,3,لا,0,محايد,سلبي,مرتبط,نعم,نعم,منخفض,مخالفة إعداد مفعّل صراحة من العميل تجعل الاستياء منطقيًا ومباشرًا دون أي غموض.,Dataset4_1000
521,يا هلا، قدرت أضيف أكثر من شخص لنفس الحجز بضغطة وحدة بدل ما أحجز لكل واحد لحاله.,الشرقية,أضافت منصة حجوزات خاصية حجز جماعي تتيح إضافة عدة أشخاص لنفس الموعد بخطوة واحدة بدلاً من حجوزات منفصلة.,مدح,استحسان حقيقي لميزة عملية توفر وقتًا وجهدًا,مدح,رضا,2,لا,0,إيجابي,إيجابي,مرتبط,نعم,لا,منخفض,الفائدة العملية الفعلية لهذه الميزة الجديدة تجعل الاستحسان صادقًا وموضوعيًا دون أي مبالغة.,Dataset4_1000
522,للأسف حجزت موعد قبل شهر وجاني اتصال يقول الموظف المختص استقال.,الجنوبية,حجز عميل موعدًا مع أخصائي معين قبل شهر كامل، لكنه فوجئ باتصال يخبره باستقالة الأخصائي قبل الموعد بيومين فقط.,سلبي,استياء مباشر من تأخر إبلاغ بتغيير جوهري,شكوى,إحباط,3,لا,0,سلبي,سلبي,مرتبط,نعم,نعم,متوسط,تأخر الإبلاغ عن تغيير جوهري لموعد محجوز منذ فترة طويلة يجعل الاستياء منطقيًا ومباشرًا.,Dataset4_1000
523,سبحان الله، المنصة الحكومية صارت تدعم تسجيل الدخول بالوجه بدل كلمة المرور.,الشمالية,أضافت منصة حكومية خاصية تسجيل دخول عبر التعرف على الوجه بدلاً من الاعتماد فقط على كلمة المرور التقليدية.,محايد,استحسان حقيقي لتحسن تقني في سهولة الوصول,مدح,رضا,2,لا,0,إيجابي,إيجابي,مرتبط,نعم,لا,منخفض,التحسن التقني الفعلي الموصوف في السياق يجعل الاستحسان صادقًا وموضوعيًا دون أي مبالغة.,Dataset4_1000
524,طيب ليش نفس البيانات تتكرر تعبئتها في ثلاث خدمات مختلفة بنفس المنصة؟,سعودية عامة,لاحظ مستخدم منصة حكومية أنه يضطر لإدخال نفس بياناته الشخصية بشكل منفصل عند استخدام ثلاث خدمات مختلفة داخل نفس المنصة الموحدة.,محايد,استياء مباشر من غياب ربط فعلي بين الخدمات,شكوى,إحباط,2,لا,0,محايد,سلبي,مرتبط,نعم,نعم,منخفض,غياب الربط الفعلي بين الخدمات رغم توحيد المنصة يجعل الاستياء منطقيًا ومباشرًا دون أي مبالغة.,Dataset4_1000
525,والله فرحانين، صار فيه دعم فني عبر الفيديو بدل ما نشرح بالكلام بس.,الوسطى,أضافت جهة حكومية خيار دعم فني عبر مكالمة فيديو، مما سهّل شرح مشاكل تقنية بصرية كان يصعب توضيحها بالكلام فقط.,مدح,رضا حقيقي عن ميزة عملية تحسن جودة الدعم,شكر,فرح,2,لا,0,إيجابي,إيجابي,مرتبط,نعم,لا,منخفض,الفائدة العملية الفعلية لهذه الميزة الجديدة تجعل الرضا صادقًا وموضوعيًا دون أي مبالغة.,Dataset4_1000
526,عجيب، اشتركت بخدمة مدتها سنة ودفعت كامل المبلغ، ورجعوا يبعثون لي إعلانات تجديد بعد شهرين بس.,الحجازية,اشترك عميل في خدمة سنوية ودفع المبلغ كاملاً، لكنه بدأ يستلم رسائل تسويقية لتجديد الاشتراك بعد شهرين فقط من بداية المدة.,محايد,استغراب واستياء من رسائل تسويقية غير منطقية التوقيت,شكوى,استياء,2,نعم,2,محايد,سلبي,غير مرتبط,نعم,نعم,منخفض,التوقيت غير المنطقي لرسائل التجديد المبكرة يحمل استياءً وسخرية خفيفة من ضعف تخصيص التسويق حسب حالة العميل الفعلية.,Dataset4_1000
527,تسلمون، صار فيه خيار مشاركة الاشتراك مع أفراد العائلة بسعر واحد بدل كل واحد لحاله.,الشرقية,أضافت شركة اشتراكات خطة عائلية تتيح مشاركة نفس الاشتراك بين عدة أفراد بسعر موحد بدلاً من اشتراكات منفصلة أغلى.,مدح,رضا حقيقي عن خيار عملي واقتصادي مفيد,شكر,رضا,2,لا,0,إيجابي,إيجابي,مرتبط,لا,لا,منخفض,الفائدة الاقتصادية والعملية الفعلية لهذا الخيار الجديد تجعل الرضا صادقًا وموضوعيًا دون أي مبالغة.,Dataset4_1000
528,للأسف ألغيت الاشتراك ورجعوا يخصمون مني رسوم شهر كامل زيادة.,الجنوبية,ألغى مشترك اشتراكه في منتصف الشهر، لكنه فوجئ بخصم رسوم شهر كامل إضافي رغم الإلغاء الفعلي في منتصف الدورة.,سلبي,استياء مباشر من احتساب رسوم غير مستحقة,شكوى,غضب,4,لا,0,سلبي,سلبي,مرتبط,نعم,نعم,مرتفع,احتساب رسوم لفترة لم يستخدمها العميل فعليًا بعد الإلغاء يجعل الاستياء منطقيًا ويرفع احتمالية التصعيد.,Dataset4_1000
529,والله ما توقعت، اتصل بي مندوب يشرح لي مزايا خطة أوفر لي فلوس بدل ما يبيعني الأغلى.,الشمالية,اتصل مندوب مبيعات بعميل واقترح عليه خطة اشتراك أرخص تناسب استخدامه الفعلي بدلاً من الترويج للخطة الأغلى سعرًا.,مدح,إعجاب حقيقي بنزاهة تفوق التوقع في المبيعات,مدح,فرح,3,لا,0,إيجابي,إيجابي,مرتبط,نعم,لا,منخفض,النزاهة الفعلية غير المتوقعة في تقديم النصح الأنسب للعميل تجعل الإعجاب صادقًا وليس مجاملة عابرة.,Dataset4_1000
530,طيب ليش خط الدعم يرد بس أيام الأسبوع وأنا أشتغل بنفس الأوقات؟,سعودية عامة,يعمل عميل بنفس ساعات دوام الأسبوع الرسمية، مما يجعله غير قادر على التواصل مع خط الدعم الفني المتاح فقط خلال تلك الأوقات.,محايد,استياء مباشر من تعارض أوقات الدعم مع فئة كبيرة من العملاء,شكوى,إحباط,2,لا,0,محايد,سلبي,مرتبط,نعم,نعم,منخفض,التعارض الفعلي بين أوقات الدعم وساعات عمل شريحة واسعة من العملاء يجعل الاستياء منطقيًا ومباشرًا.,Dataset4_1000
531,عاشت الأيادي، بعد الشكوى اتصل المدير بنفسه يعتذر ويتابع الحل شخصيًا.,الوسطى,قدّم عميل شكوى رسمية بخصوص مشكلة تكررت، وتفاجأ باتصال شخصي من مدير القسم نفسه للاعتذار والمتابعة الشخصية لحل المشكلة.,مدح,امتنان عميق وصادق لمتابعة إدارية شخصية تفوق التوقع,شكر,امتنان,4,لا,0,إيجابي,إيجابي,مرتبط,نعم,لا,منخفض,المتابعة الشخصية من مستوى إداري عالٍ وغير معتاد تجعل الامتنان صادقًا وعميقًا دون أي مبالغة.,Dataset4_1000
532,سبحان الله، رسوم التحويل الدولي تختلف حسب الوقت اللي أسوي فيه العملية بنفس اليوم.,الحجازية,لاحظ عميل بنكي أن رسوم التحويل الدولي تتغير بشكل ملحوظ حسب توقيت تنفيذ العملية خلال نفس اليوم دون تفسير واضح.,محايد,استغراب واستياء من تباين غير مفهوم في الرسوم,استفسار,ارتباك,2,لا,0,محايد,سلبي,مرتبط,نعم,نعم,منخفض,الاستفسار هنا موضوعي ويحمل استياءً منطقيًا من تباين رسوم غير مفسر ضمن نفس اليوم الواحد.,Dataset4_1000
533,يا سلام، صار فيه خيار جدولة التحويلات المستقبلية بضغطة وحدة.,الشرقية,أضاف تطبيق بنكي خاصية جدولة تحويلات مالية مستقبلية بشكل تلقائي، مما وفر على العميل تكرار العملية يدويًا كل شهر.,مدح,رضا حقيقي عن ميزة عملية توفر وقتًا فعليًا,شكر,رضا,2,لا,0,إيجابي,إيجابي,مرتبط,نعم,لا,منخفض,الفائدة العملية الفعلية لهذه الميزة الجديدة تجعل الرضا صادقًا وموضوعيًا دون أي مبالغة.,Dataset4_1000
534,للأسف طلبت بطاقة افتراضية للتسوق أونلاين وطلعت رسومها أغلى من البطاقة العادية.,الجنوبية,طلب عميل بنكي بطاقة افتراضية مخصصة للتسوق الإلكتروني، لكنه فوجئ برسوم إصدار أعلى من البطاقة الفعلية العادية دون مبرر واضح.,سلبي,استياء مباشر من تسعير غير منطقي لخدمة أبسط,شكوى,استياء,3,لا,0,سلبي,سلبي,مرتبط,نعم,نعم,متوسط,عدم منطقية فارق السعر بين خدمة أبسط وأخرى أعقد يجعل الاستياء منطقيًا ومباشرًا دون أي تأويل إضافي.,Dataset4_1000
535,والله سهّلوا علينا، صار فيه رمز تحقق واحد يشتغل لكل عمليات اليوم بدل رمز لكل عملية.,الشمالية,غيّر بنك آلية التحقق الثنائي بحيث يصبح رمز واحد صالحًا لعدة عمليات متتالية خلال نفس اليوم بدلاً من رمز منفصل لكل عملية.,مدح,رضا حقيقي عن تبسيط عملي دون التضحية بالأمان الأساسي,شكر,رضا,2,لا,0,إيجابي,إيجابي,مرتبط,نعم,لا,منخفض,التبسيط العملي الفعلي الموصوف في السياق يجعل الرضا صادقًا وموضوعيًا دون أي مبالغة.,Dataset4_1000
536,طيب ليش تطبيق التوصيل يحسب المسافة أطول من الواقع ويرفع السعر على أساسها؟,سعودية عامة,لاحظ عميل أن المسافة المحسوبة في تطبيق توصيل أطول بشكل ملحوظ من المسافة الفعلية بين النقطتين، مما رفع تكلفة الرحلة.,محايد,استياء مباشر من خطأ يؤثر على التكلفة الفعلية,شكوى,استياء,3,لا,0,محايد,سلبي,مرتبط,نعم,نعم,متوسط,الخطأ الفعلي في حساب المسافة وتأثيره المباشر على التكلفة يجعل الاستياء منطقيًا ومباشرًا.,Dataset4_1000
537,عاشت الأيادي، عوضوني قيمة الرحلة كاملة لما السائق ألغى في اللحظة الأخيرة.,الوسطى,ألغى سائق رحلة توصيل في اللحظة الأخيرة بعد تأكيدها، فقامت الشركة بتعويض العميل كامل قيمة الرحلة دون أي تعقيد.,مدح,امتنان حقيقي لسياسة تعويض عادلة وسريعة,شكر,امتنان,3,لا,0,إيجابي,إيجابي,مرتبط,نعم,لا,منخفض,العدالة والسرعة الفعليتان في التعويض تجعلان الامتنان صادقًا ومباشرًا دون أي التباس.,Dataset4_1000
538,سبحان الله، طلبت غرض هش وحطوه جنب غرض ثقيل بنفس الكرتون.,الحجازية,طلب عميل منتجًا هشًا وآخر ثقيلاً في نفس الطلب، فوضعهما المتجر في نفس الكرتون دون فصل مناسب، مما تسبب في كسر المنتج الهش.,سلبي,استياء مباشر من إهمال في التعبئة تسبب بضرر فعلي,شكوى,غضب,4,لا,0,سلبي,سلبي,مرتبط,نعم,نعم,مرتفع,الضرر الفعلي الناتج عن إهمال واضح في التعبئة يجعل الاستياء مباشرًا ويرفع احتمالية التصعيد بشكل كبير.,Dataset4_1000
539,يا هلا، ردوا علي بالعربي والإنجليزي عشان يتأكدون إني فهمت الحل صح.,الشرقية,حرص فريق دعم فني على تقديم الحل التقني لعميل بلغتين لضمان الفهم الكامل، رغم أن العميل يتحدث العربية بطلاقة.,مدح,تقدير حقيقي لحرص إضافي على وضوح التواصل,شكر,رضا,2,لا,0,إيجابي,إيجابي,مرتبط,نعم,لا,منخفض,الحرص الإضافي الفعلي على وضوح التواصل الموصوف في السياق يجعل التقدير صادقًا وليس مبالغة.,Dataset4_1000
540,للأسف حجزت جناح كامل وطلع عند الوصول إنه غرفتين عاديتين بس مجاورتين.,الجنوبية,حجز نزيل جناحًا فندقيًا كاملاً عبر الإنترنت بناءً على الوصف والصور، لكنه اكتشف عند الوصول أنه مجرد غرفتين عاديتين متجاورتين.,سلبي,استياء مباشر من تضليل واضح في وصف الحجز,شكوى,غضب,4,لا,0,سلبي,سلبي,مرتبط,نعم,نعم,مرتفع,الفارق الجوهري بين الوصف المعلن والواقع الفعلي يجعل الاستياء مباشرًا ويرفع احتمالية التصعيد بوضوح.,Dataset4_1000
541,والله سهلوا علينا كثير، صار فيه خيار دفع جزء الآن والباقي عند الوصول للفندق.,الشمالية,أضافت منصة حجوزات فندقية خيار دفع جزء من قيمة الحجز مسبقًا وسداد الباقي عند الوصول، مما منح العميل مرونة مالية أكبر.,مدح,رضا حقيقي عن مرونة مالية عملية ومفيدة,شكر,رضا,2,لا,0,إيجابي,إيجابي,مرتبط,نعم,لا,منخفض,المرونة العملية الفعلية لهذا الخيار الجديد تجعل الرضا صادقًا وموضوعيًا دون أي مبالغة.,Dataset4_1000
542,طيب ليش موعد المراجعة يتغير مكانه من مبنى لمبنى بدون تنبيه واضح؟,سعودية عامة,غيّرت جهة حكومية مكان موعد مراجعة عميل من مبنى إلى آخر دون إرسال تنبيه واضح ومسبق بهذا التغيير الجوهري.,محايد,استياء مباشر من غياب تنبيه لتغيير جوهري في الموعد,شكوى,ارتباك,3,لا,0,محايد,سلبي,مرتبط,نعم,نعم,متوسط,غياب التنبيه الواضح لتغيير جوهري كهذا يجعل الاستياء منطقيًا ومباشرًا دون أي تأويل إضافي.,Dataset4_1000
543,عاشت الأيادي، صار فيه إشعار قبل ساعة من الموعد بدل نص ساعة بس زي العادة.,الوسطى,غيّرت عيادة توقيت إشعار تذكير المواعيد من نصف ساعة إلى ساعة كاملة قبل الموعد، مما أعطى المرضى وقتًا أفضل للاستعداد والوصول.,مدح,رضا حقيقي عن تحسن عملي في توقيت التذكير,شكر,رضا,2,لا,0,إيجابي,إيجابي,مرتبط,نعم,لا,منخفض,التحسن الفعلي في توقيت التذكير مقارنة بالمعتاد سابقًا يجعل الرضا صادقًا وموضوعيًا.,Dataset4_1000
544,سبحان الله، دفعت اشتراك سنوي وبعد ثلاثة أشهر توقفت الخدمة نهائيًا من الشركة.,الحجازية,دفع عميل قيمة اشتراك سنوي كامل مقدمًا، لكن الشركة المزودة للخدمة أوقفت عملها نهائيًا بعد ثلاثة أشهر فقط دون استرجاع كامل للمبلغ.,محايد,استياء شديد من خسارة مالية ناتجة عن توقف الخدمة,شكوى,غضب,5,لا,0,محايد,سلبي,مرتبط,نعم,نعم,مرتفع,الخسارة المالية الفعلية الكبيرة الناتجة عن توقف الخدمة دون استرجاع تجعل الاستياء مباشرًا ويرفع احتمالية التصعيد لأقصى درجة.,Dataset4_1000
545,يا سلام، خصصوا خط دعم منفصل للمشتركين طويلي الأمد، رد أسرع بكثير.,الشرقية,خصصت شركة خدمات خط دعم منفصل للمشتركين ذوي الاشتراك الطويل، مما قلل وقت الانتظار بشكل ملحوظ مقارنة بالخط العام.,مدح,رضا حقيقي عن تقدير عملي للولاء طويل الأمد,شكر,رضا,3,لا,0,إيجابي,إيجابي,مرتبط,نعم,لا,منخفض,الفائدة العملية الفعلية لهذا التخصيص تجعل الرضا صادقًا وموضوعيًا دون أي مبالغة.,Dataset4_1000
546,للأسف اشتراكي يشمل خمس أجهزة بس التطبيق يوقفني عند الجهاز الرابع فقط.,الجنوبية,اشترك عميل في باقة تسمح باستخدام خمسة أجهزة في آن واحد، لكن التطبيق منعه من تفعيل الجهاز الخامس رغم أنه ضمن الحد المسموح.,سلبي,استياء مباشر من خلل تقني يخالف حدود الاشتراك المعلنة,شكوى,استياء,3,لا,0,سلبي,سلبي,مرتبط,نعم,نعم,متوسط,المخالفة الفعلية بين حدود الاشتراك المعلنة والتطبيق الفعلي تجعل الاستياء منطقيًا ومباشرًا.,Dataset4_1000
547,والله ما توقعت، خصصوا لي مستشار مالي شخصي بدون رسوم إضافية بعد ما رفعوا فئة حسابي.,الشمالية,رفع بنك تصنيف حساب عميل بناءً على معايير معينة، وخصص له مستشارًا ماليًا شخصيًا مجانيًا كخدمة إضافية لم يكن يتوقعها.,مدح,فرح حقيقي بمفاجأة إيجابية غير متوقعة,شكر,فرح,4,لا,0,إيجابي,إيجابي,مرتبط,نعم,لا,منخفض,المفاجأة الإيجابية الفعلية غير المتوقعة تجعل الفرح المعبر عنه صادقًا وعميقًا دون أي مبالغة.,Dataset4_1000
548,طيب ليش لما أطلب فاتورة تفصيلية يطلع فيها رسوم مكتوبة برمز ما أفهمه؟,سعودية عامة,طلب عميل فاتورة تفصيلية لخدمة اتصالات ليفهم بنود الرسوم، لكن بعض البنود ظهرت برموز غير مفسرة يصعب على عميل عادي فهمها.,محايد,استياء مباشر من غياب وضوح في تفاصيل الفاتورة,شكوى,ارتباك,2,لا,0,محايد,سلبي,مرتبط,نعم,نعم,منخفض,غياب الوضوح الفعلي في تفاصيل مطلوبة خصيصًا للتوضيح يجعل الاستياء منطقيًا ومباشرًا.,Dataset4_1000
549,عاشت الأيادي، وصلني كوبون تعويض تلقائي لما تأخر الطلب نص ساعة بس.,الوسطى,تأخر طلب توصيل نصف ساعة فقط عن الوقت المتوقع، وأرسلت الشركة تلقائيًا كوبون تعويض للعميل دون أن يطلب ذلك أو يشتكي.,مدح,امتنان حقيقي لمبادرة تعويض استباقية حتى لتأخير بسيط,شكر,امتنان,3,لا,0,إيجابي,إيجابي,مرتبط,نعم,لا,منخفض,المبادرة الاستباقية حتى لتأخير بسيط نسبيًا تجعل الامتنان صادقًا وتعكس اهتمامًا فعليًا بتجربة العميل.,Dataset4_1000
550,سبحان الله، طلبت غرض بسعر معين وأنا أدفع لقوني رفعوا السعر أثناء إدخال بيانات البطاقة.,الحجازية,شاهد عميل سعرًا محددًا لمنتج، لكن السعر تغير فعليًا وارتفع أثناء إتمامه لخطوات الدفع نفسها قبل تأكيد العملية.,سلبي,استياء مباشر من تغير السعر أثناء إتمام عملية الشراء,شكوى,غضب,4,لا,0,سلبي,سلبي,مرتبط,نعم,نعم,مرتفع,تغير السعر فعليًا أثناء خطوات الدفع نفسها يجعل الاستياء مباشرًا ويرفع احتمالية التصعيد بشكل واضح.,Dataset4_1000
551,يا هلا، صار فيه تقييم للسائق قبل ما تخلص الرحلة يقدر يشوفه ويحسن من نفسه.,الشرقية,أضافت شركة توصيل خاصية تسمح للسائق برؤية تقييم أدائه بشكل شبه فوري بعد كل رحلة، مما يتيح له تحسين خدمته باستمرار.,مدح,استحسان حقيقي لآلية تحسين مستمر ومفيدة للطرفين,مدح,رضا,2,لا,0,إيجابي,إيجابي,مرتبط,لا,لا,منخفض,الفائدة العملية الفعلية لهذه الآلية الجديدة تجعل الاستحسان صادقًا وموضوعيًا دون أي مبالغة.,Dataset4_1000
552,للأسف حجزت غرفة لعائلتي ولقيت السرير فردي بدل ما كان موصوف مزدوج.,الجنوبية,حجز نزيل غرفة فندقية موصوفة بسرير مزدوج مناسب للعائلة، لكنه فوجئ عند الوصول بسرير فردي يخالف الوصف المعلن تمامًا.,سلبي,استياء مباشر من مخالفة صريحة للوصف المعلن,شكوى,استياء,4,لا,0,سلبي,سلبي,مرتبط,نعم,نعم,متوسط,المخالفة الصريحة بين الوصف المعلن والواقع الفعلي يجعل الاستياء منطقيًا ومباشرًا دون أي تأويل إضافي.,Dataset4_1000
553,والله عجبتني الخدمة، صار فيه زر واحد يلغي كل التنبيهات غير المهمة دفعة وحدة.,الشمالية,أضاف تطبيق خاصية تتيح إيقاف جميع التنبيهات غير الضرورية بضغطة واحدة بدلاً من إيقافها واحدة تلو الأخرى كما كان معتادًا.,مدح,رضا حقيقي عن تبسيط عملي لإدارة الإشعارات,شكر,رضا,2,لا,0,إيجابي,إيجابي,مرتبط,لا,لا,منخفض,التبسيط العملي الفعلي الموصوف في السياق يجعل الرضا صادقًا وموضوعيًا دون أي مبالغة.,Dataset4_1000
554,طيب ليش أدفع اشتراك بريميوم وبعدها يطلع فيه إعلانات كل شوي؟,سعودية عامة,اشترك عميل في باقة مدفوعة خالية من الإعلانات، لكنه فوجئ بظهور إعلانات متكررة رغم دفعه لهذه الميزة تحديدًا.,محايد,استياء مباشر من مخالفة صريحة لميزة مدفوعة,شكوى,غضب,3,لا,0,محايد,سلبي,مرتبط,نعم,نعم,متوسط,مخالفة ميزة مدفوعة صراحة تجعل الاستياء منطقيًا ومباشرًا دون أي حاجة لتفسير سياقي معقد.,Dataset4_1000
555,جزاك الله خير على السرعة.,الوسطى,أنهى موظف معاملة عميل في دقائق معدودة رغم تعقيدها المعتاد، فشكره العميل بصدق على هذه السرعة الاستثنائية.,مدح,شكر حقيقي وصادق على إنجاز يفوق المعتاد,شكر,امتنان,3,لا,0,إيجابي,إيجابي,مرتبط,نعم,لا,منخفض,الإنجاز الفعلي السريع رغم تعقيد المعاملة يجعل الشكر صادقًا ومباشرًا دون أي التباس.,Dataset4_1000
556,جزاك الله خير على السرعة.,الحجازية,أنهى موظف مكالمة عميل بسرعة غير مبررة قبل أن يتمكن العميل من توضيح كامل تفاصيل مشكلته المعقدة.,مدح,سخرية من إنهاء متسرع يخل بجودة الخدمة,سخرية,استياء,3,نعم,3,إيجابي,سلبي,غير مرتبط,نعم,نعم,متوسط,السرعة هنا لم تكن مفيدة بل أخلت بجودة حل المشكلة، وهذا يجعل عبارة الشكر الظاهرية سخرية من تسرع غير مناسب.,Dataset4_1000
557,ما نسيتوني، جهزتوا كل شي بدون ما أذكّركم.,الشرقية,جهزت شركة طلب اشتراك متكرر لعميل دائم بشكل استباقي دون أن يحتاج لتذكيرهم كما كان يفعل في كل مرة سابقًا.,مدح,رضا حقيقي عن مبادرة استباقية تلغي الحاجة للتذكير,شكر,رضا,3,لا,0,إيجابي,إيجابي,مرتبط,نعم,لا,منخفض,المبادرة الاستباقية الفعلية التي ألغت حاجة التذكير المعتادة تجعل الرضا صادقًا ومباشرًا.,Dataset4_1000
558,ما نسيتوني، جهزتوا كل شي بدون ما أذكّركم.,الجنوبية,نفّذت شركة طلبًا لعميل بشكل مختلف تمامًا عما كان قد طلبه فعليًا في المرة الأخيرة، رغم عدم تذكيرهم بالتفاصيل الصحيحة.,مدح,سخرية من تنفيذ غير دقيق رغم عدم الحاجة للتذكير,سخرية,استياء,3,نعم,3,إيجابي,سلبي,غير مرتبط,نعم,نعم,متوسط,عدم الحاجة للتذكير هنا لم يترافق مع تنفيذ صحيح، وهذا يجعل العبارة سخرية من مبادرة نُفذت بشكل خاطئ.,Dataset4_1000
559,شكله انتبهوا لنا أخيرًا.,الشمالية,بعد فترة من الشكاوى المتكررة، لاحظ عميل تحسنًا واضحًا وفعليًا في جودة الخدمة المقدمة له من نفس الشركة.,محايد,استحسان حقيقي لتحسن ملموس بعد فترة انتظار,شكر,رضا,3,لا,0,إيجابي,إيجابي,مرتبط,نعم,لا,منخفض,التحسن الفعلي الملموس بعد فترة انتظار طويلة يجعل الاستحسان صادقًا وموضوعيًا دون أي سخرية.,Dataset4_1000
560,شكله انتبهوا لنا أخيرًا.,سعودية عامة,بعد شهور من التجاهل، أرسلت شركة رسالة اعتذار عامة لعميل دون أي تغيير فعلي ملموس في مستوى الخدمة المقدمة له.,محايد,سخرية من اعتذار شكلي بلا تحسن فعلي مصاحب,سخرية,استياء,3,نعم,3,محايد,سلبي,غير مرتبط,نعم,نعم,متوسط,غياب أي تحسن فعلي مصاحب للاعتذار الشكلي يجعل العبارة سخرية من استجابة سطحية لا تعالج جوهر المشكلة.,Dataset4_1000
561,عطونا حقنا كامل.,الوسطى,وافقت شركة تأمين على تعويض عميل بالكامل عن ضرر حقيقي تعرض له دون أي تعقيد أو نقاش مطول.,سلبي,رضا حقيقي وصادق عن حصول فعلي على الحق كاملًا,شكر,رضا,3,لا,0,سلبي,إيجابي,مرتبط,نعم,لا,منخفض,الحصول الفعلي على التعويض الكامل دون تعقيد يجعل العبارة تعبيرًا صادقًا عن الرضا رغم صياغتها المطلبية.,Dataset4_1000
562,عطونا حقنا كامل.,الحجازية,وافقت شركة على تعويض جزئي بسيط جدًا لعميل تعرض لضرر كبير، فعلّق العميل بهذه العبارة بنبرة تهكمية على عدم كفاية التعويض.,سلبي,سخرية من تعويض غير كافٍ يوصف زورًا بأنه كامل,سخرية,غضب,4,نعم,4,سلبي,سلبي,غير مرتبط,نعم,نعم,مرتفع,عدم كفاية التعويض الفعلي مقارنة بحجم الضرر يجعل العبارة سخرية غاضبة من ادعاء إعطاء الحق كاملًا.,Dataset4_1000
563,والله ما قصرتوا هالمرة.,الشرقية,سلّم مقاول مشروعًا بجودة عالية وفي الموعد المحدد تمامًا بعد تجربة سابقة كانت أقل جودة نسبيًا.,مدح,رضا حقيقي مقارنة بتحسن ملموس عن تجربة سابقة,شكر,رضا,3,لا,0,إيجابي,إيجابي,مرتبط,لا,لا,منخفض,التحسن الفعلي الملموس مقارنة بتجربة سابقة أقل جودة يجعل الرضا صادقًا وموضوعيًا.,Dataset4_1000
564,والله ما قصرتوا هالمرة.,الجنوبية,سلّم مقاول مشروعًا فيه أخطاء تنفيذية واضحة رغم وعوده المتكررة بجودة عالية هذه المرة تحديدًا.,مدح,سخرية من عدم الوفاء بوعد جودة صريح,سخرية,استياء,3,نعم,3,إيجابي,سلبي,غير مرتبط,لا,نعم,متوسط,عدم الوفاء الفعلي بوعد جودة صريح يجعل عبارة المدح الظاهرية سخرية من تكرار نفس الإخفاق رغم الوعود.,Dataset4_1000
565,أشوف تحسن واضح.,الشمالية,راجع مدير أداء موظف بعد فترة تدريب مكثفة ولاحظ تحسنًا فعليًا وملموسًا في جودة عمله مقارنة بالفترة السابقة.,محايد,تقييم موضوعي وصادق لتحسن فعلي في الأداء,مدح,رضا,2,لا,0,إيجابي,إيجابي,مرتبط,لا,لا,منخفض,التحسن الفعلي الملموس الموصوف في السياق يجعل التقييم صادقًا وموضوعيًا دون أي سخرية.,Dataset4_1000
566,أشوف تحسن واضح.,سعودية عامة,راجع مدير تقريرًا لموظف تأخر تسليمه للمرة الثالثة، وعلّق بهذه العبارة بنبرة تهكمية رغم عدم وجود أي تحسن فعلي ملحوظ.,محايد,سخرية من غياب أي تحسن فعلي رغم الادعاء به,سخرية,استياء,3,نعم,3,محايد,سلبي,غير مرتبط,لا,لا,متوسط,غياب أي تحسن فعلي حقيقي في الأداء يجعل العبارة سخرية من موقف لم يتغير رغم الادعاء الظاهري بالتحسن.,Dataset4_1000
567,خذوا وقتكم، ما فيه استعجال.,الوسطى,طلب عميل خدمة غير عاجلة، فأكد للموظف أنه لا داعي للاستعجال لأن الأمر فعلاً غير طارئ بالنسبة له.,محايد,تطمين حقيقي وصادق بعدم وجود استعجال فعلي,تهدئة,حياد,1,لا,0,محايد,محايد,مرتبط,نعم,لا,منخفض,عدم وجود استعجال فعلي حقيقي في طبيعة الطلب يجعل التطمين صادقًا ومباشرًا دون أي التباس.,Dataset4_1000
568,خذوا وقتكم، ما فيه استعجال.,الحجازية,انتظر عميل حل مشكلة عاجلة تؤثر على عمله لثلاثة أيام متتالية، فعلّق بهذه العبارة بنبرة تهكمية بعد فقدان الأمل بسرعة الحل.,محايد,سخرية من تأخير فعلي مؤثر رغم الصياغة المتساهلة,سخرية,إحباط,3,نعم,3,محايد,سلبي,غير مرتبط,نعم,نعم,متوسط,التأثير الفعلي للتأخير على عمل العميل يجعل عبارة التساهل الظاهرية سخرية من استمرار الانتظار غير المبرر.,Dataset4_1000
569,يا رب يفرجها.,الشرقية,دعا صديق لصديقه بالفرج في أزمة مالية حقيقية يمر بها، بنبرة تعاطف صادقة ومباشرة.,محايد,دعاء حقيقي وصادق بالفرج في أزمة فعلية,مواساة,حزن,3,لا,0,محايد,محايد,مرتبط,لا,لا,منخفض,الأزمة الفعلية الحقيقية الموصوفة في السياق تجعل الدعاء صادقًا ومباشرًا دون أي التباس.,Dataset4_1000
570,يا رب يفرجها.,الجنوبية,علّق موظف على مشروع متعثر بسبب سوء إدارة واضح من الفريق المسؤول، بنبرة تهكمية تلقي المسؤولية على القدر بدل الاعتراف بالخلل الفعلي.,محايد,سخرية من تهرب ضمني من مسؤولية إدارية واضحة,سخرية,استياء,3,نعم,2,محايد,سلبي,غير مرتبط,لا,لا,منخفض,إلقاء المسؤولية على القدر رغم وجود خلل إداري واضح يجعل الدعاء الظاهري سخرية خفيفة من تجنب الاعتراف بالمشكلة الفعلية.,Dataset4_1000
571,أعتقد الفكرة تستاهل نجرّبها.,الشمالية,اقترح موظف فكرة مدروسة جيدًا في اجتماع عمل، وأيّدها زميله بصدق بعد اقتناعه الفعلي بجدواها.,محايد,تأييد حقيقي وصادق مبني على اقتناع فعلي,قبول,حياد,2,لا,0,محايد,إيجابي,مرتبط,لا,لا,منخفض,الاقتناع الفعلي الحقيقي بجدوى الفكرة يجعل التأييد صادقًا ومباشرًا دون أي مجاملة.,Dataset4_1000
572,أعتقد الفكرة تستاهل نجرّبها.,سعودية عامة,اقترح مدير فكرة غير مدروسة في اجتماع، فأيدها موظف بهذه العبارة رغم شكوكه الحقيقية في جدواها تجنبًا للنقاش.,محايد,موافقة ظاهرية تخفي شكوكًا حقيقية غير معلنة,قبول,قلق,2,لا,0,محايد,سلبي,مرتبط جزئيًا,لا,لا,منخفض,الشكوك الحقيقية غير المعلنة في جدوى الفكرة تجعل التأييد اللفظي يخفي قلقًا لم يُصرَّح به مباشرة.,Dataset4_1000
573,ما شفت زيه.,الوسطى,جرّب عميل خدمة متميزة حقًا فاقت كل تجاربه السابقة بشكل واضح، فوصفها بهذه العبارة معبرًا عن إعجابه الصادق.,مدح,إعجاب حقيقي وصادق بتجربة استثنائية فعلًا,مدح,فرح,4,لا,0,إيجابي,إيجابي,مرتبط,نعم,لا,منخفض,التميز الفعلي الحقيقي للتجربة الموصوفة في السياق يجعل الإعجاب صادقًا ومباشرًا دون أي مبالغة.,Dataset4_1000
574,ما شفت زيه.,الحجازية,واجه عميل سوء تعامل غير مسبوق من موظف خدمة عملاء، فعلّق بهذه العبارة بنبرة ساخرة تعبر عن استيائه من غرابة الموقف.,مدح,سخرية من سوء تعامل غير مسبوق في سلبيته,سخرية,غضب,4,نعم,4,إيجابي,سلبي,غير مرتبط,نعم,نعم,مرتفع,سوء التعامل الفعلي غير المسبوق يجعل العبارة سخرية غاضبة وليست إعجابًا، رغم تشابه الصياغة مع حالة إيجابية مشابهة.,Dataset4_1000
575,عساها فاتحة خير.,الشرقية,بدأ شخص مشروعًا تجاريًا جديدًا بعد تخطيط جيد، فدعا له صديقه بهذه العبارة بصدق وتفاؤل حقيقي.,محايد,دعاء حقيقي وصادق بالتوفيق لبداية مدروسة,تشجيع,فرح,2,لا,0,إيجابي,إيجابي,مرتبط,لا,لا,منخفض,التخطيط الجيد الفعلي للمشروع الجديد يجعل الدعاء صادقًا ومشجعًا بحق دون أي تحفظ.,Dataset4_1000
576,عساها فاتحة خير.,الجنوبية,بدأت شركة تعاملاً جديدًا مع عميل بخطأ في أول فاتورة له، فعلّق العميل بهذه العبارة بنبرة تهكمية متشائمة من استمرار نفس النمط.,محايد,سخرية متشائمة من بداية تعامل تحمل مؤشرًا سلبيًا مبكرًا,سخرية,قلق,2,نعم,2,محايد,سلبي,غير مرتبط,نعم,لا,منخفض,الخطأ الفعلي المبكر في التعامل يجعل عبارة التفاؤل الظاهرية سخرية متشائمة من احتمال تكرار المشكلة مستقبلاً.,Dataset4_1000
577,الله يعوضك خير.,الشمالية,تبرع شخص بمبلغ مالي حقيقي لمساعدة عائلة محتاجة، فدعا له المستفيد بهذه العبارة بامتنان صادق وعميق.,مدح,امتنان حقيقي وعميق لمساعدة فعلية وسخية,شكر,امتنان,4,لا,0,إيجابي,إيجابي,مرتبط,لا,لا,منخفض,المساعدة الفعلية السخية الموصوفة في السياق تجعل الامتنان صادقًا وعميقًا دون أي مبالغة.,Dataset4_1000
578,الله يعوضك خير.,سعودية عامة,عرض تاجر على عميل استبدال منتج معيب بمنتج آخر من نفس الفئة المعيبة أيضًا دون أي تحسن فعلي في الجودة.,مدح,سخرية من عرض استبدال لا يحل المشكلة الفعلية,سخرية,استياء,3,نعم,3,إيجابي,سلبي,غير مرتبط,نعم,نعم,متوسط,غياب أي تحسن فعلي في جودة البديل المعروض يجعل عبارة الدعاء الظاهرية سخرية من حل غير مجدٍ فعليًا.,Dataset4_1000
579,توك ذكرتني بموضوع مهم.,الوسطى,أثار زميل نقطة مهمة نسيها المتحدث تمامًا خلال اجتماع، فشكره بصدق على التذكير المفيد والجيد التوقيت.,محايد,امتنان حقيقي وصادق على تذكير مفيد فعلاً,شكر,امتنان,2,لا,0,محايد,إيجابي,مرتبط,لا,لا,منخفض,الفائدة الفعلية الحقيقية للتذكير الموصوفة في السياق تجعل الامتنان صادقًا ومباشرًا.,Dataset4_1000
580,توك ذكرتني بموضوع مهم.,الحجازية,أثار زميل في اجتماع مهم موضوعًا حساسًا كان من المفترض ألا يُطرح علنًا، مما وضع المتحدث في موقف محرج أمام الجميع.,محايد,استياء مغلف بعبارة تبدو محايدة ظاهريًا,لوم,استياء,3,لا,0,محايد,سلبي,مرتبط جزئيًا,لا,لا,منخفض,الإحراج الفعلي الناتج عن طرح موضوع حساس في وقت غير مناسب يجعل العبارة الظاهرية المحايدة تخفي استياءً حقيقيًا من التوقيت.,Dataset4_1000
581,ما راح أحكم بسرعة، بس هذي مو أول إشارة تقلقني منكم.,الوسطى,لاحظ عميل مؤشرًا ثانيًا على تراجع محتمل في جودة خدمة كان راضيًا عنها سابقًا، دون أن يصل الأمر بعد لمستوى الشكوى الرسمية.,محايد,تحذير هادئ يخفي قلقًا متراكمًا من نمط متكرر,تحذير,قلق,2,لا,0,محايد,سلبي,مرتبط جزئيًا,نعم,لا,منخفض,عبارة (ما راح أحكم بسرعة) تحمل تحذيرًا حقيقيًا من تكرار مؤشرات سلبية أكثر من كونها تعليقًا محايدًا بريئًا.,Dataset4_1000
582,أحترم قراركم، بس ودي أعرف كيف توصلتوا له بالضبط.,الحجازية,رُفض طلب ترقية موظف دون تفسير كافٍ، فطلب توضيحًا لمعايير القرار بأسلوب هادئ ومهني دون اعتراض صريح.,محايد,استفسار مهذب يحمل تشكيكًا ضمنيًا في معايير القرار,استفسار,استياء,2,لا,0,محايد,سلبي,مرتبط جزئيًا,لا,لا,منخفض,الاحترام الظاهري في بداية الجملة لا يخفي تشكيكًا حقيقيًا في شفافية معايير القرار المتخذ.,Dataset4_1000
583,بعض الفرق تحتاج تنسيق أفضل مع بعضها، بس هذا رأيي الشخصي فقط.,الشرقية,لاحظ موظف تضاربًا واضحًا في المعلومات بين قسمين مختلفين أثناء العمل على مشروع مشترك.,محايد,انتقاد غير مباشر لضعف تنسيق بين الأقسام,لوم,استياء,2,لا,0,محايد,سلبي,مرتبط جزئيًا,لا,لا,منخفض,تأطير الملاحظة كرأي شخصي عام يخفف حدتها الظاهرية لكنه لا يلغي كونها انتقادًا حقيقيًا لضعف تنسيق فعلي لاحظه بنفسه.,Dataset4_1000
584,والله ما أبي أضخم الموضوع، بس تكرر معي أكثر من شخص يشتكي من نفس الشي.,الجنوبية,سمع عميل من عدة أصدقاء شكاوى متشابهة عن نفس المشكلة في خدمة معينة قبل أن يواجهها بنفسه أيضًا.,محايد,تحذير جاد مغلف بعبارة تقليل من شأنه,تحذير,قلق,2,لا,0,محايد,سلبي,مرتبط جزئيًا,نعم,لا,منخفض,تكرار الشكوى من عدة مصادر مستقلة يجعل هذا التقليل الظاهري (ما أبي أضخم الموضوع) تحذيرًا جادًا وليس مجرد ملاحظة عابرة.,Dataset4_1000
585,عادي، بس صراحة توقعت حماس أكثر من الفريق في هالمشروع بالذات.,الشمالية,شارك فريق عمل بمستوى أقل من المعتاد في مشروع كان يُفترض أن يحظى باهتمام أكبر نظرًا لأهميته الاستراتيجية.,محايد,خيبة أمل مباشرة مغلفة بكلمة عادي افتتاحية,شكوى,خيبة أمل,2,لا,0,محايد,سلبي,مرتبط جزئيًا,لا,لا,منخفض,كلمة عادي الافتتاحية لا تخفي خيبة أمل حقيقية معبرًا عنها بوضوح في بقية الجملة تجاه مستوى الحماس المتوقع.,Dataset4_1000
586,مو مضطر تفسر لي كل التفاصيل، بس كان بودي أعرف قبل لا يصير الاجتماع.,سعودية عامة,اكتشف موظف تغييرًا في أجندة اجتماع مهم أثناء الاجتماع نفسه فقط، دون أن يُخطر به مسبقًا رغم علاقته المباشرة بموضوعه.,محايد,عتاب هادئ من غياب إخطار مسبق مهم,عتاب,استياء,2,لا,0,محايد,سلبي,مرتبط جزئيًا,لا,لا,منخفض,التنازل الظاهري عن طلب التفسير الكامل لا يخفي عتابًا حقيقيًا من عدم إخطاره بتغيير يخصه مباشرة قبل وقوعه.,Dataset4_1000
587,أنا شخصيًا ما عندي مشكلة، بس أشوف بعض الزملاء متضايقين من الموضوع.,الوسطى,علّق موظف بأسلوب غير مباشر على قرار إداري غير شعبي، ناقلاً استياء زملائه بدلاً من التعبير المباشر عن رأيه الشخصي.,محايد,استياء شخصي مغلف بنقل رأي الآخرين,لوم,استياء,2,لا,0,محايد,سلبي,مرتبط جزئيًا,لا,لا,منخفض,نسب الاستياء للزملاء بدل التصريح به شخصيًا هو أسلوب غير مباشر (Passive-Aggressive) للتعبير عن موقف شخصي حقيقي.,Dataset4_1000
588,خلاص ما راح أعلق أكثر، الموضوع واضح لمن يبي يشوف.,الحجازية,لاحظ عميل تناقضًا واضحًا بين وعود تسويقية لشركة وتجربته الفعلية معها، وفضّل عدم الخوض في تفاصيل إضافية بعد تعليق مقتضب.,محايد,انسحاب من النقاش يحمل انتقادًا ضمنيًا واضحًا,لوم,استياء,2,نعم,2,محايد,سلبي,مرتبط جزئيًا,نعم,لا,منخفض,عبارة (الموضوع واضح لمن يبي يشوف) تحمل سخرية خفيفة موجهة لمن لا يريد الاعتراف بالمشكلة الظاهرة أصلاً.,Dataset4_1000
589,والله ما ننكر جهودكم، بس النتيجة النهائية هي اللي تهمنا في الآخر.,الشرقية,بذل فريق عمل جهدًا واضحًا في مشروع، لكن النتيجة النهائية لم تحقق الأهداف المرجوة رغم كل الجهد المبذول.,محايد,تقييم صريح يقدم النتيجة على تقدير الجهد,لوم,خيبة أمل,2,لا,0,محايد,سلبي,مرتبط,لا,لا,منخفض,الجملة توازن صريح بين الاعتراف بالجهد والتأكيد على أهمية النتيجة الفعلية، دون أي سخرية أو غموض.,Dataset4_1000
590,ما راح أزعل، بس صراحة توقعت شي أحسن من هالمستوى بصفتي زبون قديم.,الجنوبية,تلقى عميل دائم منذ سنوات خدمة بمستوى أقل من المعتاد، رغم علاقته الطويلة والمستمرة مع نفس مزود الخدمة.,محايد,خيبة أمل مباشرة مبنية على مقارنة بتوقعات ولاء طويل,شكوى,خيبة أمل,3,لا,0,محايد,سلبي,مرتبط,نعم,نعم,منخفض,عبارة (ما راح أزعل) الافتتاحية لا تخفي خيبة أمل حقيقية معبرًا عنها بوضوح مبنية على مقارنة صريحة بتوقعات الولاء.,Dataset4_1000
591,أحيانًا السكوت أبلغ من الكلام، وأنا حاليًا ساكت.,الشمالية,شهد موظف قرارًا إداريًا اعتبره غير عادل تجاه زميله، وفضّل عدم التعليق المباشر مكتفيًا بهذه العبارة الملغزة أمام الجميع.,محايد,استياء واضح مغلف بعبارة غامضة ومحسوبة,لوم,استياء,2,لا,0,محايد,سلبي,مرتبط جزئيًا,لا,لا,منخفض,الغموض المتعمد في الجملة أداة تعبير غير مباشرة عن استياء حقيقي دون تحمل مسؤولية التصريح به مباشرة.,Dataset4_1000
592,مو مشكلة، بس خليكم عارفين إن هذا أثر على جدولنا كامل.,سعودية عامة,تسبب تأخير مورد في تعطيل جدول عمل فريق كامل، فعبّر عضو الفريق عن ذلك بأسلوب يجمع بين التساهل الظاهري وتوضيح الأثر الفعلي.,محايد,استياء مباشر مغلف بعبارة تساهل افتتاحية,شكوى,استياء,2,لا,0,محايد,سلبي,مرتبط جزئيًا,لا,نعم,منخفض,كلمة (مو مشكلة) لا تخفي التوضيح المباشر للأثر الفعلي السلبي الذي لحق بجدول عمل الفريق بأكمله.,Dataset4_1000
593,ما راح أطول، بس ودي أعرف متى بالضبط رح يصير التغيير اللي وعدتونا فيه.,الوسطى,وعدت إدارة موظفين بتغيير سياسة معينة منذ شهرين دون تحديد موعد فعلي أو تنفيذ ملموس حتى الآن.,محايد,استفسار مباشر يحمل استياءً من تأخر وعد سابق,استفسار,نفاد صبر,3,لا,0,محايد,سلبي,مرتبط,لا,نعم,متوسط,طول مدة الانتظار الفعلية منذ الوعد الأصلي يجعل الاستفسار يحمل استياءً منطقيًا من تأخر التنفيذ.,Dataset4_1000
594,والله الجميع يشتغل بجد، بس النتائج تقول شي ثاني للأسف.,الحجازية,لاحظ مدير قسم أن جهد الفريق الظاهري لا يترجم لنتائج فعلية ملموسة رغم ساعات العمل الطويلة المبذولة.,محايد,تقييم صريح يفصل بين تقدير الجهد وواقع النتائج,لوم,خيبة أمل,2,لا,0,محايد,سلبي,مرتبط,لا,لا,منخفض,الفصل الصريح بين تقدير الجهد الظاهري والنتائج الفعلية يجعل الجملة تقييمًا موضوعيًا دون أي سخرية أو غموض.,Dataset4_1000
595,أقدر ظروفكم، بس هذي رابع مرة نتفق على موعد وما يصير التسليم فيه.,الشرقية,اتفق عميل مع مورد على موعد تسليم لأربع مرات متتالية، ولم يلتزم المورد بأي منها رغم الاتفاق المسبق في كل مرة.,محايد,استياء مباشر مغلف بعبارة تفهم ظاهرية,شكوى,نفاد صبر,3,لا,0,محايد,سلبي,مرتبط,لا,نعم,متوسط,عبارة التفهم الظاهرية لا تخفي استياءً حقيقيًا من تكرار عدم الالتزام بموعد متفق عليه أربع مرات متتالية.,Dataset4_1000
596,خلها على الله، بس أنا شخصيًا ما راح أرجع أتعامل معهم بعد اليوم.,الجنوبية,اتخذ عميل قرارًا نهائيًا بالتوقف عن التعامل مع شركة معينة بعد تجربة سيئة متكررة، معبرًا عن ذلك بهدوء دون تصعيد علني.,سلبي,قرار حاسم يخفي استياءً عميقًا خلف صياغة هادئة,رفض,خيبة أمل,4,لا,0,سلبي,سلبي,مرتبط,نعم,نعم,متوسط,الهدوء الظاهري في الصياغة (خلها على الله) لا يخفي قرارًا حاسمًا وحادًا بإنهاء التعامل نهائيًا بسبب استياء عميق متراكم.,Dataset4_1000
597,مو لازم تعتذر، بس الأفضل ما يتكرر نفس الموقف مرة ثانية.,الشمالية,اعتذر زميل عمل عن خطأ تسبب في إحراج المتحدث أمام العميل، فقبل الاعتذار لكنه أضاف تحذيرًا واضحًا من التكرار.,محايد,قبول اعتذار مصحوب بتحذير صريح من التكرار,تحذير,استياء,2,لا,0,محايد,سلبي,مرتبط,لا,لا,منخفض,الجملة توازن واضح بين قبول الاعتذار وتحذير صريح من التكرار، دون أي سخرية أو غموض في المقصد.,Dataset4_1000
598,ما ألومكم، بس الفرق بين اللي وعدتوني فيه واللي صار واضح للعيان.,سعودية عامة,وعد بائع عميلًا بمواصفات معينة لمنتج، لكن المنتج الفعلي المستلم اختلف بشكل واضح عن الوعد المقدم قبل الشراء.,سلبي,استياء مباشر مغلف بعبارة عدم لوم ظاهرية,شكوى,استياء,3,لا,0,سلبي,سلبي,مرتبط,نعم,نعم,متوسط,عبارة (ما ألومكم) الافتتاحية لا تخفي استياءً حقيقيًا واضحًا من فجوة كبيرة بين الوعد والواقع الفعلي للمنتج.,Dataset4_1000
599,ما أبي أكون قاسي بالحكم، بس الأداء هالربع كان دون المتوسط بصراحة.,الوسطى,قيّم مدير أداء فريقه في نهاية الربع فوجده أقل من المستوى المعتاد بشكل واضح رغم عدم رغبته في تقديم تقييم قاسٍ.,سلبي,نقد مباشر مخفف بعبارة تحفظ ظاهرية,لوم,خيبة أمل,3,لا,0,سلبي,سلبي,مرتبط,لا,لا,منخفض,التحفظ الظاهري في بداية الجملة لا يخفي نقدًا مباشرًا وصريحًا للأداء الفعلي الأقل من المتوسط.,Dataset4_1000
600,مافي داعي نتناقش أكثر من كذا، الأرقام والنتائج تتكلم عن نفسها بوضوح.,الحجازية,قدّم فريق مبيعات نتائج ربع سنوي متراجعة بشكل واضح، فعلّق المدير بهذه العبارة منهيًا النقاش دون توجيه لوم مباشر لأي شخص.,محايد,لوم غير مباشر مبني على بيانات موضوعية وحاسمة,لوم,استياء,3,لا,0,محايد,سلبي,مرتبط جزئيًا,لا,لا,متوسط,الإحالة الحاسمة للأرقام كدليل موضوعي تخفي لومًا حقيقيًا غير مصرح به مباشرة تجاه المسؤولين عن التراجع.,Dataset4_1000
601,والله يبان عليكم تعبانين هالأسبوع، خذوا راحتكم شوي.,الشرقية,لاحظ عميل إرهاقًا واضحًا على فريق دعم فني بسبب ضغط عمل استثنائي، فعبّر عن تعاطفه الصادق دون أي انتقاد لجودة الخدمة.,محايد,تعاطف حقيقي وصادق بدون أي نقد كامن,تشجيع,تقدير,2,لا,0,محايد,محايد,مرتبط,نعم,لا,منخفض,هذه حالة معنى غير مباشر (ملاحظة على حالة الفريق) لكن بدون أي سخرية أو استياء كامن، فالتعاطف هنا صادق تمامًا.,Dataset4_1000
602,أوكي فهمت، بس خليها هالمرة أخيرة نغير فيها موعد التسليم.,الجنوبية,وافق عميل على تأجيل موعد تسليم مشروع للمرة الثانية، لكنه أوضح بوضوح أنه لن يقبل تأجيلاً إضافيًا بعد هذه المرة.,محايد,موافقة مشروطة تحمل تحذيرًا واضحًا من التكرار,تحذير,نفاد صبر,2,لا,0,محايد,سلبي,مرتبط,لا,لا,منخفض,الموافقة هنا حقيقية لكنها مشروطة بتحذير واضح وصريح، وهذا يختلف عن الموافقة الظاهرية التي تخفي رفضًا داخليًا.,Dataset4_1000
603,للأمانة أنا معجب بالفكرة، بس التوقيت اللي طرحتوها فيه كان غير مناسب.,الشمالية,طرح موظف فكرة جيدة موضوعيًا في وقت غير مناسب أثناء أزمة عمل كان يمر بها الفريق، فقُوبلت بتحفظ رغم جودتها.,مدح,تقييم صريح يفصل بين جودة الفكرة وملاءمة توقيتها,اقتراح,حياد,1,لا,0,إيجابي,محايد,مرتبط,لا,لا,منخفض,الفصل الصريح بين تقدير جودة الفكرة والتحفظ على توقيتها يجعل الجملة تقييمًا موضوعيًا دون أي سخرية أو غموض.,Dataset4_1000
604,ما راح أكذب عليك، توقعاتي كانت أعلى من كذا لمشروع بهالحجم.,سعودية عامة,أنجز فريق مشروعًا بمستوى مقبول لكنه أقل من الطموح المتوقع نظرًا لحجم الموارد والوقت المخصصين له.,سلبي,خيبة أمل صريحة ومباشرة دون أي تلطيف زائد,شكوى,خيبة أمل,3,لا,0,سلبي,سلبي,مرتبط,لا,لا,منخفض,الصدق الصريح في الجملة (ما راح أكذب عليك) يجعل خيبة الأمل المعبر عنها مباشرة وواضحة دون أي غموض أو سخرية.,Dataset4_1000
605,والله يبين عليكم مجتهدين، بس التنظيم يحتاج شغل أكثر شوي.,الوسطى,لاحظ زائر فعالية اجتماعية جهدًا واضحًا من المنظمين، لكن التنظيم الفعلي كان يفتقر لبعض التفاصيل الأساسية رغم الجهد المبذول.,محايد,تقييم متوازن يجمع تقدير الجهد مع نقد بنّاء للتنظيم,اقتراح,حياد,2,لا,0,إيجابي,محايد,مرتبط,لا,لا,منخفض,الجملة توازن صريح وموضوعي بين تقدير الجهد الفعلي والإشارة البنّاءة لنقص في جانب التنظيم دون أي سخرية.,Dataset4_1000
606,أبد ما أقصد أجرحك، بس رأيي إن الفكرة تحتاج مراجعة كاملة من الصفر.,الحجازية,قدّم زميل رأيًا صريحًا وقاسيًا نسبيًا حول فكرة مشروع زميله، موضحًا نيته الطيبة قبل تقديم النقد المباشر.,سلبي,نقد مباشر وصريح رغم التمهيد اللطيف له,لوم,استياء,2,لا,0,سلبي,سلبي,مرتبط,لا,لا,منخفض,التمهيد اللطيف (أبد ما أقصد أجرحك) لا يغير من كون النقد التالي مباشرًا وصريحًا وواضح المقصد دون أي التباس.,Dataset4_1000
607,سبحان الله، نفس الملاحظة سجلتها بالاستبيان الماضي ولسا ما تغير شي.,الشرقية,سجّل موظف نفس الملاحظة في استبيان رضا سابق دون أن يلاحظ أي تغيير فعلي في الإجراء المعني حتى وقت تعبئة الاستبيان الحالي.,محايد,استياء مباشر من تكرار ملاحظة دون أي استجابة فعلية,شكوى,إحباط,3,لا,0,محايد,سلبي,مرتبط,لا,نعم,متوسط,تكرار نفس الملاحظة عبر استبيانين متتاليين دون أي استجابة فعلية يجعل الاستياء منطقيًا ومباشرًا دون أي مبالغة.,Dataset4_1000
608,أنا مرتاح للفكرة عمومًا، بس عندي تحفظ بسيط على جزئية التنفيذ فقط.,الجنوبية,ناقش فريق عمل خطة جديدة، وأبدى أحد الأعضاء موافقة عامة مع تحفظ محدد وواضح على تفصيل واحد فقط في آلية التنفيذ.,محايد,موافقة حقيقية جزئية مع تحفظ محدد وصريح,قبول,حياد,1,لا,0,محايد,محايد,مرتبط,لا,لا,منخفض,التحفظ هنا محدد وصريح وليس مبطنًا، وهذا يختلف عن الموافقة الظاهرية التي تخفي رفضًا أوسع غير معلن.,Dataset4_1000
609,عساه خير، بس التوقيت اللي اخترتوه للإعلان غريب شوي بصراحة.,الشمالية,أعلنت شركة عن تغيير مهم في وقت غير مناسب تزامن مع مناسبة عامة أخرى، مما قلل من وضوح وصول الرسالة للجمهور المستهدف.,محايد,استغراب حقيقي من قرار توقيت غير مدروس,استفسار,ارتباك,2,لا,0,محايد,محايد,مرتبط,لا,لا,منخفض,الاستغراب هنا موضوعي وحقيقي من قرار توقيت غير مدروس، دون أي دلالة على غضب عميق أو سخرية لاذعة.,Dataset4_1000
610,والله الدكتور رجع صياغة الاختبار بعد ما لاحظ إنه صعب أكثر من اللازم.,الوسطى,لاحظ أستاذ جامعي بعد الاختبار الأول أن مستوى الصعوبة كان أعلى من المتوقع، فعدّل أسلوب صياغة الأسئلة في الاختبارات اللاحقة.,مدح,تقدير حقيقي لمرونة أكاديمية تستجيب لملاحظات الطلاب,شكر,رضا,2,لا,0,إيجابي,إيجابي,مرتبط,لا,لا,منخفض,الاستجابة الفعلية لملاحظات الطلاب وتعديل الأسلوب تجعل التقدير صادقًا وموضوعيًا دون أي مبالغة.,Dataset4_1000
611,طيب ليش يحسبون الغياب حتى لو دخلنا متأخرين دقيقة وحدة بس؟,الحجازية,طبّقت الجامعة سياسة صارمة تحتسب الغياب الكامل حتى لتأخر بسيط جدًا لا يتجاوز دقيقة واحدة عن بداية المحاضرة.,محايد,استياء مباشر من صرامة غير متناسبة مع حجم التأخير,شكوى,استياء,2,لا,0,محايد,سلبي,مرتبط,لا,نعم,منخفض,عدم التناسب الفعلي بين صرامة العقوبة وحجم التأخير البسيط يجعل الاستياء منطقيًا ومباشرًا دون أي مبالغة.,Dataset4_1000
612,عساك بخير يا دكتور، بس ودي أفهم ليش درجتي انخفضت رغم إجاباتي المشابهة للنموذج.,الشرقية,قارن طالب إجاباته بالنموذج الإرشادي المعتمد ولاحظ تشابهًا كبيرًا، لكن درجته جاءت أقل من المتوقع دون تفسير واضح للفارق.,محايد,استفسار مهذب يحمل استياءً من غياب تفسير واضح,استفسار,قلق,2,لا,0,محايد,سلبي,مرتبط جزئيًا,لا,نعم,منخفض,الدعاء الافتتاحي لا يخفي استياءً حقيقيًا من فجوة غير مفسرة بين الإجابات والنموذج المعتمد رسميًا.,Dataset4_1000
613,والله فخورين بالجامعة، فريقنا مثّلنا بمسابقة دولية وحقق مركز متقدم.,الجنوبية,شارك فريق طلابي في مسابقة دولية باسم جامعته وحقق مركزًا متقدمًا بعد تحضير مكثف ودعم أكاديمي حقيقي.,مدح,فخر حقيقي وصادق بإنجاز أكاديمي فعلي,مدح,فخر,5,لا,0,إيجابي,إيجابي,مرتبط,لا,لا,منخفض,الإنجاز الفعلي الحقيقي الموصوف في السياق يجعل الفخر المعبر عنه صادقًا وعميقًا دون أي مبالغة.,Dataset4_1000
614,عجيب، جدول المحاضرات يتغير كل أسبوعين بدون أي تفسير رسمي.,الشمالية,غيّرت إدارة القسم جدول محاضرات الطلاب مرتين خلال شهر دون تقديم أي تفسير رسمي لهذه التغييرات المتكررة.,محايد,استياء واستغراب من تغيير متكرر بلا تفسير,شكوى,ارتباك,2,لا,0,محايد,سلبي,مرتبط,لا,نعم,منخفض,التكرار الفعلي للتغيير دون تفسير رسمي يجعل الاستغراب هنا استياءً حقيقيًا من ضعف التواصل الإداري.,Dataset4_1000
615,تسلمون على مركز الإرشاد النفسي الجديد، فرق كبير يحسه الطلاب فعلًا.,سعودية عامة,افتتحت الجامعة مركزًا للإرشاد النفسي للطلاب، ولاحظ طلاب استفادوا منه تحسنًا حقيقيًا في تعاملهم مع ضغوط الدراسة.,مدح,امتنان حقيقي وصادق لمبادرة تدعم رفاهية الطلاب فعليًا,شكر,امتنان,3,لا,0,إيجابي,إيجابي,مرتبط,لا,لا,منخفض,الفائدة الفعلية الملموسة لهذه المبادرة تجعل الامتنان صادقًا وموضوعيًا دون أي مبالغة.,Dataset4_1000
616,طيب ليش نظام التسجيل يسمح بتعارض بين محاضرتين بنفس الوقت بدل ما يمنعه من الأساس؟,الوسطى,تمكن طالب من تسجيل محاضرتين في نفس التوقيت دون أن يمنعه نظام التسجيل الإلكتروني من ذلك، مما تسبب في مشكلة لاحقة.,محايد,استياء مباشر من خلل تقني في منع التعارض,شكوى,ارتباك,2,لا,0,محايد,سلبي,مرتبط,لا,نعم,منخفض,غياب آلية منع تعارض واضحة في نظام مصمم لهذا الغرض تحديدًا يجعل الاستياء منطقيًا ومباشرًا.,Dataset4_1000
617,والله الدكتورة صبرت علينا كثير وقت المشروع الجماعي، ما توقعت هالتفهم.,الحجازية,واجه فريق طلابي صعوبات في التنسيق أثناء مشروع جماعي، وتفهمت المشرفة الأكاديمية الموقف ومنحتهم دعمًا إضافيًا بصبر.,مدح,امتنان حقيقي يفوق التوقع لتفهم استثنائي,شكر,امتنان,3,لا,0,إيجابي,إيجابي,مرتبط,لا,لا,منخفض,التفهم الفعلي الذي فاق التوقع المعتاد يجعل الامتنان المعبر عنه صادقًا وعميقًا دون أي مبالغة.,Dataset4_1000
618,للأسف حسيت إن تقييم المشروع اعتمد على انطباع شخصي أكثر من معايير واضحة.,الشرقية,قيّم مشرف مشروع تخرج طلابيًا دون توضيح معايير تقييم واضحة ومسبقة، مما ترك الطلاب في حيرة حول أساس الدرجة الممنوحة.,سلبي,استياء مباشر من غياب معايير تقييم موضوعية وواضحة,شكوى,قلق,3,لا,0,سلبي,سلبي,مرتبط,لا,نعم,متوسط,غياب معايير واضحة ومسبقة للتقييم يجعل الاستياء منطقيًا ومباشرًا دون أي حاجة لتفسير سياقي معقد.,Dataset4_1000
619,عساها بادرة تستمر، وزعوا علينا كتب مجانية أول أسبوع دراسي.,الجنوبية,وزعت الجامعة كتبًا دراسية مجانية على الطلاب في بداية الفصل الدراسي كمبادرة لتخفيف الأعباء المالية عنهم.,مدح,استحسان حقيقي لمبادرة عملية تخفف عبئًا ماليًا فعليًا,شكر,رضا,2,لا,0,إيجابي,إيجابي,مرتبط,لا,لا,منخفض,الفائدة المالية الفعلية لهذه المبادرة تجعل الاستحسان صادقًا وموضوعيًا دون أي مبالغة.,Dataset4_1000
620,سبحان الله، معمل الحاسب مزدحم دايمًا وقت المشاريع رغم وجود قاعات فاضية جنبه.,الشمالية,لاحظ طالب ازدحامًا دائمًا في معمل الحاسب خلال فترات المشاريع، بينما توجد قاعات دراسية فارغة مجاورة يمكن استغلالها بسهولة.,محايد,استياء من سوء توزيع للموارد المتاحة فعليًا,شكوى,إحباط,2,لا,0,محايد,سلبي,مرتبط,لا,لا,منخفض,التناقض الفعلي بين ازدحام معمل ووجود قاعات فارغة مجاورة يجعل الاستياء منطقيًا ومباشرًا دون أي مبالغة.,Dataset4_1000
621,والله أشكر الدكتور، رفع لنا المحاضرات مسجلة بعد كل حصة بدون ما نطلب منه.,سعودية عامة,رفع أستاذ جامعي تسجيلات محاضراته بشكل استباقي بعد كل حصة دون أن يطلب الطلاب ذلك، مما ساعدهم كثيرًا في المراجعة.,مدح,امتنان حقيقي لمبادرة استباقية مفيدة فعليًا,شكر,امتنان,3,لا,0,إيجابي,إيجابي,مرتبط,لا,لا,منخفض,المبادرة الاستباقية الفعلية غير المطلوبة تجعل الامتنان صادقًا وموضوعيًا دون أي مبالغة.,Dataset4_1000
622,طيب ليش نموذج الإجابة النهائي يختلف عن اللي شرحه الدكتور بالمحاضرة؟,الوسطى,شرح أستاذ جامعي طريقة حل معينة خلال المحاضرة، لكن نموذج الإجابة النهائي للاختبار اعتمد طريقة مختلفة دون توضيح مسبق.,محايد,استياء مباشر من تناقض بين الشرح والتقييم الفعلي,شكوى,ارتباك,3,لا,0,محايد,سلبي,مرتبط,لا,نعم,متوسط,التناقض الفعلي بين ما شُرح وما اعتُمد في التقييم يجعل الاستياء منطقيًا ومباشرًا دون أي غموض.,Dataset4_1000
623,عاشت الأيادي، الجامعة صارت توفر مواقف سيارات إضافية وقت الاختبارات.,الحجازية,أضافت إدارة الجامعة مواقف سيارات مؤقتة إضافية خلال فترة الاختبارات النهائية لتخفيف أزمة المواقف المعتادة في تلك الفترة.,مدح,رضا حقيقي عن حل عملي لمشكلة موسمية متكررة,شكر,رضا,2,لا,0,إيجابي,إيجابي,مرتبط,لا,لا,منخفض,الحل العملي الفعلي لمشكلة موسمية متكررة يجعل الرضا صادقًا وموضوعيًا دون أي مبالغة.,Dataset4_1000
624,والله المدير هالمرة استمع لنا كامل الاجتماع بدون ما يقاطع ولا مرة.,الشرقية,عقد مدير قسم اجتماعًا استمع خلاله لملاحظات فريقه بالكامل دون أي مقاطعة، وهو أسلوب مختلف عن اجتماعاته السابقة المعتادة.,مدح,استحسان حقيقي لتغير إيجابي ملموس في أسلوب الإدارة,مدح,رضا,3,لا,0,إيجابي,إيجابي,مرتبط,لا,لا,منخفض,المقارنة الضمنية بأسلوب سابق مختلف تعزز صدق الاستحسان عن هذا التغير الإيجابي الملموس في الإدارة.,Dataset4_1000
625,طيب ليش قرار الترقيات يطلع بعد الإجازة السنوية مباشرة كل مرة؟,الجنوبية,لاحظ موظفون نمطًا متكررًا يتمثل في إعلان قرارات الترقيات دائمًا بعد فترة الإجازات السنوية، مما أثار تساؤلات حول توقيت هذا الإعلان.,محايد,استغراب واستياء من نمط توقيت متكرر ومريب,استفسار,ارتباك,2,لا,0,محايد,سلبي,مرتبط جزئيًا,لا,لا,منخفض,تكرار النمط الزمني الملحوظ يحمل استياءً وشكًا خفيفًا في توقيت الإعلان عن الترقيات بشكل متعمد.,Dataset4_1000
626,عاشت الأيادي، صار فيه صندوق اقتراحات مجهول الهوية وفعلًا يقرأونه.,الشمالية,أضافت الشركة صندوق اقتراحات مجهول الهوية للموظفين، ولاحظ أحد الموظفين تطبيق أحد اقتراحاته فعليًا خلال أسابيع قليلة.,مدح,امتنان حقيقي لجدية فعلية في الاستماع لآراء الموظفين,شكر,رضا,3,لا,0,إيجابي,إيجابي,مرتبط,لا,لا,منخفض,التطبيق الفعلي لاقتراح موظف خلال فترة قصيرة يجعل الامتنان صادقًا وموضوعيًا وليس مجرد مجاملة شكلية.,Dataset4_1000
627,سبحان الله، تقييم الأداء يعتمد على استبيان زملاء بس ما أحد يعرف مين قيّمه أصلًا.,سعودية عامة,اعتمدت الشركة نظام تقييم أداء يشمل آراء الزملاء، لكن آلية اختيار المقيّمين لم تكن واضحة أو شفافة لأي موظف.,محايد,استياء من غموض في آلية تقييم مهمة,شكوى,قلق,2,لا,0,محايد,سلبي,مرتبط,لا,نعم,منخفض,غياب الشفافية الفعلية في آلية اختيار المقيّمين يجعل الاستياء منطقيًا ومباشرًا دون أي مبالغة.,Dataset4_1000
628,والله فخورين، صرنا أول قسم يحقق الهدف السنوي كامل قبل نهاية الربع الثالث.,الوسطى,حقق قسم عمل هدفه السنوي بالكامل قبل نهاية الربع الثالث من السنة، متقدمًا بذلك على جميع الأقسام الأخرى في الشركة.,مدح,فخر حقيقي بإنجاز جماعي متميز ومبكر,مدح,فخر,5,لا,0,إيجابي,إيجابي,مرتبط,لا,لا,منخفض,الإنجاز الفعلي المبكر والمتميز الموصوف في السياق يجعل الفخر المعبر عنه صادقًا تمامًا دون أي مبالغة.,Dataset4_1000
629,طيب ليش سياسة الإجازات تتغير كل ما يجي مدير جديد للقسم؟,الحجازية,لاحظ موظفون أن سياسة الإجازات في قسمهم تتغير بشكل ملحوظ مع كل تغيير في الإدارة، مما يخلق حالة عدم استقرار مستمرة.,محايد,استياء مباشر من عدم استقرار في سياسات أساسية,شكوى,إحباط,3,لا,0,محايد,سلبي,مرتبط,لا,نعم,متوسط,التذبذب الفعلي المتكرر في سياسة أساسية يجعل الاستياء منطقيًا ومباشرًا دون أي حاجة لتفسير إضافي.,Dataset4_1000
630,عاشت الأيادي، وفروا دورة تدريبية مجانية تفيدنا فعليًا في شغلنا اليومي.,الشرقية,قدمت الشركة دورة تدريبية مجانية لموظفيها تناولت مهارات عملية يحتاجونها فعليًا في مهامهم اليومية، مما جعلها ذات فائدة حقيقية.,مدح,امتنان حقيقي لمبادرة تدريب عملية ومفيدة فعليًا,شكر,امتنان,3,لا,0,إيجابي,إيجابي,مرتبط,لا,لا,منخفض,الفائدة العملية الفعلية للدورة الموصوفة في السياق تجعل الامتنان صادقًا وموضوعيًا دون أي مبالغة.,Dataset4_1000
631,للأسف حسيت إن ملاحظاتي بتقييم الأداء انتقادية أكثر مما تستحق حالتي.,الجنوبية,تلقى موظف تقييم أداء يتضمن ملاحظات انتقادية شديدة رغم أن أداءه الفعلي خلال العام كان جيدًا نسبيًا حسب مؤشرات موضوعية.,سلبي,استياء مباشر من عدم تناسب النقد مع الأداء الفعلي,شكوى,خيبة أمل,3,لا,0,سلبي,سلبي,مرتبط,لا,لا,متوسط,عدم التناسب الفعلي بين حدة النقد ومستوى الأداء الموضوعي يجعل الاستياء منطقيًا ومباشرًا.,Dataset4_1000
632,والله عجبتني السياسة الجديدة، صار فيه مرونة أكبر باختيار أيام العمل من المكتب.,الشمالية,أضافت الشركة مرونة جديدة تتيح للموظفين اختيار أيام حضورهم للمكتب بدلاً من جدول ثابت موحد للجميع.,مدح,استحسان حقيقي لمرونة عملية تحسّن توازن الحياة,مدح,رضا,3,لا,0,إيجابي,إيجابي,مرتبط,لا,لا,منخفض,الفائدة العملية الفعلية لهذه المرونة الجديدة تجعل الاستحسان صادقًا وموضوعيًا دون أي مبالغة.,Dataset4_1000
633,طيب ليش كل اقتراح تحسين لازم يمر على خمس مستويات موافقة قبل ما يُنفذ؟,سعودية عامة,لاحظ موظف أن أي اقتراح تحسين بسيط يحتاج موافقة خمسة مستويات إدارية متتالية قبل التنفيذ، مما يبطئ أي تغيير حتى لو كان بسيطًا.,محايد,استياء مباشر من بيروقراطية تبطئ التحسين الفعلي,شكوى,إحباط,3,لا,0,محايد,سلبي,مرتبط,لا,نعم,متوسط,التعقيد الإجرائي الفعلي الموصوف في السياق يجعل الاستياء منطقيًا ومباشرًا دون أي حاجة لتفسير إضافي.,Dataset4_1000
634,والله جارنا القديم كان يزعجنا بالسيارة، الجديد ولا صوت منه أبدًا.,الوسطى,انتقل جار جديد لمنزل مجاور بعد جار سابق كان يسبب إزعاجًا متكررًا بصوت سيارته، ولاحظ السكان هدوءًا تامًا مع الجار الجديد.,مدح,رضا حقيقي مقارنة بتجربة سابقة مزعجة,مدح,ارتياح,2,لا,0,إيجابي,إيجابي,مرتبط,لا,لا,منخفض,المقارنة الصريحة بتجربة سابقة مزعجة تعزز صدق الرضا عن هدوء الجار الجديد الفعلي.,Dataset4_1000
635,طيب ليش إشارة المرور هذي دايمًا حمراء أطول من باقي الإشارات بنفس التقاطع؟,الحجازية,لاحظ سائق أن مدة الإشارة الحمراء عند اتجاه معين في تقاطع مروري أطول بشكل ملحوظ من باقي الاتجاهات في نفس التقاطع.,محايد,استياء من ملاحظة تقنية موضوعية تتكرر يوميًا,استفسار,نفاد صبر,2,لا,0,محايد,سلبي,مرتبط,لا,لا,منخفض,الاستفسار هنا موضوعي ويحمل استياءً منطقيًا من ملاحظة تتكرر يوميًا وتؤثر على وقت السائقين فعليًا.,Dataset4_1000
636,عساك بخير، بس هذي أول مرة أشوفك ترد على رسالتي بعد يومين كاملين.,الشرقية,أرسل المتحدث رسالة لصديقه المعتاد بالرد السريع، لكن الرد هذه المرة تأخر يومين كاملين دون أي تفسير.,محايد,عتاب مباشر مغلف بدعاء افتتاحي لصديق قريب,عتاب,استياء,2,لا,0,محايد,سلبي,غير مرتبط,لا,لا,منخفض,تأخر الرد بشكل غير معتاد عن نمط الصديق المعروف يجعل الدعاء الافتتاحي عتابًا حقيقيًا وليس تحية عابرة فقط.,Dataset4_1000
637,سبحان الله، السوبر ماركت اللي جنبنا صار يفتح أبكر بساعة عن السابق.,الجنوبية,غيّر سوبر ماركت قريب من منزل المتحدث موعد فتحه ليصبح أبكر بساعة كاملة، مما سهّل تسوق سكان الحي في الصباح الباكر.,محايد,استحسان حقيقي لتغيير عملي يخدم سكان الحي,مدح,رضا,2,لا,0,إيجابي,إيجابي,مرتبط,لا,لا,منخفض,الفائدة العملية الفعلية لهذا التغيير تجعل الاستحسان صادقًا وموضوعيًا دون أي مبالغة أو سخرية.,Dataset4_1000
638,للأسف حسيت بخيبة أمل لما وصلت الحديقة ولقيتها مقفولة بدون أي إعلان مسبق.,الشمالية,خطط المتحدث لزيارة حديقة عامة مع عائلته، لكنه فوجئ عند الوصول بإغلاقها دون أي إعلان مسبق على موقعها الرسمي أو لافتات تحذيرية.,سلبي,خيبة أمل مباشرة من غياب إشعار مسبق بالإغلاق,شكوى,خيبة أمل,3,لا,0,سلبي,سلبي,مرتبط,لا,نعم,منخفض,غياب أي إشعار مسبق بالإغلاق يجعل خيبة الأمل مباشرة ومبررة تمامًا دون أي مبالغة.,Dataset4_1000
639,والله فرحانين بالجمعية الخيرية الجديدة، ساعدت عائلات كثيرة في حينا.,سعودية عامة,أسست مجموعة من سكان الحي جمعية خيرية محلية قدمت مساعدات فعلية وملموسة لعدة عائلات محتاجة خلال أشهر قليلة من تأسيسها.,مدح,فرح حقيقي وصادق بأثر خيري فعلي وملموس,مدح,فرح,4,لا,0,إيجابي,إيجابي,مرتبط,لا,لا,منخفض,الأثر الفعلي الملموس لهذه المبادرة الموصوف في السياق يجعل الفرح المعبر عنه صادقًا وعميقًا.,Dataset4_1000
640,عجيب كيف نفس الموقف يتكرر كل ما نطلع رحلة عائلية، دايمًا فيه تأخير من طرف واحد.,الوسطى,لاحظت عائلة نمطًا متكررًا لتأخر أحد أفرادها في الاستعداد قبل كل رحلة عائلية مخطط لها مسبقًا، مما يؤخر انطلاق الجميع في كل مرة.,محايد,عتاب غير مباشر من نمط متكرر يخص شخصًا محددًا,عتاب,نفاد صبر,2,لا,0,محايد,سلبي,مرتبط جزئيًا,لا,لا,منخفض,الصياغة العامة تخفي عتابًا موجهًا فعليًا لشخص معين يتكرر تأخره في كل مناسبة مشابهة يعرفها المتحدث جيدًا.,Dataset4_1000
641,يا سلام، أول مرة ألقى موقف فاضي قدام المسجد وقت صلاة الجمعة بالضبط.,الحجازية,فوجئ مصلٍّ بوجود موقف سيارات فارغ قريب من المسجد في وقت صلاة الجمعة المزدحم عادة، وهو ما لم يحدث معه من قبل في نفس التوقيت.,إيجابي,استغراب إيجابي حقيقي من موقف نادر ومريح,حياد,ارتياح,2,لا,0,إيجابي,إيجابي,مرتبط,لا,لا,منخفض,الاستغراب هنا إيجابي وصادق تمامًا، فهو ناتج عن موقف نادر ومريح وليس سخرية من أي شيء.,Dataset4_1000
642,طيب ليش تطبيق الطقس يقول صحو والدنيا عاصفة برا فعلًا؟,الشرقية,أظهر تطبيق طقس حالة صحو ومشمسة، بينما كانت الأجواء الفعلية خارج المنزل عاصفة ومختلفة تمامًا عما هو معروض في التطبيق.,محايد,استغراب حقيقي من تناقض بين البيانات والواقع الملموس,استفسار,ارتباك,1,لا,0,محايد,محايد,مرتبط,لا,لا,منخفض,الاستغراب هنا حقيقي وموضوعي من تناقض ملموس بين البيانات المعروضة والواقع الفعلي، دون أي دلالة على سخرية.,Dataset4_1000
643,عساكم على القوة يا فريق النظافة، لاحظنا فرق واضح بالحي هالشهر.,الجنوبية,لاحظ سكان حي تحسنًا ملموسًا في نظافة الشوارع العامة بعد جهود فريق نظافة بلدية خلال الشهر الأخير.,مدح,تقدير حقيقي وصادق لجهد بلدي ملموس,شكر,رضا,2,لا,0,إيجابي,إيجابي,مرتبط,لا,لا,منخفض,التحسن الفعلي الملموس الموصوف في السياق يجعل التقدير صادقًا وموضوعيًا دون أي مبالغة.,Dataset4_1000
644,سبحان الله، طلبت توصيل غداء وبعد ساعة تذكرت إني نسيت أطلب المشروب أصلًا.,الشمالية,طلب شخص وجبة غداء عبر تطبيق توصيل، وبعد استلامها تذكر أنه نسي إضافة المشروب لطلبه الأصلي دون أي علاقة بخطأ من التطبيق.,محايد,استغراب من خطأ شخصي بحت بدون أي استياء من الخدمة,حياد,حياد,1,لا,0,محايد,محايد,مرتبط,نعم,لا,منخفض,هذا خطأ شخصي بحت لا علاقة له بجودة الخدمة، والجملة تعبير محايد عن استغراب ذاتي دون أي انتقاد للتطبيق.,Dataset4_1000
645,والله المشروع التطوعي هالمرة نظم وقته زين، ما ضاع وقتنا كالمرات السابقة.,سعودية عامة,شارك متطوع في نشاط تطوعي كان منظمًا بشكل جيد من ناحية الوقت، مقارنة بتجارب تطوعية سابقة كانت تهدر وقت المشاركين دون تنظيم واضح.,مدح,استحسان حقيقي لتحسن ملموس في التنظيم,مدح,رضا,2,لا,0,إيجابي,إيجابي,مرتبط,لا,لا,منخفض,المقارنة الصريحة بتجارب سابقة أقل تنظيمًا تعزز صدق الاستحسان عن التحسن الفعلي في هذه التجربة.,Dataset4_1000
646,عجيب، كل ما أروح لنفس المخبز ألقى نوع خبز مختلف متوفر ونوع ثاني ناقص.,الوسطى,لاحظ زبون دائم لمخبز محلي تفاوتًا متكررًا في توفر أنواع الخبز المختلفة بين زياراته المتعددة دون نمط واضح لهذا التفاوت.,محايد,استياء خفيف من عدم استقرار في توفر المنتجات,شكوى,ارتباك,2,لا,0,محايد,سلبي,مرتبط,لا,لا,منخفض,التفاوت الفعلي المتكرر في التوفر يجعل الاستغراب هنا استياءً حقيقيًا خفيفًا من عدم انتظام العرض.,Dataset4_1000
647,يا هلا فيكم، رجعت أزور محلكم بعد سنتين ولقيت نفس الود والترحيب.,الحجازية,زار عميل محلاً تجاريًا لم يزره منذ سنتين، ووجد أن أسلوب الترحيب والود من صاحب المحل لم يتغير رغم مرور هذه المدة الطويلة.,مدح,رضا حقيقي عن ثبات جودة التعامل عبر الزمن,مدح,ارتياح,2,لا,0,إيجابي,إيجابي,مرتبط,لا,لا,منخفض,ثبات جودة التعامل الفعلي عبر فترة طويلة نسبيًا يجعل الرضا المعبر عنه صادقًا وموضوعيًا.,Dataset4_1000
648,طيب ليش موقف السيارات المخصص لذوي الإعاقة دايمًا يكون فيه سيارات عادية متوقفة؟,الشرقية,لاحظ شخص بشكل متكرر أن مواقف السيارات المخصصة لذوي الإعاقة أمام مركز تجاري تُشغل غالبًا بسيارات لا تحمل التصريح المطلوب.,سلبي,استياء مباشر من مخالفة متكررة تؤثر على فئة محتاجة فعليًا,شكوى,استياء,3,لا,0,سلبي,سلبي,مرتبط,لا,لا,منخفض,التكرار الفعلي لهذه المخالفة وأثرها على فئة تحتاجها فعليًا يجعل الاستياء منطقيًا ومباشرًا دون أي مبالغة.,Dataset4_1000
649,والله فرحانين بالمهرجان هالسنة، فيه فعاليات لكل الأعمار مو بس للأطفال.,الجنوبية,نظمت بلدية مهرجانًا محليًا شمل فعاليات متنوعة تناسب مختلف الأعمار، بعد أن كانت الفعاليات في السنوات السابقة تقتصر غالبًا على الأطفال.,مدح,رضا حقيقي عن تحسن ملموس في تنوع الفعاليات,مدح,فرح,3,لا,0,إيجابي,إيجابي,مرتبط,لا,لا,منخفض,المقارنة الصريحة بفعاليات سابقة أقل تنوعًا تعزز صدق الرضا عن التحسن الفعلي هذه السنة.,Dataset4_1000
650,سبحان الله، الرصيف اللي قدام بيتنا انصلح أخيرًا بعد ما كان مكسور من سنة.,الشمالية,أصلحت البلدية رصيفًا مكسورًا أمام منزل المتحدث بعد أن ظل متضررًا لمدة سنة كاملة دون أي إصلاح رغم بلاغات سابقة.,محايد,رضا حقيقي وصادق بعد انتظار طويل جدًا,شكر,ارتياح,2,لا,0,إيجابي,إيجابي,مرتبط,لا,لا,منخفض,طول مدة الانتظار الفعلية قبل الإصلاح تعزز صدق الرضا النهائي عن حل المشكلة دون أي سخرية.,Dataset4_1000
651,عساها خطوة أولى، ركبوا كاميرات مراقبة جديدة بعد بلاغات كثيرة عن السرقات بالحي.,سعودية عامة,استجابت الجهات المختصة لبلاغات متكررة من سكان حي بخصوص حوادث سرقة، وركبت كاميرات مراقبة إضافية في نقاط حساسة بالحي.,محايد,رضا حذر مع أمل باستمرار التحسن الأمني,شكر,ارتياح,2,لا,0,إيجابي,إيجابي,مرتبط,لا,لا,منخفض,الاستجابة الفعلية لبلاغات متكررة تجعل الرضا الحذر صادقًا، مع أمل واقعي غير مبالغ فيه باستمرار التحسن.,Dataset4_1000
652,والله ما توقعت، رجع لي المحل الفلوس زيادة كانت باقي من عملية سابقة نسيتها أنا.,الوسطى,اكتشف صاحب محل أن عميلاً سابقًا لم يستلم كامل باقي فلوسه في عملية شراء قديمة، فتواصل معه بنفسه لإعادة المبلغ رغم مرور وقت طويل.,مدح,إعجاب حقيقي بنزاهة تفوق التوقع من صاحب المحل,شكر,فرح,3,لا,0,إيجابي,إيجابي,مرتبط,لا,لا,منخفض,النزاهة الفعلية غير المتوقعة الموصوفة في السياق تجعل الإعجاب صادقًا وليس مجاملة عابرة.,Dataset4_1000
653,طيب ليش لوحة الشارع مكتوب عليها اسم مختلف عن اللي بالخرائط الإلكترونية؟,الحجازية,لاحظ سائق تناقضًا بين اسم الشارع المكتوب على اللوحة الفعلية واسمه المسجل في تطبيقات الخرائط الإلكترونية، مما سبب له ارتباكًا في تحديد الموقع.,محايد,استغراب واستياء من تناقض يؤثر على تحديد المواقع فعليًا,استفسار,ارتباك,2,لا,0,محايد,سلبي,مرتبط,لا,لا,منخفض,التناقض الفعلي بين المصدرين يؤثر عمليًا على تحديد المواقع، وهذا يجعل الاستغراب استياءً منطقيًا وليس مجرد ملاحظة عابرة.,Dataset4_1000
654,والله فوجئت، اتصل الفني يسأل إذا الوقت مناسب لي قبل ما يجي مباشرة.,الشرقية,اعتاد عميل أن يصل فنيو الصيانة دون تنسيق مسبق للوقت، لكن هذه المرة اتصل الفني للتأكد من ملاءمة الوقت قبل التوجه فعليًا.,مدح,استحسان حقيقي لمراعاة تفوق المعتاد سابقًا,مدح,رضا,2,لا,0,إيجابي,إيجابي,مرتبط,نعم,لا,منخفض,المقارنة الضمنية بتجارب سابقة أقل مراعاة تعزز صدق الاستحسان عن هذه المبادرة الإضافية.,Dataset4_1000
655,طيب ليش يوصلني نفس الإعلان التسويقي خمس مرات باليوم الواحد؟,الجنوبية,تلقى مستخدم نفس الإعلان الترويجي من شركة معينة خمس مرات متتالية خلال يوم واحد عبر قنوات تواصل مختلفة.,محايد,استياء مباشر من إفراط تسويقي مزعج,شكوى,نفاد صبر,2,لا,0,محايد,سلبي,مرتبط,لا,لا,منخفض,التكرار الفعلي المفرط لنفس الإعلان خلال يوم واحد يجعل الاستياء منطقيًا ومباشرًا دون أي مبالغة.,Dataset4_1000
656,عاشت الأيادي، رجّعوا لي المبلغ كامل بمجرد ما شرحت المشكلة أول مرة.,الشمالية,شرح عميل مشكلته المتعلقة باسترجاع مبلغ مرة واحدة فقط، ووافقت الشركة على استرجاع كامل المبلغ فورًا دون أي تعقيد إضافي.,مدح,امتنان حقيقي لسرعة استجابة لا تحتاج تصعيدًا,شكر,امتنان,3,لا,0,إيجابي,إيجابي,مرتبط,نعم,لا,منخفض,السرعة الفعلية في الاستجابة من أول محاولة تجعل الامتنان صادقًا ومباشرًا دون أي مبالغة.,Dataset4_1000
657,سبحان الله، نفس المنتج أرخص بربع السعر بموقع ثاني لنفس الماركة بالضبط.,سعودية عامة,لاحظ عميل فارقًا كبيرًا في سعر نفس المنتج من نفس الماركة بين متجرين إلكترونيين مختلفين دون أي فارق واضح في جودة الخدمة.,محايد,استغراب واستياء من فارق سعر غير مبرر,استفسار,استياء,2,لا,0,محايد,سلبي,مرتبط,نعم,لا,منخفض,الفارق الكبير الفعلي في السعر لنفس المنتج يجعل الاستغراب هنا استياءً حقيقيًا يستحق المقارنة قبل الشراء.,Dataset4_1000
658,يا سلام، صار فيه خيار تجربة المنتج لمدة أسبوع قبل الالتزام بالشراء الكامل.,الوسطى,أضاف متجر إلكتروني خيار تجربة منتج معين لمدة أسبوع مع إمكانية الإرجاع المجاني قبل إتمام عملية الشراء النهائية.,مدح,استحسان حقيقي لخيار يقلل مخاطرة الشراء,مدح,رضا,2,لا,0,إيجابي,إيجابي,مرتبط,نعم,لا,منخفض,الفائدة العملية الفعلية لتقليل مخاطرة الشراء تجعل الاستحسان صادقًا وموضوعيًا دون أي مبالغة.,Dataset4_1000
659,للأسف طلبت غرض هدية وما رضوا يشيلون الفاتورة من داخل الكرتون.,الحجازية,طلب عميل منتجًا كهدية لصديق، وطلب من المتجر عدم إرفاق فاتورة السعر داخل الطرد، لكن الطرد وصل بفاتورة السعر ظاهرة داخله.,سلبي,استياء مباشر من تجاهل طلب واضح خاص بمناسبة الهدية,شكوى,إحراج,3,لا,0,سلبي,سلبي,مرتبط,نعم,نعم,متوسط,تجاهل طلب واضح صرّح به العميل بخصوص طبيعة الاستخدام كهدية يجعل الاستياء منطقيًا ومباشرًا.,Dataset4_1000
660,والله عجبني، صار فيه رقم واحد بس أتصل عليه لأي خدمة بدل أرقام متفرقة.,الشرقية,وحّدت شركة اتصالات جميع أرقام خدمة العملاء الخاصة بخدماتها المختلفة في رقم واحد موحد بدلاً من أرقام منفصلة لكل خدمة.,مدح,رضا حقيقي عن تبسيط عملي يوفر جهدًا فعليًا,شكر,رضا,2,لا,0,إيجابي,إيجابي,مرتبط,نعم,لا,منخفض,التبسيط العملي الفعلي الموصوف في السياق يجعل الرضا صادقًا وموضوعيًا دون أي مبالغة.,Dataset4_1000
661,طيب ليش يبين لي عرض خصم بالتطبيق وما يطبق فعليًا وقت الدفع؟,الجنوبية,شاهد عميل عرض خصم واضح على منتج داخل التطبيق، لكن الخصم لم يُطبق فعليًا عند الوصول لمرحلة إتمام الدفع النهائية.,محايد,استياء مباشر من عدم تطبيق عرض معلن بوضوح,شكوى,استياء,3,لا,0,محايد,سلبي,مرتبط,نعم,نعم,متوسط,التناقض الواضح بين العرض المعلن وعدم تطبيقه الفعلي يجعل الاستياء منطقيًا ومباشرًا دون أي غموض.,Dataset4_1000
662,عاشت الأيادي، بعثوا فني ثاني بنفس اليوم لما الأول ما قدر يحل المشكلة.,الشمالية,لم يتمكن فني صيانة من حل مشكلة معقدة في زيارته الأولى، فأرسلت الشركة فنيًا آخر أكثر خبرة في نفس اليوم دون أي رسوم إضافية.,مدح,امتنان حقيقي لمتابعة سريعة وفعالة لمشكلة معقدة,شكر,امتنان,3,لا,0,إيجابي,إيجابي,مرتبط,نعم,لا,منخفض,الاستجابة السريعة الفعلية لحل مشكلة معقدة دون تأخير أو رسوم إضافية تجعل الامتنان صادقًا ومباشرًا.,Dataset4_1000
663,سبحان الله، طلبت شحن بطيء أرخص وطلع أسرع من خيار الشحن السريع المدفوع أكثر.,سعودية عامة,اختار عميل خيار شحن اقتصادي أرخص متوقعًا مدة أطول، لكن الطلب وصل فعليًا أسرع من خيار الشحن السريع المدفوع بسعر أعلى في تجربة سابقة.,محايد,استغراب إيجابي من نتيجة أفضل من المتوقع رغم غرابتها,حياد,ارتياح,2,لا,0,محايد,إيجابي,مرتبط,نعم,لا,منخفض,الاستغراب هنا إيجابي وصادق نظرًا لنتيجة أفضل من التوقعات، رغم أنه يثير تساؤلاً منطقيًا حول تسعير خيارات الشحن.,Dataset4_1000
664,طيب ليش يطلب التطبيق تقييم خمس نجوم قبل حتى ما يوصل الطلب أصلًا؟,الوسطى,طلب تطبيق توصيل من العميل تقييم الخدمة بخمس نجوم قبل استلام الطلب فعليًا، مما يجعل التقييم مبنيًا على توقع لا تجربة حقيقية.,محايد,استياء مباشر من منطق تقييم غير مبرر توقيته,شكوى,ارتباك,2,لا,0,محايد,سلبي,مرتبط,نعم,لا,منخفض,طلب التقييم قبل اكتمال التجربة الفعلية يجعل الاستياء منطقيًا ومباشرًا دون أي حاجة لتفسير معقد.,Dataset4_1000
665,والله فرحانين، صار فيه دفتر ملاحظات رقمي مربوط مع التقويم يذكرنا بالمهام.,الحجازية,أضاف تطبيق إنتاجية خاصية ربط دفتر الملاحظات بالتقويم الشخصي، مما ساعد المستخدم على تذكر مهامه بشكل تلقائي ومنظم.,مدح,رضا حقيقي عن ميزة عملية تحسن التنظيم الشخصي,شكر,رضا,2,لا,0,إيجابي,إيجابي,مرتبط,لا,لا,منخفض,الفائدة العملية الفعلية لهذه الميزة الجديدة تجعل الرضا صادقًا وموضوعيًا دون أي مبالغة.,Dataset4_1000
666,للأسف حجزت جلسة استشارة أونلاين وانقطع الاتصال ثلاث مرات بنفس الجلسة.,الشرقية,حجز عميل جلسة استشارة عبر الإنترنت، لكن الاتصال انقطع ثلاث مرات متتالية أثناء نفس الجلسة الواحدة، مما أثر على جودة الاستفادة منها.,سلبي,استياء مباشر من ضعف تقني أثر على جودة الخدمة,شكوى,إحباط,3,لا,0,سلبي,سلبي,مرتبط,نعم,نعم,متوسط,التكرار الفعلي لانقطاع الاتصال في نفس الجلسة يجعل الاستياء منطقيًا ومباشرًا دون أي مبالغة.,Dataset4_1000
667,يا هلا، صار فيه تنبيه لو نسيت غرض بالسلة قبل لا تسكر المتصفح.,الجنوبية,أضاف متجر إلكتروني خاصية تنبيه المستخدم إذا حاول إغلاق المتصفح وفي سلته منتجات لم يكمل شراءها بعد.,مدح,استحسان حقيقي لميزة عملية مفيدة للمستخدم,مدح,رضا,1,لا,0,إيجابي,إيجابي,مرتبط,نعم,لا,منخفض,الفائدة العملية الفعلية لهذه الميزة الجديدة تجعل الاستحسان صادقًا وموضوعيًا دون أي مبالغة.,Dataset4_1000
668,طيب ليش رسوم الصيانة السنوية للسيارة تختلف بين نفس الوكالة في مدينتين مختلفتين؟,الشمالية,لاحظ عميل فارقًا في رسوم صيانة سيارته بين فرعين لنفس الوكالة في مدينتين مختلفتين دون أي تفسير واضح لهذا التباين.,محايد,استغراب واستياء من تباين غير مبرر بين الفروع,استفسار,ارتباك,2,لا,0,محايد,سلبي,مرتبط,نعم,نعم,منخفض,التباين الفعلي غير المفسر بين فروع نفس الجهة يجعل الاستغراب هنا استياءً منطقيًا يستحق التوضيح.,Dataset4_1000
669,عاشت الأيادي، صار فيه استشارة أولية مجانية قبل الالتزام بأي باقة علاجية.,سعودية عامة,أضافت عيادة خاصية استشارة أولية مجانية تتيح للمريض معرفة الخيارات العلاجية المناسبة قبل الالتزام بأي باقة مدفوعة.,مدح,استحسان حقيقي لخيار يقلل مخاطرة القرار المالي,مدح,رضا,2,لا,0,إيجابي,إيجابي,مرتبط,نعم,لا,منخفض,الفائدة العملية الفعلية لتقليل مخاطرة القرار المالي تجعل الاستحسان صادقًا وموضوعيًا دون أي مبالغة.,Dataset4_1000
670,والله ما توقعت، السائق نزل يفتح لي باب السيارة بنفسه وأنا حامل أغراض.,الوسطى,لاحظ سائق توصيل ركاب أن العميلة تحمل أغراضًا كثيرة، فبادر بالنزول لفتح الباب لها دون أن تطلب منه ذلك.,مدح,استحسان حقيقي لمبادرة لطف تفوق المعتاد,مدح,فرح,2,لا,0,إيجابي,إيجابي,مرتبط,لا,لا,منخفض,المبادرة الفعلية غير المطلوبة الموصوفة في السياق تجعل الاستحسان صادقًا وليس مبالغة.,Dataset4_1000
671,طيب ليش نفس السؤال يتكرر بثلاث خطوات مختلفة عند فتح حساب جديد؟,الحجازية,لاحظ مستخدم أن نموذج فتح حساب في منصة رقمية يطلب نفس المعلومة الشخصية في ثلاث خطوات متتالية دون داعٍ واضح لهذا التكرار.,محايد,استياء مباشر من تصميم نموذج يحتوي تكرارًا غير مبرر,شكوى,نفاد صبر,2,لا,0,محايد,سلبي,مرتبط,نعم,لا,منخفض,التكرار غير المبرر الفعلي في تصميم النموذج يجعل الاستياء منطقيًا ومباشرًا دون أي مبالغة.,Dataset4_1000
672,سبحان الله، اشتركت بخدمة تجريبية وما قدرت ألغيها إلا بعد ما اتصلت خمس مرات.,الشرقية,اشترك عميل في تجربة مجانية لخدمة رقمية، لكنه واجه صعوبة كبيرة في إلغائها واضطر للاتصال خمس مرات متتالية قبل نجاح الإلغاء فعليًا.,محايد,استياء مباشر من صعوبة متعمدة في إجراء الإلغاء,شكوى,غضب,4,لا,0,محايد,سلبي,مرتبط,نعم,نعم,مرتفع,الصعوبة الفعلية الكبيرة والمتكررة في إجراء الإلغاء تجعل الاستياء مباشرًا ويرفع احتمالية التصعيد بشكل واضح.,Dataset4_1000
673,يا سلام، أول مرة أشوف قسم شكاوى يرد بأقل من ساعة على استفسار مكتوب.,الجنوبية,أرسل عميل استفسارًا مكتوبًا لقسم شكاوى شركة، وتفاجأ بسرعة الرد خلال أقل من ساعة، وهو أسرع بكثير من تجاربه السابقة المعتادة.,مدح,رضا حقيقي يفوق التوقع بناءً على مقارنة بتجارب سابقة,شكر,فرح,3,لا,0,إيجابي,إيجابي,مرتبط,نعم,لا,منخفض,المقارنة الضمنية بتجارب سابقة أبطأ تعزز صدق الرضا عن سرعة الرد الفعلية هذه المرة.,Dataset4_1000
674,للأسف حجزت موعد صيانة وجاني تأكيد بتاريخ مختلف عن اللي اخترته فعليًا.,الشمالية,حجز عميل موعد صيانة لتاريخ محدد، لكن رسالة التأكيد التي وصلته أظهرت تاريخًا مختلفًا تمامًا عن الذي اختاره أثناء الحجز.,سلبي,استياء مباشر من خطأ في تأكيد موعد محدد بوضوح,شكوى,ارتباك,3,لا,0,سلبي,سلبي,مرتبط,نعم,نعم,متوسط,الخطأ الفعلي الواضح في تأكيد موعد محدد بدقة يجعل الاستياء منطقيًا ومباشرًا دون أي غموض.,Dataset4_1000
675,والله سهلوا علينا، صار فيه خط دعم مخصص لكبار السن يتكلم ببطء ووضوح.,سعودية عامة,خصصت شركة اتصالات خط دعم منفصل لكبار السن يتحدث فيه الموظفون ببطء ووضوح أكبر، مما سهّل التواصل لهذه الفئة تحديدًا.,مدح,استحسان حقيقي لمبادرة تراعي فئة محددة فعليًا,شكر,رضا,3,لا,0,إيجابي,إيجابي,مرتبط,نعم,لا,منخفض,المراعاة الفعلية لاحتياج فئة محددة تجعل الاستحسان صادقًا وموضوعيًا دون أي مبالغة.,Dataset4_1000
676,طيب ليش يعتبرون عدم الرد على الاستبيان موافقة تلقائية على الشروط الجديدة؟,الوسطى,أرسلت شركة استبيانًا لموافقة العملاء على شروط جديدة، واعتبرت عدم الرد خلال مدة معينة موافقة ضمنية دون تأكيد صريح من العميل.,محايد,استياء مباشر من افتراض موافقة غير معلنة صراحة,شكوى,قلق,2,لا,0,محايد,سلبي,مرتبط,نعم,لا,منخفض,افتراض الموافقة دون تأكيد صريح فعلي من العميل يجعل الاستياء منطقيًا ومباشرًا دون أي مبالغة.,Dataset4_1000
677,عاشت الأيادي، رجّعوا لي فرق السعر لما لقيت نفس المنتج أرخص بموقعهم نفسه بعد يومين.,الحجازية,اشترى عميل منتجًا من متجر إلكتروني، ثم لاحظ انخفاض سعره بعد يومين على نفس الموقع، فتواصل مع المتجر واسترد الفرق دون أي تعقيد.,مدح,امتنان حقيقي لسياسة عادلة تحترم تجربة العميل,شكر,امتنان,3,لا,0,إيجابي,إيجابي,مرتبط,نعم,لا,منخفض,العدالة الفعلية في التعامل مع تذبذب الأسعار تجعل الامتنان صادقًا ومباشرًا دون أي التباس.,Dataset4_1000
678,سبحان الله، نفس التطبيق يطلب مني تقييم المطعم قبل حتى ما أفتح الأكل من الكيس.,الشرقية,طلب تطبيق توصيل تقييم تجربة الطعام من العميل بمجرد استلام الطلب، قبل أن يتاح له الوقت الكافي لتذوقه فعليًا.,محايد,استياء مباشر من منطق توقيت تقييم غير واقعي,شكوى,ارتباك,2,لا,0,محايد,سلبي,مرتبط,نعم,لا,منخفض,طلب التقييم قبل إتاحة وقت كافٍ للتجربة الفعلية يجعل الاستياء منطقيًا ومباشرًا دون أي مبالغة.,Dataset4_1000
679,والله فرحانين، صار فيه ترقيم تلقائي للطابور نقدر نتابعه من الجوال بدل الوقوف.,الوسطى,أضافت عيادة نظام ترقيم إلكتروني يتيح للمرضى متابعة دورهم عبر الجوال دون الحاجة للوقوف والانتظار داخل الصالة.,مدح,رضا حقيقي عن ميزة عملية تحسن تجربة الانتظار,شكر,رضا,2,لا,0,إيجابي,إيجابي,مرتبط,نعم,لا,منخفض,الفائدة العملية الفعلية لهذه الميزة الجديدة تجعل الرضا صادقًا وموضوعيًا دون أي مبالغة.,Dataset4_1000
680,طيب ليش سعر التوصيل يرتفع وقت المطر مباشرة وكأنه معلق على حساس؟,الحجازية,لاحظ عميل ارتفاعًا فوريًا في سعر رحلات التوصيل بمجرد بدء هطول المطر، وهو نمط تسعير آلي لم يوضحه التطبيق للمستخدمين مسبقًا.,محايد,استياء واستغراب من تسعير ديناميكي غير موضح,استفسار,استياء,2,نعم,2,محايد,سلبي,مرتبط جزئيًا,نعم,نعم,منخفض,التشبيه الساخر (معلق على حساس) يحمل سخرية خفيفة من آلية تسعير آلية غير شفافة تستغل الظروف الجوية.,Dataset4_1000
681,عاشت الأيادي، ما طلبوا مني أثبت أي شي، صدقوني على كلامي مباشرة.,الشرقية,أبلغ عميل عن مشكلة في منتج، وقبلت الشركة شكواه وعالجتها فورًا دون طلب إثباتات أو صور إضافية معقدة كما هو معتاد عادة.,مدح,امتنان حقيقي لثقة تفوق الإجراءات المعتادة,شكر,امتنان,3,لا,0,إيجابي,إيجابي,مرتبط,نعم,لا,منخفض,الثقة الفعلية غير المعتادة الممنوحة للعميل دون طلب إثباتات معقدة تجعل الامتنان صادقًا ومباشرًا.,Dataset4_1000
682,سبحان الله، فتحت حساب توفير وبعد شهر لقيت رسوم إدارية ما كانت مذكورة أصلاً.,الجنوبية,فتح عميل حساب توفير بناءً على شروط معلنة، لكنه فوجئ بعد شهر برسوم إدارية غير مذكورة في الشروط الأصلية عند فتح الحساب.,محايد,استياء مباشر من رسوم غير معلنة مسبقًا,شكوى,استياء,3,لا,0,محايد,سلبي,مرتبط,نعم,نعم,متوسط,ظهور رسوم غير معلنة في الشروط الأصلية يجعل الاستياء منطقيًا ومباشرًا دون أي غموض.,Dataset4_1000
683,يا هلا، صار فيه لوحة تعرض متوسط وقت الانتظار الفعلي بدل رقم تقديري ثابت.,الشمالية,أضاف بنك لوحة إلكترونية تعرض متوسط وقت الانتظار الفعلي المحدث لحظيًا بدلاً من رقم تقديري ثابت لا يعكس الواقع الفعلي.,مدح,استحسان حقيقي لدقة معلومة تساعد على التخطيط الفعلي,مدح,رضا,2,لا,0,إيجابي,إيجابي,مرتبط,نعم,لا,منخفض,الفائدة العملية الفعلية لهذه الميزة الجديدة تجعل الاستحسان صادقًا وموضوعيًا دون أي مبالغة.,Dataset4_1000
684,للأسف طلبت نسخة من عقدي القديم واحتاج أسبوع كامل عشان يجهزونها.,سعودية عامة,طلب عميل نسخة إلكترونية بسيطة من عقد اشتراك قديم موجود أصلاً في النظام، لكن الشركة أبلغته أن تجهيزها يحتاج أسبوعًا كاملاً.,سلبي,استياء مباشر من مدة غير منطقية لطلب بسيط,شكوى,إحباط,3,لا,0,سلبي,سلبي,مرتبط,نعم,نعم,متوسط,عدم منطقية المدة الفعلية لطلب بسيط ومتوفر أصلاً في النظام يجعل الاستياء منطقيًا ومباشرًا.,Dataset4_1000
685,والله عجبني التصميم الجديد للفاتورة، صرت أفهم كل بند بدون ما أتصل أسأل.,الوسطى,أعادت شركة تصميم فاتورتها الشهرية بشكل أوضح، مما مكّن العميل من فهم كل بند بنفسه دون الحاجة للاتصال بخدمة العملاء للاستفسار كالمعتاد سابقًا.,مدح,رضا حقيقي عن تحسن ملموس يقلل الحاجة للتواصل,مدح,رضا,2,لا,0,إيجابي,إيجابي,مرتبط,نعم,لا,منخفض,التحسن الفعلي الذي قلل حاجة التواصل مع الدعم يجعل الرضا صادقًا وموضوعيًا دون أي مبالغة.,Dataset4_1000
686,طيب ليش أدفع تأمين على منتج أصلاً له ضمان من الوكالة نفسها؟,الحجازية,عُرض على عميل تأمين إضافي مدفوع على منتج يحمل أصلاً ضمانًا رسميًا سنويًا من الوكالة المصنعة نفسها دون توضيح الفرق بينهما.,محايد,استياء واستغراب من ازدواجية تغطية غير موضحة,استفسار,ارتباك,2,لا,0,محايد,سلبي,مرتبط,لا,نعم,منخفض,الاستفسار هنا موضوعي ويحمل استياءً منطقيًا من عرض تغطية إضافية دون توضيح تداخلها مع ضمان قائم أصلاً.,Dataset4_1000
687,عاشت الأيادي، رجعوا يسألوني بعد شهر إذا المشكلة انحلت فعلًا ولا رجعت.,الشرقية,تابعت شركة دعم فني مع عميل بعد شهر كامل من حل مشكلته للتأكد من عدم عودتها، دون أن يطلب هو هذه المتابعة الإضافية.,مدح,امتنان حقيقي لمتابعة استباقية طويلة المدى,شكر,امتنان,3,لا,0,إيجابي,إيجابي,مرتبط,نعم,لا,منخفض,المتابعة الاستباقية الفعلية بعد فترة طويلة نسبيًا تجعل الامتنان صادقًا وتعكس اهتمامًا حقيقيًا باستقرار الحل.,Dataset4_1000
688,سبحان الله، طلبت إلغاء خدمة إضافية ولقيتها تُخصم لي شهرين بعد الإلغاء المؤكد.,الجنوبية,ألغى عميل خدمة إضافية عبر التطبيق وتلقى تأكيدًا بالإلغاء، لكن المبلغ استمر بالخصم من حسابه لمدة شهرين إضافيين بعد ذلك.,محايد,استياء مباشر من استمرار خصم رغم تأكيد الإلغاء,شكوى,غضب,4,لا,0,محايد,سلبي,مرتبط,نعم,نعم,مرتفع,استمرار الخصم الفعلي بعد تأكيد الإلغاء صراحة يجعل الاستياء مباشرًا ويرفع احتمالية التصعيد بشكل واضح.,Dataset4_1000
689,يا سلام، صار فيه رد تلقائي يوضح رقم الدور المتبقي بعد كل رسالة أرسلها.,الشمالية,أضافت جهة خدمية خاصية رد تلقائي يوضح للعميل عدد الاستفسارات المتبقية قبله في الطابور بعد كل رسالة يرسلها عبر الدردشة.,مدح,استحسان حقيقي لشفافية عملية تقلل القلق أثناء الانتظار,مدح,رضا,2,لا,0,إيجابي,إيجابي,مرتبط,نعم,لا,منخفض,الفائدة العملية الفعلية لهذه الميزة الجديدة تجعل الاستحسان صادقًا وموضوعيًا دون أي مبالغة.,Dataset4_1000
690,للأسف حجزت موعد تطعيم لطفلي وطلع الجرعة المتوفرة غير اللي حجزت لها أصلًا.,سعودية عامة,حجز والد موعد تطعيم محدد لطفله، لكن عند الوصول اكتشف أن الجرعة المتوفرة فعليًا مختلفة عن التي حجز لها تحديدًا مسبقًا.,سلبي,استياء مباشر من تناقض بين الحجز والتوفر الفعلي,شكوى,قلق,4,لا,0,سلبي,سلبي,مرتبط,نعم,نعم,مرتفع,التناقض الفعلي بين ما حُجز وما هو متوفر في موضوع طبي حساس يجعل الاستياء مباشرًا ويرفع احتمالية التصعيد.,Dataset4_1000
691,والله ما توقعت، رد علي المدير التنفيذي بنفسه عبر البريد بعد شكوى بسيطة.,الوسطى,أرسل عميل ملاحظة بسيطة عبر نموذج التواصل العام، وتفاجأ برد شخصي من المدير التنفيذي للشركة نفسه خلال يوم واحد فقط.,مدح,إعجاب حقيقي يفوق التوقع بمستوى الاهتمام الإداري,شكر,فرح,4,لا,0,إيجابي,إيجابي,مرتبط,نعم,لا,منخفض,المستوى الإداري العالي وغير المتوقع للرد الشخصي يجعل الإعجاب المعبر عنه صادقًا وعميقًا دون أي مبالغة.,Dataset4_1000
692,طيب ليش يوصلني SMS تأكيد الطلب بعد يوم كامل من استلامي له فعليًا؟,الحجازية,استلم عميل طلبه فعليًا، لكن رسالة التأكيد النصية بوصول الطلب وصلته متأخرة بيوم كامل عن موعد الاستلام الحقيقي.,محايد,استياء خفيف من تأخر إشعار عن الواقع الفعلي,شكوى,ارتباك,1,لا,0,محايد,سلبي,مرتبط,نعم,لا,منخفض,التأخر الفعلي للإشعار عن التوقيت الحقيقي للاستلام يجعل الاستياء منطقيًا وإن كان خفيفًا نسبيًا لعدم وجود ضرر كبير.,Dataset4_1000
693,عاشت الأيادي، رجّعوا يتصلون يتأكدون إني استلمت الرد على شكواي فعلاً.,الشرقية,قدّم عميل شكوى وتلقى ردًا مكتوبًا عليها، وتفاجأ باتصال إضافي من الشركة للتأكد من استلامه الرد وفهمه له بشكل كامل.,مدح,امتنان حقيقي لمتابعة إضافية تضمن وصول المعلومة فعليًا,شكر,امتنان,2,لا,0,إيجابي,إيجابي,مرتبط,نعم,لا,منخفض,المتابعة الإضافية الفعلية للتأكد من فهم الرد تجعل الامتنان صادقًا وتعكس حرصًا حقيقيًا على وضوح التواصل.,Dataset4_1000
694,سبحان الله، عرض الوظيفة يطلب خبرة خمس سنوات لمسمى مستوى مبتدئ.,الجنوبية,شاهد باحث عن عمل إعلان وظيفة مصنفة كمستوى مبتدئ، لكنها تطلب خبرة عملية لا تقل عن خمس سنوات، وهو تناقض واضح في المتطلبات.,محايد,استغراب واستياء من تناقض واضح في متطلبات الوظيفة,استفسار,استياء,2,لا,0,محايد,سلبي,مرتبط,لا,لا,منخفض,التناقض الفعلي الواضح بين مستوى الوظيفة المعلن ومتطلباتها الفعلية يجعل الاستغراب استياءً منطقيًا ومباشرًا.,Dataset4_1000
695,يا هلا، ما طلبوا مني أعيد تعبئة النموذج لما انقطع النت أثناء التسجيل.,الشمالية,انقطع اتصال الإنترنت أثناء تعبئة عميل لنموذج تسجيل طويل في منصة إلكترونية، لكن النظام حفظ بياناته تلقائيًا دون الحاجة لإعادة التعبئة من الصفر.,مدح,رضا حقيقي عن ميزة تقنية تحفظ جهدًا فعليًا,شكر,رضا,2,لا,0,إيجابي,إيجابي,مرتبط,نعم,لا,منخفض,الفائدة العملية الفعلية لهذه الميزة التقنية تجعل الرضا صادقًا وموضوعيًا دون أي مبالغة.,Dataset4_1000
696,للأسف طلبت تفعيل خدمة إضافية وفعّلوا لي خدمة ثانية غير اللي طلبتها أصلًا.,سعودية عامة,طلب عميل تفعيل خدمة إضافية محددة بوضوح، لكن الشركة فعّلت له خدمة مختلفة تمامًا عن التي طلبها، مما استدعى تصحيح الخطأ لاحقًا.,سلبي,استياء مباشر من خطأ في تنفيذ طلب محدد بوضوح,شكوى,إحباط,3,لا,0,سلبي,سلبي,مرتبط,نعم,نعم,متوسط,الخطأ الفعلي في تنفيذ طلب واضح ومحدد يجعل الاستياء منطقيًا ومباشرًا دون أي حاجة لتفسير إضافي.,Dataset4_1000
697,والله عجبني، صار فيه تصنيف للمراجعات حسب نوع المستخدم اللي كتبها.,الوسطى,أضاف متجر إلكتروني تصنيفًا للمراجعات يوضح إذا كانت من مشترٍ فعلي للمنتج أو مجرد تعليق عام، مما ساعد في تقييم مصداقية الآراء.,مدح,استحسان حقيقي لميزة تحسن مصداقية المعلومة,مدح,رضا,2,لا,0,إيجابي,إيجابي,مرتبط,لا,لا,منخفض,الفائدة العملية الفعلية لهذه الميزة الجديدة تجعل الاستحسان صادقًا وموضوعيًا دون أي مبالغة.,Dataset4_1000
698,طيب ليش يطلب التطبيق صلاحية الكاميرا وأنا بس أبي أحجز موعد عادي؟,الحجازية,طلب تطبيق حجوزات طبية صلاحية الوصول لكاميرا الجهاز رغم أن العميل يريد فقط إجراء حجز موعد بسيط لا يتطلب أي تصوير.,محايد,استياء واستغراب من طلب صلاحية غير مبررة,استفسار,قلق,2,لا,0,محايد,سلبي,مرتبط,نعم,لا,منخفض,الاستفسار هنا موضوعي ويحمل قلقًا منطقيًا من طلب صلاحية لا تتناسب مع الغرض المباشر من استخدام التطبيق.,Dataset4_1000
699,عاشت الأيادي، رجعوا يرسلون فاتورة مبسطة أول الشهر بدل التفصيلية المعقدة.,الشرقية,استجابت شركة لملاحظات عملاء بخصوص تعقيد الفاتورة، فبدأت بإرسال نسخة مبسطة وواضحة أول كل شهر مع إتاحة التفصيلية عند الطلب فقط.,مدح,رضا حقيقي عن استجابة فعلية لملاحظات العملاء,شكر,رضا,2,لا,0,إيجابي,إيجابي,مرتبط,نعم,لا,منخفض,الاستجابة الفعلية لملاحظات سابقة وتطبيقها عمليًا يجعل الرضا صادقًا وموضوعيًا دون أي مبالغة.,Dataset4_1000
700,سبحان الله، حجزت جلسة استشارة قانونية وطلعت المحامي مو متخصص بمجال قضيتي أصلاً.,الجنوبية,حجز عميل جلسة استشارة قانونية عبر منصة إلكترونية، لكنه اكتشف عند بدء الجلسة أن المحامي المخصص له غير متخصص فعليًا في مجال قضيته.,محايد,استياء مباشر من خطأ في مطابقة التخصص المطلوب,شكوى,قلق,3,لا,0,محايد,سلبي,مرتبط,نعم,نعم,متوسط,الخطأ الفعلي في مطابقة التخصص المطلوب لموضوع حساس كهذا يجعل الاستياء منطقيًا ومباشرًا دون أي غموض.,Dataset4_1000
701,والله الممرضة صبرت على طفلي وهو يبكي ولا مرة ضاقت.,الوسطى,بكى طفل بشدة أثناء أخذ عينة دم في مستشفى، وتعاملت الممرضة معه بصبر ولطف طوال الإجراء دون أي انزعاج ظاهر.,مدح,امتنان حقيقي وصادق لصبر مهني في موقف صعب,شكر,امتنان,4,لا,0,إيجابي,إيجابي,مرتبط,نعم,لا,منخفض,الصبر الفعلي في موقف صعب مع طفل خائف يجعل الامتنان صادقًا وعميقًا دون أي مبالغة.,Dataset4_1000
702,طيب ليش أنتظر ساعتين لموعد محجوز مسبقًا وأنا وصلت قبل وقته بربع ساعة؟,الحجازية,حجز مريض موعدًا محددًا مسبقًا ووصل قبله بوقت كافٍ، لكنه انتظر أكثر من ساعتين قبل أن يُستقبل فعليًا داخل العيادة.,محايد,استياء مباشر من فجوة كبيرة بين الموعد المحجوز والاستقبال الفعلي,شكوى,نفاد صبر,3,لا,0,محايد,سلبي,مرتبط,نعم,نعم,متوسط,الفجوة الزمنية الكبيرة الفعلية بين الموعد المحجوز والاستقبال الحقيقي تجعل الاستياء منطقيًا ومباشرًا.,Dataset4_1000
703,سبحان الله، نفس التحليل سويته قبل شهر وطلبوا مني أعيده من جديد.,الشرقية,طلب طبيب من مريض إعادة تحليل مخبري كان قد أجراه فعليًا قبل شهر واحد فقط، دون الاطلاع على نتيجته السابقة الموجودة في ملفه.,محايد,استياء من تكرار إجراء غير ضروري بسبب ضعف مراجعة الملف,شكوى,إحباط,3,لا,0,محايد,سلبي,مرتبط,نعم,نعم,متوسط,عدم الاطلاع الفعلي على نتيجة سابقة موجودة يجعل طلب التكرار غير مبرر، وهذا يفسر الاستياء المباشر.,Dataset4_1000
704,عاشت الأيادي، الدكتور اتصل بنفسه يطمّني بعد العملية مباشرة.,الجنوبية,أجرى مريض عملية جراحية، واتصل به الجراح شخصيًا في نفس اليوم للاطمئنان على حالته دون أن يُطلب منه ذلك.,مدح,امتنان عميق وصادق لمتابعة شخصية تفوق المتوقع,شكر,امتنان,4,لا,0,إيجابي,إيجابي,مرتبط,نعم,لا,منخفض,المتابعة الشخصية الفعلية من الجراح نفسه غير المطلوبة تجعل الامتنان صادقًا وعميقًا دون أي مبالغة.,Dataset4_1000
705,طيب ليش الصيدلية بالمستشفى ما فيها نفس الدواء اللي وصفه الدكتور بالمستشفى نفسه؟,الشمالية,وصف طبيب دواءً معينًا لمريض داخل المستشفى، لكن صيدلية المستشفى نفسها لم يتوفر لديها هذا الدواء عند محاولة الصرف.,محايد,استياء مباشر من تناقض بين الوصف والتوفر الفعلي داخل نفس الجهة,شكوى,قلق,3,لا,0,محايد,سلبي,مرتبط,نعم,نعم,متوسط,التناقض الفعلي بين الوصف الطبي والتوفر داخل نفس المنشأة يجعل الاستياء منطقيًا ومباشرًا.,Dataset4_1000
706,والله فرحانين، صار فيه تطبيق نقدر نشوف فيه نتائج التحاليل أول بأول.,سعودية عامة,أطلق مستشفى تطبيقًا يتيح للمرضى الاطلاع على نتائج تحاليلهم المخبرية فور جاهزيتها دون الحاجة لزيارة المستشفى أو الاتصال.,مدح,رضا حقيقي عن ميزة عملية توفر وقتًا وجهدًا فعليًا,شكر,رضا,2,لا,0,إيجابي,إيجابي,مرتبط,نعم,لا,منخفض,الفائدة العملية الفعلية لهذه الميزة الجديدة تجعل الرضا صادقًا وموضوعيًا دون أي مبالغة.,Dataset4_1000
707,عجيب، حجزت موعد استشارة وطلع الدكتور غير موجود واستقبلني دكتور ثاني بدون تنسيق.,الوسطى,حجز مريض موعدًا مع طبيب محدد بالاسم، لكن عند الوصول استقبله طبيب آخر دون أي إشعار مسبق بتغيير الطبيب المعالج.,محايد,استياء مباشر من تغيير غير معلن لطبيب محدد بالاسم,شكوى,قلق,3,لا,0,محايد,سلبي,مرتبط,نعم,نعم,متوسط,التغيير الفعلي غير المعلن لطبيب محدد سلفًا بالاسم يجعل الاستياء منطقيًا ومباشرًا دون أي مبالغة.,Dataset4_1000
708,يعطيكم العافية، الممرض شرح لي طريقة استخدام الدواء بالتفصيل مرتين للتأكد.,الحجازية,شرح ممرض لمريض مسن طريقة استخدام دواء جديد بالتفصيل، وأعاد الشرح مرة ثانية للتأكد من فهمه الكامل قبل مغادرته.,مدح,تقدير حقيقي لحرص إضافي على وضوح التعليمات الطبية,شكر,امتنان,3,لا,0,إيجابي,إيجابي,مرتبط,نعم,لا,منخفض,الحرص الفعلي على التأكد من الفهم الكامل يجعل التقدير صادقًا وليس مجرد شكر روتيني.,Dataset4_1000
709,للأسف انتظرت بغرفة الطوارئ ساعة كاملة وحالتي كانت تحتاج تدخل سريع.,الشرقية,وصل مريض لغرفة طوارئ بحالة تستدعي تدخلاً سريعًا نسبيًا، لكنه انتظر ساعة كاملة قبل أن يحصل على الفحص الأولي.,سلبي,استياء مباشر وقلق من تأخير في حالة تستدعي أولوية,شكوى,قلق,4,لا,0,سلبي,سلبي,مرتبط,نعم,نعم,مرتفع,طبيعة الحالة التي تستدعي أولوية والانتظار الفعلي الطويل يجعلان القلق والاستياء مباشرين ويرفعان احتمالية التصعيد.,Dataset4_1000
710,سبحان الله، رجعت أراجع نفس الشكوى وطلبوا مني أعبي استمارة جديدة من الصفر.,الجنوبية,راجع مريض عيادة بخصوص متابعة شكوى صحية سابقة موثقة في ملفه، لكنه طُلب منه تعبئة استمارة تسجيل جديدة بالكامل كأنه مريض جديد.,محايد,استياء مباشر من إجراء إداري متكرر وغير ضروري,شكوى,نفاد صبر,2,لا,0,محايد,سلبي,مرتبط,نعم,نعم,منخفض,التكرار غير الضروري لإجراء إداري لمريض موثق مسبقًا يجعل الاستياء منطقيًا ومباشرًا دون أي مبالغة.,Dataset4_1000
711,والله ما توقعت، الدكتورة قاعدتني نص ساعة تشرح لي كل خيارات العلاج المتاحة.,الشمالية,خصصت طبيبة نصف ساعة كاملة لشرح جميع الخيارات العلاجية المتاحة لمريضة بالتفصيل، رغم ضغط المواعيد المعتاد في العيادة.,مدح,امتنان عميق وصادق لوقت إضافي يفوق المتوقع,شكر,امتنان,4,لا,0,إيجابي,إيجابي,مرتبط,نعم,لا,منخفض,الوقت الإضافي الفعلي المخصص رغم ضغط المواعيد المعتاد يجعل الامتنان صادقًا وعميقًا دون أي مبالغة.,Dataset4_1000
712,طيب ليش موقع المستشفى يقول متوفر مواعيد اليوم ولما أحجز يطلع كل شي معبى؟,سعودية عامة,أظهر موقع مستشفى مواعيد متاحة لليوم نفسه، لكن عند محاولة الحجز فعليًا تبين أن جميع الأوقات المعروضة محجوزة بالكامل بالفعل.,محايد,استياء مباشر من تناقض بين البيانات المعروضة والواقع الفعلي,شكوى,إحباط,3,لا,0,محايد,سلبي,مرتبط,نعم,نعم,متوسط,التناقض الفعلي بين البيانات المعروضة وحالة الحجز الحقيقية يجعل الاستياء منطقيًا ومباشرًا دون أي غموض.,Dataset4_1000
713,عاشت الأيادي، صار فيه ممرضة مخصصة تتابع كبار السن من التسجيل لين الخروج.,الوسطى,خصصت عيادة ممرضة مرافقة لمرضى كبار السن منذ لحظة التسجيل وحتى مغادرتهم، لتسهيل الإجراءات عليهم بشكل كامل.,مدح,امتنان حقيقي لمبادرة تراعي احتياجات فئة محددة فعليًا,شكر,امتنان,3,لا,0,إيجابي,إيجابي,مرتبط,نعم,لا,منخفض,المراعاة الفعلية لاحتياج فئة محددة تجعل الامتنان صادقًا وموضوعيًا دون أي مبالغة.,Dataset4_1000
714,للأسف حسيت إن الدكتور ما قرأ ملفي قبل لا يدخل، كرر أسئلة كانت مكتوبة أصلاً.,الحجازية,دخل مريض لاستشارة متابعة، وسأله الطبيب أسئلة أساسية كانت موثقة بالفعل في ملفه الطبي من الزيارة السابقة، مما أوحى بعدم مراجعته للملف.,سلبي,استياء مباشر من عدم استعداد كافٍ قبل الاستشارة,شكوى,استياء,3,لا,0,سلبي,سلبي,مرتبط,نعم,نعم,متوسط,تكرار أسئلة موثقة مسبقًا يوحي بعدم مراجعة الملف، وهذا يجعل الاستياء منطقيًا ومباشرًا دون أي مبالغة.,Dataset4_1000
715,يا سلام، صار فيه خيار استشارة متابعة مجانية خلال أسبوع من الزيارة الأولى.,الشرقية,أضافت عيادة خدمة استشارة متابعة مجانية خلال أسبوع من الزيارة الأولى، لضمان استقرار حالة المريض دون تكلفة إضافية.,مدح,استحسان حقيقي لخدمة تعكس اهتمامًا فعليًا بمتابعة الحالة,مدح,رضا,2,لا,0,إيجابي,إيجابي,مرتبط,نعم,لا,منخفض,الفائدة العملية الفعلية لهذه الخدمة الجديدة تجعل الاستحسان صادقًا وموضوعيًا دون أي مبالغة.,Dataset4_1000
716,طيب ليش رفضوا المطالبة بحجة إنها ما تشمل حالتي وأنا قرأت البوليصة كويس؟,الجنوبية,قدّم عميل مطالبة تأمينية متأكدًا من شمولها ضمن بنود بوليصته بناءً على قراءته المتأنية لها، لكن الشركة رفضتها بحجة عدم الشمول.,محايد,استياء مباشر من تناقض بين فهم العميل ورد الشركة,شكوى,استياء,3,لا,0,محايد,سلبي,مرتبط,نعم,نعم,متوسط,التناقض الفعلي بين قراءة العميل الواثقة للبوليصة وقرار الرفض يجعل الاستياء منطقيًا ويستحق توضيحًا واضحًا من الشركة.,Dataset4_1000
717,عاشت الأيادي، وافقوا على المطالبة خلال يومين بس بدل أسبوعين المعتادين.,الشمالية,قدّم عميل مطالبة تأمينية بسيطة نسبيًا، وتمت الموافقة عليها خلال يومين فقط، أسرع بكثير من المدة المعتادة لمثل هذه المطالبات.,مدح,رضا حقيقي عن سرعة معالجة تفوق التوقع,شكر,رضا,3,لا,0,إيجابي,إيجابي,مرتبط,نعم,لا,منخفض,السرعة الفعلية غير المعتادة في معالجة المطالبة تجعل الرضا صادقًا وموضوعيًا دون أي مبالغة.,Dataset4_1000
718,سبحان الله، سعر التجديد ارتفع رغم إني ما قدمت ولا مطالبة طول السنة.,سعودية عامة,لاحظ عميل ارتفاعًا في سعر تجديد بوليصة تأمين سيارته رغم عدم تقديمه لأي مطالبة خلال السنة الماضية بالكامل.,محايد,استياء مباشر من عدم منطقية زيادة السعر لعميل بلا مطالبات,شكوى,استياء,3,لا,0,محايد,سلبي,مرتبط,نعم,نعم,متوسط,عدم منطقية الزيادة لعميل خالٍ من المطالبات طوال السنة يجعل الاستياء منطقيًا ومباشرًا دون أي غموض.,Dataset4_1000
719,والله ما توقعت، اتصل موظف التأمين يشرح لي كيف أتفادى رفض المطالبة مستقبلاً.,الوسطى,شرح موظف تأمين لعميل بشكل استباقي كيفية تجنب أخطاء شائعة تؤدي لرفض المطالبات مستقبلاً، دون أن يطلب العميل هذا الشرح.,مدح,تقدير حقيقي لمبادرة تثقيفية استباقية ومفيدة,شكر,رضا,3,لا,0,إيجابي,إيجابي,مرتبط,نعم,لا,منخفض,المبادرة الاستباقية الفعلية غير المطلوبة تجعل التقدير صادقًا وموضوعيًا دون أي مبالغة.,Dataset4_1000
720,طيب ليش أدفع قسط تأمين شامل وأتفاجأ إن الزجاج غير مشمول أصلاً؟,الحجازية,دفع عميل قسط تأمين شامل معتقدًا أنه يغطي جميع أجزاء السيارة، لكنه اكتشف عند حادث بسيط أن كسر الزجاج غير مشمول ضمن التغطية.,محايد,استياء مباشر من فجوة بين توقع الشمول والتغطية الفعلية,شكوى,استياء,3,لا,0,محايد,سلبي,مرتبط,نعم,نعم,متوسط,الفجوة الفعلية بين اسم الباقة (شامل) ومحتواها الحقيقي تجعل الاستياء منطقيًا ومباشرًا دون أي غموض.,Dataset4_1000
721,عاشت الأيادي، عوضوني عن السيارة البديلة طول فترة التصليح بدون ما أطلب.,الشرقية,تعرضت سيارة عميل لحادث يستدعي إصلاحًا يستغرق أسبوعًا، ووفرت شركة التأمين سيارة بديلة له طوال هذه الفترة دون أن يطلب ذلك صراحة.,مدح,امتنان حقيقي لخدمة إضافية استباقية تفوق التوقع,شكر,امتنان,3,لا,0,إيجابي,إيجابي,مرتبط,نعم,لا,منخفض,الخدمة الإضافية الاستباقية غير المطلوبة تجعل الامتنان صادقًا وموضوعيًا دون أي مبالغة.,Dataset4_1000
722,للأسف حجزت موعد تقييم ضرر وانتظرت المثمّن ساعتين خارج موعده.,الجنوبية,حجز عميل موعدًا لمثمّن أضرار تأمين لمعاينة سيارته، لكن المثمّن تأخر ساعتين كاملتين عن الموعد المحدد دون أي اتصال مسبق.,سلبي,استياء مباشر من تأخير كبير دون تنسيق مسبق,شكوى,نفاد صبر,3,لا,0,سلبي,سلبي,مرتبط,نعم,نعم,متوسط,التأخير الفعلي الكبير دون أي اتصال مسبق يجعل الاستياء منطقيًا ومباشرًا دون أي مبالغة.,Dataset4_1000
723,سبحان الله، عرض التأمين الطبي يشمل كل شي إلا العلاج اللي احتجته فعلاً.,الشمالية,اشترك عميل في باقة تأمين طبي واسعة التغطية حسب الوصف، لكنه اكتشف عدم شمولها للعلاج المحدد الذي احتاجه فعليًا عند المرض.,محايد,سخرية من فجوة بين اتساع الوصف وضيق التغطية الفعلية,شكوى,استياء,3,نعم,3,محايد,سلبي,غير مرتبط,نعم,نعم,متوسط,عبارة (كل شي إلا اللي احتجته) تحمل سخرية واضحة من فجوة بين اتساع الوصف التسويقي وضيق التغطية الفعلية عند الحاجة.,Dataset4_1000
724,والله سهلوا علينا، صار فيه تقديم مطالبة كاملة عبر التطبيق بدون أوراق.,سعودية عامة,أضافت شركة تأمين خاصية تقديم المطالبات إلكترونيًا بالكامل عبر التطبيق، مما ألغى الحاجة لزيارة الفرع أو تقديم أوراق ورقية كما كان معتادًا.,مدح,رضا حقيقي عن تبسيط عملي يوفر وقتًا وجهدًا فعليًا,شكر,رضا,2,لا,0,إيجابي,إيجابي,مرتبط,نعم,لا,منخفض,التبسيط العملي الفعلي الموصوف في السياق يجعل الرضا صادقًا وموضوعيًا دون أي مبالغة.,Dataset4_1000
725,طيب ليش رفعتوا قسط التأمين وأنا نقلت السيارة لمدينة أقل ازدحامًا؟,الوسطى,انتقل عميل بسيارته لمدينة أقل ازدحامًا مروريًا معتقدًا أن ذلك سيقلل قسط تأمينه، لكن القسط ارتفع فعليًا عند التجديد دون تفسير واضح.,محايد,استياء واستغراب من نتيجة معاكسة للمنطق المتوقع,استفسار,استياء,2,لا,0,محايد,سلبي,مرتبط,نعم,نعم,منخفض,النتيجة الفعلية المعاكسة للمنطق المتوقع تجعل الاستغراب هنا استياءً منطقيًا يستحق توضيحًا واضحًا من الشركة.,Dataset4_1000
726,عاشت الأيادي، خصصوا لي مندوب واحد يتابع ملفي كامل بدل ما أشرح كل مرة لموظف جديد.,الحجازية,خصصت شركة تأمين مندوبًا ثابتًا لمتابعة ملف عميل بأكمله، مما ألغى حاجته لإعادة شرح تفاصيل حالته لموظف مختلف في كل تواصل.,مدح,رضا حقيقي عن خدمة شخصية تلغي تكرار الشرح المزعج,شكر,رضا,3,لا,0,إيجابي,إيجابي,مرتبط,نعم,لا,منخفض,الفائدة العملية الفعلية لهذا التخصيص تجعل الرضا صادقًا وموضوعيًا دون أي مبالغة.,Dataset4_1000
727,للأسف طلبوا مستندات إضافية بعد أسبوعين من تقديم المطالبة، ليش ما طلبوها من البداية؟,الشرقية,قدّم عميل مطالبة تأمينية مع كامل المستندات المطلوبة، لكن الشركة طلبت مستندات إضافية بعد أسبوعين فقط، مما أخّر معالجة الملف.,محايد,استياء مباشر من طلب متأخر يؤخر معالجة الملف,شكوى,إحباط,3,لا,0,محايد,سلبي,مرتبط,نعم,نعم,متوسط,التأخر الفعلي في طلب مستندات إضافية كان يمكن طلبها من البداية يجعل الاستياء منطقيًا ومباشرًا.,Dataset4_1000
728,سبحان الله، بوليصة السفر تغطي كل الدول إلا الدولة اللي رايح لها بالضبط.,الجنوبية,اشترى عميل بوليصة تأمين سفر عالمية التغطية حسب الوصف التسويقي، لكنه اكتشف عند القراءة الدقيقة استثناء الدولة التي ينوي السفر إليها تحديدًا.,محايد,سخرية من فجوة بين وصف عالمي وتغطية فعلية محدودة,شكوى,استياء,3,نعم,3,محايد,سلبي,غير مرتبط,نعم,نعم,منخفض,الاستثناء الفعلي تحديدًا للدولة المقصودة يجعل عبارة (كل الدول إلا) سخرية من فجوة بين الوصف التسويقي والواقع.,Dataset4_1000
729,والله فرحانين، رجعوا يتصلون كل ستة أشهر يسألون إذا نحتاج تحديث بيانات التغطية.,الشمالية,بدأت شركة تأمين بالتواصل الدوري كل ستة أشهر مع عملائها للتأكد من ملاءمة تغطيتهم الحالية لأي تغييرات في ظروفهم الشخصية.,مدح,رضا حقيقي عن متابعة دورية استباقية ومفيدة,شكر,رضا,2,لا,0,إيجابي,إيجابي,مرتبط,نعم,لا,منخفض,المتابعة الدورية الاستباقية الفعلية تجعل الرضا صادقًا وموضوعيًا دون أي مبالغة.,Dataset4_1000
730,طيب ليش الشقة بالصور تبان أكبر بكثير من المساحة الفعلية لما زرتها؟,سعودية عامة,شاهد مستأجر محتمل صورًا لشقة توحي بمساحة واسعة، لكن عند الزيارة الفعلية وجدها أصغر بكثير مما أوحت به زاوية التصوير.,محايد,استياء مباشر من تضليل بصري في عرض المساحة,شكوى,استياء,2,لا,0,محايد,سلبي,مرتبط,لا,لا,منخفض,الفجوة الواضحة بين الانطباع البصري والمساحة الفعلية تجعل الاستياء منطقيًا ومباشرًا دون أي مبالغة.,Dataset4_1000
731,سبحان الله، المالك وعدني يصلح المكيف قبل التسليم ولسا ما صار شي بعد أسبوعين.,الوسطى,وعد مالك عقار مستأجرًا جديدًا بإصلاح مكيف معطل قبل تاريخ التسليم المتفق عليه، لكن الإصلاح لم يتم حتى بعد مرور أسبوعين من الموعد.,محايد,استياء مباشر من عدم الوفاء بوعد صريح ومحدد,شكوى,إحباط,3,لا,0,محايد,سلبي,مرتبط,لا,نعم,متوسط,عدم الوفاء الفعلي بوعد صريح ومحدد زمنيًا يجعل الاستياء منطقيًا ومباشرًا دون أي حاجة لتفسير إضافي.,Dataset4_1000
732,عاشت الأيادي، المكتب العقاري رجع لي التأمين كامل بمجرد ما سلمت الشقة نظيفة.,الحجازية,سلّم مستأجر شقة نظيفة وبحالة جيدة عند انتهاء العقد، وقام المكتب العقاري بإعادة كامل مبلغ التأمين فورًا دون أي خصومات أو تعقيد.,مدح,امتنان حقيقي لسياسة عادلة وسريعة في إعادة التأمين,شكر,امتنان,3,لا,0,إيجابي,إيجابي,مرتبط,نعم,لا,منخفض,العدالة والسرعة الفعليتان في إعادة التأمين تجعلان الامتنان صادقًا ومباشرًا دون أي التباس.,Dataset4_1000
733,طيب ليش يطلبون شيك ضمان سنة كاملة مقدمًا لعقد إيجار شهري؟,الشرقية,طلب مكتب عقاري من مستأجر تقديم شيك ضمان يغطي إيجار سنة كاملة مقدمًا، رغم أن العقد نفسه مصنف كإيجار شهري قابل للإلغاء.,محايد,استياء واستغراب من شرط غير متناسب مع طبيعة العقد,استفسار,قلق,2,لا,0,محايد,سلبي,مرتبط,لا,لا,منخفض,عدم التناسب الفعلي بين طبيعة العقد الشهري والضمان السنوي المطلوب يجعل الاستياء منطقيًا ويستحق توضيحًا.,Dataset4_1000
734,والله ما توقعت، المالك جدد الدهان والأرضيات قبل ما أطلب منه أصلاً.,الجنوبية,استأجر شخص شقة قديمة نسبيًا، وبادر المالك بتجديد الدهان وبعض الأرضيات قبل التسليم دون أن يطلب المستأجر ذلك صراحة.,مدح,إعجاب حقيقي بمبادرة تفوق المتوقع من المالك,شكر,فرح,3,لا,0,إيجابي,إيجابي,مرتبط,لا,لا,منخفض,المبادرة الفعلية غير المطلوبة من المالك تجعل الإعجاب صادقًا وليس مجاملة عابرة.,Dataset4_1000
735,للأسف زرت الشقة ثلاث مرات ومكتب العقار يأجل موعد التوقيع في كل مرة.,الشمالية,زار مستأجر محتمل شقة ثلاث مرات وأبدى استعداده الجاد للتوقيع، لكن المكتب العقاري أجّل موعد إتمام العقد في كل مرة دون سبب واضح.,سلبي,استياء مباشر من تأجيل متكرر يعطل قرارًا جادًا,شكوى,نفاد صبر,3,لا,0,سلبي,سلبي,مرتبط,لا,نعم,متوسط,التكرار الفعلي للتأجيل رغم جدية المستأجر يجعل الاستياء منطقيًا ومباشرًا دون أي حاجة لتفسير معقد.,Dataset4_1000
736,سبحان الله، نفس الشقة معلنة بسعرين مختلفين على منصتين مختلفتين.,سعودية عامة,شاهد باحث عن سكن نفس الشقة معروضة بسعرين مختلفين بشكل ملحوظ على منصتي عقار إلكترونيتين مختلفتين دون تفسير واضح لهذا الفارق.,محايد,استغراب واستياء من تباين تسعير غير مفهوم,استفسار,ارتباك,2,نعم,2,محايد,سلبي,مرتبط جزئيًا,لا,لا,منخفض,التباين الفعلي في السعر بين منصتين لنفس العقار يحمل استياءً وشكًا خفيفًا في دقة الإعلانات المعروضة.,Dataset4_1000
737,عاشت الأيادي، المكتب رتب لنا معاينة مسائية عشان ظروف شغلنا.,الوسطى,طلب عميل موعد معاينة عقار خارج ساعات الدوام الرسمية بسبب ظروف عمله، واستجاب المكتب العقاري لهذا الطلب دون أي تعقيد.,مدح,امتنان حقيقي لمرونة فعلية تراعي ظروف العميل,شكر,امتنان,2,لا,0,إيجابي,إيجابي,مرتبط,نعم,لا,منخفض,المرونة الفعلية في مراعاة ظروف العميل الخاصة تجعل الامتنان صادقًا ومباشرًا دون أي التباس.,Dataset4_1000
738,طيب ليش عقد الإيجار فيه بند غرامة تأخير بس ما فيه بند تعويض لو تأخر التسليم من طرفهم؟,الحجازية,لاحظ مستأجر عند مراجعة عقد الإيجار وجود بند صارم لغرامة تأخير الدفع من جانبه، بينما لا يوجد أي بند مماثل يلزم المالك بتعويض عن تأخيره هو في التسليم.,محايد,استياء مباشر من عدم توازن في بنود العقد,استفسار,استياء,2,لا,0,محايد,سلبي,مرتبط,لا,لا,منخفض,عدم التوازن الفعلي بين التزامات الطرفين في العقد يجعل الاستياء منطقيًا ويستحق مراجعة قبل التوقيع.,Dataset4_1000
739,والله فرحانين بالحي الجديد، هادئ ونظيف عن الحي القديم بمراحل.,الشرقية,انتقلت عائلة لحي سكني جديد بعد سنوات في حي كان يعاني من الضوضاء وضعف النظافة، ولاحظت فرقًا كبيرًا وملموسًا في جودة الحياة.,مدح,رضا حقيقي وصادق مبني على مقارنة واضحة بتجربة سابقة,مدح,فرح,3,لا,0,إيجابي,إيجابي,مرتبط,لا,لا,منخفض,المقارنة الصريحة بتجربة سكنية سابقة أقل جودة تعزز صدق الرضا عن الحي الجديد.,Dataset4_1000
740,للأسف حسيت إن المفتش ما راجع كل الأعطال اللي أشرت لها في تقرير المعاينة.,الجنوبية,أشار مشترٍ محتمل لعدة أعطال محددة في عقار أثناء المعاينة الأولية، لكن التقرير النهائي للمفتش لم يتضمن سوى جزء بسيط منها.,سلبي,استياء مباشر من تقرير معاينة غير شامل,شكوى,قلق,3,لا,0,سلبي,سلبي,مرتبط,نعم,نعم,متوسط,النقص الفعلي في توثيق أعطال مشار إليها صراحة يجعل الاستياء منطقيًا ومباشرًا دون أي غموض.,Dataset4_1000
741,سبحان الله، عقد البيع فيه شرط ما لاحظته إلا بعد التوقيع بأسبوع.,الشمالية,وقّع مشترٍ عقد بيع عقار، ثم اكتشف بعد أسبوع بندًا مهمًا لم ينتبه له أثناء المراجعة السريعة قبل التوقيع.,محايد,قلق مباشر من اكتشاف متأخر لبند مهم في عقد موقّع,شكوى,قلق,3,لا,0,محايد,سلبي,مرتبط,لا,نعم,متوسط,الاكتشاف الفعلي المتأخر لبند مهم بعد التوقيع يجعل القلق منطقيًا ومباشرًا دون أي حاجة لتفسير معقد.,Dataset4_1000
742,عاشت الأيادي، وضحوا لنا كل الرسوم الإضافية قبل التوقيع بدون ما نسأل.,سعودية عامة,شرح مكتب عقاري لمشترٍ جميع الرسوم الإضافية المرتبطة بعملية الشراء (تسجيل، وساطة، صيانة) بشفافية كاملة قبل التوقيع دون أن يُسأل عنها.,مدح,امتنان حقيقي لشفافية استباقية تجنب مفاجآت لاحقة,شكر,امتنان,3,لا,0,إيجابي,إيجابي,مرتبط,لا,لا,منخفض,الشفافية الاستباقية الفعلية دون الحاجة للسؤال تجعل الامتنان صادقًا وموضوعيًا دون أي مبالغة.,Dataset4_1000
743,طيب ليش صيانة المصعد تتأخر أسبوعين ونحن ساكنين بالدور السابع؟,الوسطى,تعطل مصعد عمارة سكنية يقطنها ساكن في الطابق السابع، واستغرقت إدارة العمارة أسبوعين لإصلاحه رغم تأثيره المباشر على سكان الطوابق العليا.,سلبي,استياء مباشر من تأخير يؤثر بشدة على حياة السكان اليومية,شكوى,إحباط,4,لا,0,سلبي,سلبي,مرتبط,لا,نعم,مرتفع,تأثير التأخير الفعلي المباشر على الحياة اليومية لساكن بطابق عالٍ يجعل الاستياء مباشرًا ويرفع احتمالية التصعيد.,Dataset4_1000
744,والله ما توقعت، المالك خفض الإيجار من نفسه لما عرف إني موظف حكومي جديد بالمدينة.,الحجازية,علم مالك عقار أن مستأجرًا محتملاً موظف حكومي جديد انتقل للمدينة حديثًا، فبادر بتخفيض الإيجار قليلاً كنوع من التسهيل عليه دون أن يطلب ذلك.,مدح,إعجاب حقيقي بمبادرة تعاطف تفوق المتوقع من المالك,شكر,فرح,3,لا,0,إيجابي,إيجابي,مرتبط,لا,لا,منخفض,المبادرة الفعلية غير المتوقعة من المالك تجعل الإعجاب صادقًا وليس مجاملة عابرة.,Dataset4_1000
745,طيب ليش رحلتي تأخرت ساعتين وما وصلني أي إشعار إلا وأنا بالمطار؟,الشرقية,تأخرت رحلة طيران ساعتين عن موعدها المعلن، ولم يصل أي إشعار للركاب بهذا التأخير إلا بعد وصولهم فعليًا لصالة المغادرة بالمطار.,محايد,استياء مباشر من غياب إشعار مسبق بتأخير معلوم للشركة,شكوى,إحباط,3,لا,0,محايد,سلبي,مرتبط,نعم,نعم,متوسط,غياب الإشعار المسبق رغم علم الشركة المسبق بالتأخير يجعل الاستياء منطقيًا ومباشرًا دون أي غموض.,Dataset4_1000
746,عاشت الأيادي، رقّوني لدرجة أعلى مجانًا لما لقوا مقعدي معطل.,الجنوبية,اكتشفت شركة طيران عطلاً في مقعد أحد الركاب المحجوز، فقامت بترقيته لدرجة أعلى مجانًا كتعويض دون أي طلب منه.,مدح,امتنان حقيقي لتعويض استباقي وسخي عن خطأ فني,شكر,امتنان,4,لا,0,إيجابي,إيجابي,مرتبط,لا,لا,منخفض,التعويض الاستباقي السخي الفعلي عن خطأ من الشركة يجعل الامتنان صادقًا وعميقًا دون أي مبالغة.,Dataset4_1000
747,سبحان الله، حقيبتي وصلت بعد يوم كامل من وصولي وناقصها غرض بالفعل.,الشمالية,تأخرت حقيبة سفر مسافر يومًا كاملاً عن موعد وصول الرحلة، وعند استلامها اكتشف نقصان أحد الأغراض من داخلها فعليًا.,محايد,استياء مباشر وشديد من تأخير ونقصان فعلي بالممتلكات,شكوى,غضب,4,لا,0,محايد,سلبي,مرتبط,نعم,نعم,مرتفع,الجمع بين تأخير فعلي طويل ونقصان ممتلكات حقيقي يجعل الاستياء مباشرًا ويرفع احتمالية التصعيد بشكل كبير.,Dataset4_1000
748,والله فوجئت، الفندق رقّى الغرفة بدون رسوم إضافية لما عرف إنها مناسبة زواج.,سعودية عامة,حجز زوجان غرفة عادية في فندق بمناسبة شهر العسل، فبادرت إدارة الفندق بترقية الغرفة لجناح أفضل دون أي رسوم إضافية عند علمهم بالمناسبة.,مدح,فرح حقيقي بمبادرة لطيفة تفوق التوقع من الفندق,شكر,فرح,4,لا,0,إيجابي,إيجابي,مرتبط,لا,لا,منخفض,المبادرة اللطيفة الفعلية غير المتوقعة تجعل الفرح المعبر عنه صادقًا وعميقًا دون أي مبالغة.,Dataset4_1000
749,طيب ليش سعر التذكرة يرتفع كل ما أعيد البحث بنفس الموقع لنفس الرحلة؟,الوسطى,لاحظ مسافر أن سعر تذكرة طيران معينة يرتفع تدريجيًا في كل مرة يعيد فيها البحث عن نفس الرحلة على نفس موقع الحجز خلال فترة قصيرة.,محايد,استياء واستغراب من نمط تسعير يبدو متعمدًا,استفسار,استياء,2,نعم,2,محايد,سلبي,مرتبط جزئيًا,نعم,لا,منخفض,تكرار الملاحظة لنفس النمط يحمل استياءً وشكًا خفيفًا في نية متعمدة لرفع السعر عبر تتبع سلوك البحث.,Dataset4_1000
750,عاشت الأيادي، المرشد السياحي غيّر خطة اليوم لما لاحظ تعب كبار السن بالمجموعة.,الحجازية,لاحظ مرشد سياحي إرهاقًا واضحًا على كبار السن ضمن مجموعة سياحية، فعدّل خطة النشاطات المتبقية لليوم لتكون أخف وأقل إرهاقًا دون أن يُطلب منه ذلك.,مدح,تقدير حقيقي لمرونة استباقية تراعي احتياجات المجموعة,شكر,امتنان,3,لا,0,إيجابي,إيجابي,مرتبط,لا,لا,منخفض,المراعاة الاستباقية الفعلية لاحتياج فئة معينة بالمجموعة تجعل التقدير صادقًا وموضوعيًا دون أي مبالغة.,Dataset4_1000
751,للأسف حجزنا جولة سياحية لخمس ساعات وانتهت فعليًا بأقل من ثلاث ساعات.,الشرقية,حجزت مجموعة سياح جولة معلنة بمدة خمس ساعات، لكن الجولة الفعلية انتهت بعد أقل من ثلاث ساعات دون تفسير واضح لهذا الاختصار الكبير.,سلبي,استياء مباشر من فجوة كبيرة بين المدة المعلنة والفعلية,شكوى,استياء,3,لا,0,سلبي,سلبي,مرتبط,نعم,نعم,متوسط,الفجوة الكبيرة الفعلية بين المدة المعلنة والواقعية تجعل الاستياء منطقيًا ومباشرًا دون أي حاجة لتفسير معقد.,Dataset4_1000
752,سبحان الله، طلبت مقعد بجانب النافذة ودفعت رسوم إضافية ولقيت نفسي بالممر.,الجنوبية,دفع مسافر رسومًا إضافية لضمان مقعد بجانب النافذة عند حجز تذكرته، لكنه فوجئ عند الصعود للطائرة بأن مقعده الفعلي في الممر.,محايد,استياء مباشر من عدم الوفاء بخدمة مدفوعة صراحة,شكوى,غضب,4,لا,0,محايد,سلبي,مرتبط,نعم,نعم,مرتفع,عدم الوفاء الفعلي بخدمة مدفوعة صراحة يجعل الاستياء مباشرًا ويرفع احتمالية التصعيد بشكل واضح.,Dataset4_1000
753,والله عجبني، صار فيه تطبيق يذكرنا بأشياء ننساها عادة قبل السفر زي الشاحن.,الشمالية,أضافت شركة سفر خاصية في تطبيقها ترسل قائمة تذكيرية بأغراض شائعة النسيان قبل السفر، مما ساعد مسافرًا على تذكر شاحن جهازه هذه المرة.,مدح,استحسان حقيقي لميزة عملية ومفيدة فعليًا,مدح,رضا,2,لا,0,إيجابي,إيجابي,مرتبط,لا,لا,منخفض,الفائدة العملية الفعلية لهذه الميزة الجديدة تجعل الاستحسان صادقًا وموضوعيًا دون أي مبالغة.,Dataset4_1000
754,طيب ليش يحتسبون رسوم إلغاء كاملة وأنا ألغيت قبل الرحلة بثلاثة أيام؟,سعودية عامة,ألغى مسافر حجز تذكرة طيران قبل ثلاثة أيام من موعد الرحلة، لكنه فوجئ باحتساب رسوم إلغاء كاملة رغم المدة الكافية المتبقية قبل السفر.,محايد,استياء مباشر من رسوم غير متناسبة مع مهلة الإلغاء,شكوى,استياء,3,لا,0,محايد,سلبي,مرتبط,نعم,نعم,متوسط,عدم التناسب الفعلي بين المهلة الكافية للإلغاء والرسوم الكاملة المحتسبة يجعل الاستياء منطقيًا ومباشرًا.,Dataset4_1000
755,عاشت الأيادي، بدلوا لنا الفندق بمستوى أعلى لما اكتشفوا مشكلة بالحجز الأصلي.,الوسطى,اكتشفت وكالة سفر مشكلة في حجز فندق لعائلة مسافرة، فبادرت بنقلهم لفندق بمستوى أعلى بنفس السعر كتعويض عن الخطأ دون أي رسوم إضافية.,مدح,امتنان حقيقي لحل استباقي وعادل لمشكلة حجز,شكر,امتنان,3,لا,0,إيجابي,إيجابي,مرتبط,لا,لا,منخفض,الحل الاستباقي العادل الفعلي للمشكلة يجعل الامتنان صادقًا وموضوعيًا دون أي مبالغة.,Dataset4_1000
756,للأسف اكتشفت إن تأشيرتي تنتهي وسط الرحلة، ليش ما نبهني أحد وقت الحجز؟,الحجازية,حجز مسافر رحلة طويلة دون أن ينتبه أحد من وكالة السفر إلى أن صلاحية تأشيرته الحالية ستنتهي فعليًا أثناء فترة الرحلة نفسها.,سلبي,استياء مباشر من عدم تنبيه استباقي لمشكلة جوهرية,شكوى,قلق,4,لا,0,سلبي,سلبي,مرتبط,نعم,نعم,مرتفع,غياب التنبيه الاستباقي لمشكلة جوهرية كهذه يجعل الاستياء مباشرًا ويرفع احتمالية التصعيد بشكل واضح.,Dataset4_1000
757,سبحان الله، نفس الفندق تقييمه خمس نجوم بموقع وثلاث نجوم بموقع ثاني.,الحجازية,شاهد مسافر تقييمات متضاربة بشكل كبير لنفس الفندق بين منصتي حجز مختلفتين، مما صعّب عليه تكوين توقع واقعي قبل الحجز.,محايد,استغراب حقيقي من تضارب في مصادر تقييم موضوعية,استفسار,ارتباك,2,لا,0,محايد,محايد,مرتبط,لا,لا,منخفض,الاستغراب هنا موضوعي وحقيقي من تضارب بيانات تقييم، دون أي دلالة على سخرية أو استياء عميق.,Dataset4_1000
758,والله ما توقعت، الطيار أعلن بنفسه اعتذار شخصي عن تأخير المدرج.,الشرقية,أعلن قائد الطائرة بنفسه عبر مكبر الصوت اعتذارًا شخصيًا وصريحًا للركاب عن تأخير ناتج عن ازدحام في المدرج، موضحًا الأسباب بشفافية.,مدح,تقدير حقيقي لشفافية واعتذار شخصي يفوق المعتاد,شكر,رضا,2,لا,0,إيجابي,إيجابي,مرتبط,لا,لا,منخفض,الشفافية الشخصية الفعلية غير المعتادة من قائد الطائرة تجعل التقدير صادقًا وموضوعيًا دون أي مبالغة.,Dataset4_1000
759,طيب ليش خدمة الواي فاي على متن الطائرة مدفوعة وما تشتغل فعليًا نص الرحلة؟,الجنوبية,دفع مسافر رسوم اشتراك واي فاي على متن رحلة طويلة، لكن الخدمة انقطعت فعليًا لمدة نصف الرحلة تقريبًا دون أي تعويض أو تفسير.,محايد,استياء مباشر من عدم الوفاء بخدمة مدفوعة بالكامل,شكوى,استياء,3,لا,0,محايد,سلبي,مرتبط,نعم,نعم,متوسط,عدم الوفاء الفعلي بخدمة مدفوعة لنصف مدتها يجعل الاستياء منطقيًا ومباشرًا دون أي حاجة لتفسير معقد.,Dataset4_1000
760,طيب ليش الصيانة الدورية المجانية بالضمان يطلعون لها رسوم فحص إضافية؟,الشمالية,حجز مالك سيارة موعد صيانة دورية مشمولة ضمن ضمان الوكالة المجاني، لكنه فوجئ برسوم فحص إضافية غير مشمولة عند استلام الفاتورة.,محايد,استياء مباشر من رسوم غير متوقعة لخدمة معلنة كمجانية,شكوى,استياء,3,لا,0,محايد,سلبي,مرتبط,نعم,نعم,متوسط,ظهور رسوم غير معلنة لخدمة مصنفة كمجانية ضمن الضمان يجعل الاستياء منطقيًا ومباشرًا دون أي غموض.,Dataset4_1000
761,عاشت الأيادي، أعطوني تقرير فحص مصور لكل قطعة قبل ما يبدأون الصيانة.,سعودية عامة,قدّم مركز صيانة تقريرًا مصورًا تفصيليًا لحالة كل قطعة في السيارة قبل بدء أي عمل صيانة، مما منح مالك السيارة شفافية كاملة قبل الموافقة.,مدح,تقدير حقيقي لشفافية استباقية تفوق المعتاد,شكر,رضا,3,لا,0,إيجابي,إيجابي,مرتبط,نعم,لا,منخفض,الشفافية الاستباقية الفعلية الموصوفة في السياق تجعل التقدير صادقًا وموضوعيًا دون أي مبالغة.,Dataset4_1000
762,سبحان الله، سلمت السيارة بمشكلة بالمكيف بس وطلعت لي أعطال ثانية ما كانت موجودة.,الوسطى,سلّم مالك سيارة سيارته لمركز صيانة بخصوص عطل واحد محدد في المكيف، لكنه استلمها بأعطال إضافية جديدة لم تكن موجودة قبل التسليم.,سلبي,استياء مباشر وشديد من ضرر إضافي تسبب فيه المركز نفسه,شكوى,غضب,4,لا,0,سلبي,سلبي,مرتبط,نعم,نعم,مرتفع,ظهور أعطال جديدة لم تكن موجودة قبل التسليم يجعل الاستياء مباشرًا ويرفع احتمالية التصعيد بشكل كبير.,Dataset4_1000
763,والله فرحانين، الوكالة وفرت سيارة بديلة مجانية طول فترة إصلاح سيارتنا.,الحجازية,احتاجت سيارة عميل إصلاحًا استغرق ثلاثة أيام كاملة، وقدمت له الوكالة سيارة بديلة مجانية طوال هذه الفترة دون أي رسوم إضافية.,مدح,امتنان حقيقي لخدمة إضافية تسهل تنقل العميل فعليًا,شكر,امتنان,3,لا,0,إيجابي,إيجابي,مرتبط,نعم,لا,منخفض,الفائدة العملية الفعلية لهذه الخدمة تجعل الامتنان صادقًا وموضوعيًا دون أي مبالغة.,Dataset4_1000
764,طيب ليش نفس القطعة سعرها بالوكالة ضعف سعرها بمحل قطع الغيار المجاور؟,الشرقية,لاحظ مالك سيارة فارقًا كبيرًا في سعر نفس قطعة الغيار الأصلية بين وكالة السيارة ومحل قطع غيار مستقل قريب منها.,محايد,استغراب واستياء من فارق سعر كبير وغير مبرر,استفسار,استياء,2,لا,0,محايد,سلبي,مرتبط,نعم,لا,منخفض,الفارق الكبير الفعلي في السعر لنفس القطعة يجعل الاستغراب هنا استياءً منطقيًا يستحق المقارنة قبل الشراء.,Dataset4_1000
765,عاشت الأيادي، الفني اتصل يشرح لي الأعطال بالتفصيل قبل ما يبدأ أي شغل.,الجنوبية,اتصل فني صيانة بمالك سيارة ليشرح له بالتفصيل الأعطال المكتشفة والتكلفة المتوقعة قبل البدء بأي عمل فعلي، مما منحه فرصة الموافقة أو الرفض.,مدح,تقدير حقيقي لشفافية استباقية تحترم قرار العميل,شكر,رضا,2,لا,0,إيجابي,إيجابي,مرتبط,نعم,لا,منخفض,الشفافية الاستباقية الفعلية التي تحترم قرار العميل قبل التنفيذ تجعل التقدير صادقًا وموضوعيًا.,Dataset4_1000
766,للأسف حجزت موعد صيانة أسبوع مقدمًا ووصلت لقيت دور طويل رغم الحجز.,الشمالية,حجز مالك سيارة موعد صيانة قبل أسبوع كامل، لكنه فوجئ عند الوصول بطابور انتظار طويل وكأن نظام الحجز المسبق غير مطبق فعليًا.,سلبي,استياء مباشر من عدم فعالية نظام الحجز المسبق,شكوى,نفاد صبر,3,لا,0,سلبي,سلبي,مرتبط,نعم,نعم,متوسط,التناقض الفعلي بين وجود حجز مسبق ووجود طابور انتظار يجعل الاستياء منطقيًا ومباشرًا دون أي غموض.,Dataset4_1000
767,سبحان الله، غسلوا السيارة مجانًا بعد الصيانة بدون ما نطلب منهم.,سعودية عامة,قدّم مركز صيانة خدمة غسيل مجانية للسيارة بعد انتهاء أعمال الصيانة دون أن يطلب مالك السيارة هذه الخدمة الإضافية.,مدح,استحسان حقيقي للمسة إضافية لطيفة تفوق المتوقع,شكر,رضا,2,لا,0,إيجابي,إيجابي,مرتبط,لا,لا,منخفض,اللمسة الإضافية الفعلية غير المطلوبة تجعل الاستحسان صادقًا وموضوعيًا دون أي مبالغة.,Dataset4_1000
768,طيب ليش ضمان السيارة الجديدة ما يشمل البطارية وهي قطعة أساسية؟,الوسطى,اشترى عميل سيارة جديدة بضمان شامل حسب الوصف التسويقي، لكنه اكتشف عند قراءة تفاصيل الضمان استثناء البطارية رغم كونها قطعة أساسية في تشغيل السيارة.,محايد,استياء مباشر من استثناء غير منطقي لقطعة أساسية,استفسار,استياء,2,لا,0,محايد,سلبي,مرتبط,لا,لا,منخفض,عدم منطقية استثناء قطعة أساسية من ضمان يوصف كشامل يجعل الاستياء منطقيًا ويستحق توضيحًا واضحًا.,Dataset4_1000
769,والله ما توقعت، البائع نصحني أشتري موديل أرخص لأنه يناسب استخدامي أكثر.,الحجازية,دخل عميل معرض سيارات ينوي شراء موديل معين أغلى سعرًا، فنصحه البائع بموديل أرخص موضحًا أنه يناسب استخدامه اليومي الفعلي بشكل أفضل.,مدح,إعجاب حقيقي بنزاهة تفوق التوقع في المبيعات,مدح,فرح,3,لا,0,إيجابي,إيجابي,مرتبط,لا,لا,منخفض,النزاهة الفعلية غير المتوقعة في تقديم النصح الأنسب للعميل تجعل الإعجاب صادقًا وليس مجاملة عابرة.,Dataset4_1000
770,للأسف طلبت تركيب قطعة أصلية ولقيت فاتورة مكتوب فيها قطعة تجارية بدون علمي.,الشرقية,طلب عميل تركيب قطعة غيار أصلية صراحة عند الصيانة، لكنه اكتشف عند مراجعة الفاتورة أن القطعة المركبة فعليًا كانت تجارية وليست أصلية دون إبلاغه.,سلبي,استياء مباشر وشديد من مخالفة طلب صريح دون إبلاغ,شكوى,غضب,4,لا,0,سلبي,سلبي,مرتبط,نعم,نعم,مرتفع,مخالفة طلب صريح دون أي إبلاغ مسبق يجعل الاستياء مباشرًا ويرفع احتمالية التصعيد بشكل كبير.,Dataset4_1000
771,عاشت الأيادي، ذكّروني برسالة قبل انتهاء الضمان بشهر عشان أستفيد منه.,الجنوبية,أرسلت وكالة سيارات رسالة تذكيرية لعميل قبل شهر من انتهاء ضمان سيارته، منبهة إياه لاستغلال أي فحوصات مجانية متبقية ضمن الضمان.,مدح,امتنان حقيقي لتذكير استباقي يخدم مصلحة العميل فعليًا,شكر,رضا,2,لا,0,إيجابي,إيجابي,مرتبط,نعم,لا,منخفض,الفائدة الفعلية لهذا التذكير الاستباقي التي تخدم مصلحة العميل تجعل الامتنان صادقًا وموضوعيًا.,Dataset4_1000
772,سبحان الله، حجزت موعد لفحص السيارة قبل الشراء ولقيت البائع يستعجلني بالقرار.,الشمالية,حجز مشترٍ محتمل موعدًا لفحص فني مستقل لسيارة مستعملة قبل الشراء، لكن البائع ظل يستعجله لإنهاء القرار أثناء الفحص نفسه، مما أثار شكوكه.,محايد,قلق مباشر من ضغط غير مريح أثناء إجراء فحص مهم,شكوى,قلق,2,لا,0,محايد,سلبي,مرتبط,لا,لا,منخفض,الضغط الفعلي أثناء فحص مهم يثير قلقًا منطقيًا ومباشرًا لدى المشتري دون أي حاجة لتفسير إضافي.,Dataset4_1000
773,والله عجبني، صار فيه تطبيق يتابع حالة سيارتي بعد الصيانة ويرسل تذكير للفحص القادم.,سعودية عامة,أضافت وكالة سيارات تطبيقًا يتابع تاريخ صيانة سيارة العميل ويرسل تذكيرات استباقية بمواعيد الفحوصات الدورية القادمة تلقائيًا.,مدح,رضا حقيقي عن ميزة عملية تحسن متابعة صيانة السيارة,شكر,رضا,2,لا,0,إيجابي,إيجابي,مرتبط,نعم,لا,منخفض,الفائدة العملية الفعلية لهذه الميزة الجديدة تجعل الرضا صادقًا وموضوعيًا دون أي مبالغة.,Dataset4_1000
774,طيب ليش المقاس اللي أخذته من نفس الماركة قبل شهرين صار مختلف الحين؟,الوسطى,اشترى عميل قطعة ملابس بنفس المقاس المعتاد من نفس الماركة، لكنه لاحظ اختلافًا واضحًا في المقاس الفعلي مقارنة بقطعة مشابهة اشتراها قبل شهرين فقط.,محايد,استغراب واستياء من تفاوت غير مبرر بين مقاسات نفس الماركة,شكوى,ارتباك,2,لا,0,محايد,سلبي,مرتبط,نعم,نعم,منخفض,التفاوت الفعلي بين مقاسين لنفس الماركة خلال فترة قصيرة يجعل الاستغراب استياءً منطقيًا يستحق المتابعة.,Dataset4_1000
775,عاشت الأيادي، البائعة ساعدتني أختار قياس مناسب بدون ما تحاول تبيعني أغلى قطعة.,الحجازية,ساعدت بائعة عميلة في اختيار مقاس وقطعة مناسبة فعليًا لاحتياجها، بدلاً من محاولة الترويج لقطع أغلى سعرًا كما هو معتاد أحيانًا.,مدح,إعجاب حقيقي بنزاهة تفوق التوقع في المبيعات,مدح,رضا,3,لا,0,إيجابي,إيجابي,مرتبط,نعم,لا,منخفض,النزاهة الفعلية غير المتوقعة في تقديم النصح الأنسب تجعل الإعجاب صادقًا وليس مجاملة عابرة.,Dataset4_1000
776,سبحان الله، إعلان التخفيضات يقول خصم خمسين بالمية والسعر الفعلي ما تغير شي.,الشرقية,أعلن متجر أزياء عن تخفيضات تصل لخمسين بالمئة، لكن عميلة لاحظت عند المقارنة أن السعر الفعلي المعروض لم يتغير عن سعره قبل الإعلان بشكل ملموس.,محايد,استياء مباشر من تضليل واضح في إعلان تخفيضات,شكوى,استياء,3,لا,0,محايد,سلبي,مرتبط,لا,نعم,متوسط,التناقض الفعلي بين نسبة الخصم المعلنة والسعر الحقيقي يجعل الاستياء منطقيًا ومباشرًا دون أي غموض.,Dataset4_1000
777,والله فرحانة، صار فيه غرف قياس واسعة تكفي أم وبناتها مع بعض.,الجنوبية,أعاد متجر أزياء تصميم غرف القياس لتصبح أوسع، مما سهّل على أم وبناتها تجربة الملابس معًا دون الحاجة لانتظار كل واحدة دورها بشكل منفصل.,مدح,رضا حقيقي عن تحسن عملي يخدم احتياجًا عائليًا فعليًا,مدح,رضا,2,لا,0,إيجابي,إيجابي,مرتبط,لا,لا,منخفض,الفائدة العملية الفعلية لهذا التحسين تجعل الرضا صادقًا وموضوعيًا دون أي مبالغة.,Dataset4_1000
778,طيب ليش سياسة الاستبدال تسمح بس خلال ثلاثة أيام وأنا اشتريت هدية لمناسبة بعد أسبوع؟,الشمالية,اشترى عميل قطعة ملابس كهدية لمناسبة تقع بعد أسبوع من الشراء، لكن سياسة الاستبدال في المتجر محدودة بثلاثة أيام فقط من تاريخ الشراء الفعلي.,محايد,استياء مباشر من سياسة لا تراعي طبيعة شراء الهدايا,شكوى,قلق,2,لا,0,محايد,سلبي,مرتبط,لا,لا,منخفض,عدم مراعاة السياسة الفعلية لطبيعة شراء الهدايا المسبق يجعل الاستياء منطقيًا ويستحق مرونة إضافية.,Dataset4_1000
779,عاشت الأيادي، رجعوا لي فرق السعر لما لقيت نفس القطعة بتخفيضات بعدها بيومين.,سعودية عامة,اشترى عميل قطعة ملابس بسعرها الكامل، ثم لاحظ دخولها في التخفيضات بعد يومين فقط، فتواصل مع المتجر واسترد الفرق دون أي تعقيد.,مدح,امتنان حقيقي لسياسة عادلة تحترم تجربة العميل,شكر,امتنان,3,لا,0,إيجابي,إيجابي,مرتبط,نعم,لا,منخفض,العدالة الفعلية في التعامل مع تذبذب الأسعار القريب زمنيًا تجعل الامتنان صادقًا ومباشرًا.,Dataset4_1000
780,سبحان الله، نفس القطعة موجودة بلونين مختلفين بالموقع وبالمحل الفعلي لون واحد بس.,الوسطى,عرض متجر أزياء قطعة ملابس بلونين مختلفين على موقعه الإلكتروني، لكن عند زيارة الفرع الفعلي وجدت العميلة لونًا واحدًا فقط متوفرًا للشراء.,محايد,استياء من تضليل بين البيانات الإلكترونية والتوفر الفعلي,شكوى,استياء,2,لا,0,محايد,سلبي,مرتبط,نعم,نعم,منخفض,الفجوة الفعلية بين البيانات المعروضة إلكترونيًا والتوفر الحقيقي بالفرع تجعل الاستياء منطقيًا ومباشرًا.,Dataset4_1000
781,والله عجبني، صار فيه خيار تجربة الملابس افتراضيًا قبل ما أطلب المقاس فعليًا.,الحجازية,أضاف متجر إلكتروني خاصية تجربة افتراضية للملابس عبر تقنية بسيطة، مما ساعد عميلة على تصور شكل القطعة عليها قبل اتخاذ قرار الشراء الفعلي.,مدح,استحسان حقيقي لميزة تقنية تقلل مخاطرة قرار الشراء,مدح,رضا,2,لا,0,إيجابي,إيجابي,مرتبط,لا,لا,منخفض,الفائدة العملية الفعلية لهذه الميزة الجديدة تجعل الاستحسان صادقًا وموضوعيًا دون أي مبالغة.,Dataset4_1000
782,طيب ليش يحسبون رسوم شحن مرتجع وأنا رجعت القطعة بسبب عيب مصنعي واضح؟,الشرقية,أرجع عميل قطعة ملابس بها عيب تصنيعي واضح، لكن المتجر خصم رسوم شحن الإرجاع من المبلغ المسترد رغم أن سبب الإرجاع كان خطأً من جهة المتجر نفسه.,محايد,استياء مباشر من تحميل العميل تكلفة خطأ ليس بسببه,شكوى,استياء,3,لا,0,محايد,سلبي,مرتبط,نعم,نعم,متوسط,تحميل العميل تكلفة عيب تصنيعي واضح ليس بسببه يجعل الاستياء منطقيًا ومباشرًا دون أي غموض.,Dataset4_1000
783,عاشت الأيادي، البائع فتح لنا المحل قبل الدوام الرسمي بربع ساعة عشان موعدنا.,الجنوبية,كان لدى عائلة موعد ضيق قبل الدوام الرسمي لمتجر أزياء، فبادر صاحب المحل بفتحه مبكرًا بربع ساعة لاستقبالهم دون أي تعقيد.,مدح,امتنان حقيقي لمرونة فعلية تراعي ظروف العميل الخاصة,شكر,امتنان,2,لا,0,إيجابي,إيجابي,مرتبط,لا,لا,منخفض,المرونة الفعلية في مراعاة ظروف العميل الخاصة تجعل الامتنان صادقًا ومباشرًا دون أي التباس.,Dataset4_1000
784,سبحان الله، عرضوا لي بطاقة ولاء بس ما شرحوا لي كيف أستخدم النقاط أصلاً.,الشمالية,حصل عميل على بطاقة ولاء من متجر أزياء، لكن الموظف لم يشرح له آلية استخدام النقاط المتراكمة أو كيفية استبدالها بمكافآت فعلية.,محايد,استياء مباشر من نقص شرح خدمة مقدمة فعليًا,شكوى,ارتباك,2,لا,0,محايد,سلبي,مرتبط,نعم,لا,منخفض,نقص الشرح الفعلي لآلية استخدام خدمة مقدمة يجعل الاستياء منطقيًا ومباشرًا دون أي مبالغة.,Dataset4_1000
785,والله ما توقعت، رجّعت غرض بعد أسبوعين من الشراء ووافقوا بدون أي مشكلة.,سعودية عامة,حاول عميل إرجاع منتج بعد أسبوعين من الشراء، وهي مدة أطول من السياسة المعلنة عادة، لكن المتجر وافق على الإرجاع دون أي تعقيد أو رفض.,مدح,امتنان حقيقي لمرونة تفوق السياسة المعلنة رسميًا,شكر,امتنان,3,لا,0,إيجابي,إيجابي,مرتبط,نعم,لا,منخفض,المرونة الفعلية التي تجاوزت السياسة المعلنة رسميًا تجعل الامتنان صادقًا ومباشرًا دون أي مبالغة.,Dataset4_1000
786,طيب ليش أدفع اشتراك سنوي كامل والنادي يقفل شهر كامل للصيانة بدون تعويض؟,الوسطى,دفع مشترك اشتراكًا سنويًا كاملاً في نادٍ رياضي، لكن النادي أغلق أبوابه لمدة شهر كامل للصيانة دون تقديم أي تمديد أو تعويض عن هذه المدة.,محايد,استياء مباشر من عدم تعويض عن فترة إغلاق كاملة,شكوى,استياء,3,لا,0,محايد,سلبي,مرتبط,لا,نعم,متوسط,غياب التعويض الفعلي عن فترة إغلاق كاملة رغم دفع اشتراك سنوي يجعل الاستياء منطقيًا ومباشرًا.,Dataset4_1000
787,عاشت الأيادي، المدرب عدّل خطة التمرين لما لاحظ إصابة بسيطة بركبتي.,الحجازية,لاحظ مدرب لياقة إصابة بسيطة في ركبة أحد المشتركين أثناء التمرين، فعدّل خطة التمرين فورًا لتجنب زيادة الإصابة دون أن يُطلب منه ذلك.,مدح,تقدير حقيقي لانتباه مهني استباقي يحمي سلامة المشترك,شكر,امتنان,3,لا,0,إيجابي,إيجابي,مرتبط,لا,لا,منخفض,الانتباه الاستباقي الفعلي لسلامة المشترك يجعل التقدير صادقًا وموضوعيًا دون أي مبالغة.,Dataset4_1000
788,سبحان الله، إعلان النادي يقول أجهزة حديثة وأغلبها متوقف عن الشغل فعليًا.,الشرقية,روّج نادٍ رياضي لأجهزته الحديثة في إعلاناته، لكن عضوًا جديدًا لاحظ أن أغلب هذه الأجهزة متوقفة فعليًا عن العمل عند زيارته الأولى.,محايد,استياء مباشر من تضليل بين الإعلان والواقع الفعلي,شكوى,استياء,3,لا,0,محايد,سلبي,مرتبط,لا,نعم,متوسط,التناقض الفعلي بين الترويج الإعلاني والواقع الحقيقي للأجهزة يجعل الاستياء منطقيًا ومباشرًا.,Dataset4_1000
789,والله فرحانة، صار فيه جلسات تجميل تجريبية قصيرة بسعر رمزي قبل الالتزام بباقة كاملة.,الجنوبية,أضاف مركز تجميل خيار جلسة تجريبية قصيرة بسعر رمزي، تتيح للعميلة تجربة الخدمة قبل الالتزام بشراء باقة كاملة أغلى تكلفة.,مدح,استحسان حقيقي لخيار يقلل مخاطرة قرار مالي كبير,مدح,رضا,2,لا,0,إيجابي,إيجابي,مرتبط,لا,لا,منخفض,الفائدة العملية الفعلية لتقليل مخاطرة القرار المالي تجعل الاستحسان صادقًا وموضوعيًا دون أي مبالغة.,Dataset4_1000
790,طيب ليش باقة العشر جلسات تنتهي صلاحيتها بشهرين وأنا ما أقدر أروح كل أسبوع؟,الشمالية,اشترت عميلة باقة عشر جلسات تجميل بصلاحية شهرين فقط، رغم أن جدولها الشخصي المزدحم لا يسمح لها بالحضور أسبوعيًا لاستكمالها ضمن هذه المدة.,محايد,استياء مباشر من مدة صلاحية لا تراعي واقع العملاء,شكوى,قلق,2,لا,0,محايد,سلبي,مرتبط,لا,لا,منخفض,عدم مراعاة الصلاحية الفعلية لواقع جداول العملاء المزدحمة يجعل الاستياء منطقيًا ويستحق مرونة إضافية.,Dataset4_1000
791,عاشت الأيادي، صار فيه غرف انتظار منفصلة للرجال والنساء بمركز التجميل العائلي.,سعودية عامة,أعاد مركز تجميل عائلي تنظيم صالة الانتظار بحيث توفر خصوصية أكبر للعائلات، مما لاقى استحسان الزبائن الذين يترددون عليه مع أفراد عائلاتهم.,مدح,استحسان حقيقي لتحسن يراعي خصوصية العائلات فعليًا,مدح,رضا,2,لا,0,إيجابي,إيجابي,مرتبط,لا,لا,منخفض,المراعاة الفعلية لخصوصية العائلات تجعل الاستحسان صادقًا وموضوعيًا دون أي مبالغة.,Dataset4_1000
792,سبحان الله، حجزت موعد قص شعر وانتظرت أربعين دقيقة رغم الحجز المسبق.,الوسطى,حجز عميل موعدًا مسبقًا لقص شعره في صالون، لكنه انتظر أربعين دقيقة إضافية قبل استقباله فعليًا رغم الحجز المؤكد مسبقًا.,سلبي,استياء مباشر من عدم احترام موعد محجوز مسبقًا,شكوى,نفاد صبر,3,لا,0,سلبي,سلبي,مرتبط,نعم,نعم,متوسط,عدم احترام الموعد الفعلي المحجوز مسبقًا يجعل الاستياء منطقيًا ومباشرًا دون أي حاجة لتفسير معقد.,Dataset4_1000
793,والله ما توقعت، المدربة تابعت معي حتى بعد ما خلصت الباقة بدون رسوم إضافية.,الحجازية,انتهت باقة تدريب شخصي لمشتركة في نادٍ رياضي، لكن المدربة استمرت بمتابعة تقدمها ونصحها بشكل غير رسمي دون أي رسوم إضافية.,مدح,امتنان حقيقي لمتابعة استباقية تفوق الالتزام التعاقدي,شكر,امتنان,3,لا,0,إيجابي,إيجابي,مرتبط,لا,لا,منخفض,المتابعة الاستباقية الفعلية بعد انتهاء الالتزام التعاقدي تجعل الامتنان صادقًا وعميقًا دون أي مبالغة.,Dataset4_1000
794,طيب ليش يعرضون علي منتجات إضافية بكل جلسة وأنا صريح إني ما أبي أشتري شي؟,الشرقية,أوضحت عميلة بشكل صريح في أكثر من زيارة أنها لا ترغب بشراء منتجات إضافية، لكن الموظفة استمرت بعرض منتجات جديدة عليها في كل جلسة رغم ذلك.,محايد,استياء مباشر من تجاهل رغبة صريحة ومتكررة,شكوى,إحباط,3,لا,0,محايد,سلبي,مرتبط,لا,لا,متوسط,تجاهل رغبة صريحة ومتكررة صرّحت بها العميلة يجعل الاستياء منطقيًا ومباشرًا دون أي غموض.,Dataset4_1000
795,عاشت الأيادي، صار فيه تطبيق يبين الزحمة المتوقعة بالنادي بكل ساعة.,الجنوبية,أضاف نادٍ رياضي خاصية في تطبيقه تعرض مستوى الازدحام المتوقع في كل ساعة، مما ساعد المشتركين على اختيار أوقات أقل ازدحامًا لممارسة الرياضة.,مدح,استحسان حقيقي لميزة عملية تحسن تجربة الاستخدام,مدح,رضا,2,لا,0,إيجابي,إيجابي,مرتبط,لا,لا,منخفض,الفائدة العملية الفعلية لهذه الميزة الجديدة تجعل الاستحسان صادقًا وموضوعيًا دون أي مبالغة.,Dataset4_1000
796,للأسف حجزت جلسة مع أخصائية معينة بالاسم وجاتني أخصائية ثانية بدون تنسيق.,الشمالية,حجزت عميلة جلسة عناية بالبشرة مع أخصائية معينة بالاسم بناءً على توصية سابقة، لكن عند الحضور استقبلتها أخصائية أخرى دون أي إشعار مسبق بالتغيير.,سلبي,استياء مباشر من تغيير غير معلن لأخصائية محددة,شكوى,استياء,3,لا,0,سلبي,سلبي,مرتبط,لا,نعم,متوسط,التغيير الفعلي غير المعلن لأخصائية محددة بالاسم يجعل الاستياء منطقيًا ومباشرًا دون أي غموض.,Dataset4_1000
797,طيب ليش الفني وصل بعد يومين من الموعد المتفق عليه لعطل تسرب مياه؟,سعودية عامة,اتصل صاحب منزل بخدمة سباكة طارئة بسبب تسرب مياه نشط، لكن الفني لم يصل فعليًا إلا بعد يومين كاملين من الموعد المتفق عليه هاتفيًا.,سلبي,استياء مباشر وشديد من تأخير في حالة تستدعي عاجلاً,شكوى,قلق,4,لا,0,سلبي,سلبي,مرتبط,نعم,نعم,مرتفع,طبيعة العطل العاجلة والتأخير الفعلي الطويل يجعلان الاستياء مباشرًا ويرفعان احتمالية التصعيد بشكل كبير.,Dataset4_1000
798,عاشت الأيادي، الكهربائي ما اكتفى بحل العطل، نبهني لعطل ثاني ناشئ قبل ما يتفاقم.,الوسطى,أصلح كهربائي عطلاً محددًا طلب منه صاحب المنزل إصلاحه، ولاحظ أثناء العمل عطلًا آخر ناشئًا فنبّهه إليه قبل أن يتفاقم دون رسوم إضافية على النصيحة.,مدح,تقدير حقيقي لخبرة إضافية تفوق المطلوب في العقد,شكر,امتنان,3,لا,0,إيجابي,إيجابي,مرتبط,نعم,لا,منخفض,الخبرة الإضافية الفعلية التي فاقت نطاق العمل المطلوب تجعل التقدير صادقًا وموضوعيًا دون أي مبالغة.,Dataset4_1000
799,سبحان الله، فريق التنظيف نسى أدواته عندنا وطلبوا نرجعها لهم بأنفسنا.,الحجازية,نسي فريق تنظيف منزلي بعضًا من أدواته بعد انتهاء الخدمة، وطلب من صاحب المنزل ترتيب إعادتها بنفسه بدلاً من إرسال أحد لاستلامها.,محايد,استياء مباشر من تحميل العميل مسؤولية خطأ الفريق,شكوى,استياء,2,لا,0,محايد,سلبي,مرتبط,نعم,نعم,منخفض,تحميل العميل مسؤولية خطأ ليس بسببه يجعل الاستياء منطقيًا ومباشرًا دون أي حاجة لتفسير معقد.,Dataset4_1000
800,والله فرحانين، صار فيه تسعير ثابت معلن قبل الزيارة بدل ما يفاجئونا بالسعر عند الانتهاء.,الشرقية,بدأت شركة صيانة منزلية بإعلان أسعار ثابتة وواضحة لكل نوع خدمة قبل تأكيد الموعد، بدلاً من تحديد السعر النهائي بعد انتهاء العمل كما كان معتادًا سابقًا.,مدح,رضا حقيقي عن تحسن ملموس في الشفافية السعرية,شكر,رضا,2,لا,0,إيجابي,إيجابي,مرتبط,نعم,لا,منخفض,التحسن الفعلي في الشفافية السعرية مقارنة بالممارسة السابقة يجعل الرضا صادقًا وموضوعيًا.,Dataset4_1000
801,طيب ليش سعر تركيب المكيف تضاعف من اللي قالوه لي بالهاتف؟,الجنوبية,أعطت شركة تكييف عميلاً سعرًا مبدئيًا لتركيب مكيف عبر الهاتف، لكن السعر الفعلي عند إنهاء التركيب كان ضعف السعر المتفق عليه مبدئيًا دون تفسير واضح.,سلبي,استياء مباشر وشديد من فارق سعر كبير غير مبرر,شكوى,غضب,4,لا,0,سلبي,سلبي,مرتبط,نعم,نعم,مرتفع,الفارق الكبير الفعلي بين السعر المتفق عليه والسعر النهائي يجعل الاستياء مباشرًا ويرفع احتمالية التصعيد.,Dataset4_1000
802,عاشت الأيادي، الفني لبس أغطية للأحذية قبل ما يدخل البيت من نفسه.,الشمالية,بادر فني صيانة بارتداء أغطية واقية لحذائه قبل دخول منزل عميل دون أن يُطلب منه ذلك، مراعاة لنظافة المنزل.,مدح,إعجاب حقيقي بمبادرة احترافية تفوق المعتاد,مدح,رضا,2,لا,0,إيجابي,إيجابي,مرتبط,لا,لا,منخفض,المبادرة الفعلية غير المطلوبة الموصوفة في السياق تجعل الإعجاب صادقًا وليس مبالغة.,Dataset4_1000
803,للأسف حجزت موعد تنظيف مسبق وجاء الفريق بعدد أقل من المتفق عليه.,الوسطى,اتفق صاحب منزل مع شركة تنظيف على إرسال فريق من أربعة أشخاص لتنظيف شامل، لكن الفريق الذي حضر فعليًا كان مكونًا من شخصين فقط دون تفسير للنقص.,سلبي,استياء مباشر من مخالفة اتفاق صريح على عدد الفريق,شكوى,استياء,3,لا,0,سلبي,سلبي,مرتبط,نعم,نعم,متوسط,مخالفة الاتفاق الفعلي الصريح على عدد أفراد الفريق يجعل الاستياء منطقيًا ومباشرًا دون أي غموض.,Dataset4_1000
804,سبحان الله، ضمان الصيانة ثلاثة أشهر ورجع نفس العطل بعد أسبوعين بس.,الحجازية,أصلح فني عطلاً في جهاز منزلي مع ضمان صيانة لثلاثة أشهر، لكن نفس العطل عاد للظهور فعليًا بعد أسبوعين فقط من الإصلاح الأول.,محايد,استياء مباشر من عودة سريعة لعطل ضمن فترة الضمان,شكوى,إحباط,3,لا,0,محايد,سلبي,مرتبط,نعم,نعم,متوسط,سرعة عودة العطل الفعلية خلال فترة الضمان تجعل الاستياء منطقيًا ومباشرًا دون أي حاجة لتفسير معقد.,Dataset4_1000
805,والله ما توقعت، بعد التركيب شرح لي الفني كيف أصون الجهاز بنفسي مستقبلاً.,الشرقية,بعد تركيب جهاز منزلي جديد، خصص الفني وقتًا إضافيًا لشرح كيفية الصيانة الأساسية الذاتية للجهاز، مما يقلل حاجة العميل لطلبات صيانة مستقبلية بسيطة.,مدح,تقدير حقيقي لجهد تثقيفي إضافي يفيد العميل مستقبلاً,شكر,امتنان,3,لا,0,إيجابي,إيجابي,مرتبط,لا,لا,منخفض,الجهد الإضافي الفعلي التثقيفي الذي يفيد العميل مستقبلاً يجعل التقدير صادقًا وموضوعيًا دون أي مبالغة.,Dataset4_1000
806,طيب ليش يطلبون دفع كامل المبلغ مقدمًا لخدمة ما بدأت أصلاً؟,الجنوبية,طلبت شركة صيانة من عميل دفع كامل قيمة الخدمة مقدمًا قبل بدء أي عمل فعلي، دون تقديم أي ضمان واضح في حال عدم إتمام الخدمة بشكل مُرضٍ.,محايد,قلق مباشر من شرط دفع كامل مسبق دون ضمانات واضحة,استفسار,قلق,2,لا,0,محايد,سلبي,مرتبط,نعم,لا,منخفض,غياب ضمانات واضحة مقابل دفع كامل مسبق يثير قلقًا منطقيًا ومباشرًا لدى العميل دون أي مبالغة.,Dataset4_1000
807,عاشت الأيادي، ما فرضوا علينا باقة صيانة سنوية، عطونا الخيار بكل صراحة.,الشمالية,أنهى فني صيانة منزلية إصلاح عطل بسيط، وعرض على العميل باقة صيانة سنوية كخيار اختياري بوضوح تام دون أي ضغط أو إلحاح لقبولها.,مدح,تقدير حقيقي لنزاهة تعرض خدمة دون ضغط مبيعات,شكر,رضا,2,لا,0,إيجابي,إيجابي,مرتبط,لا,لا,منخفض,النزاهة الفعلية في عرض خدمة دون ضغط تجعل التقدير صادقًا وموضوعيًا دون أي مبالغة.,Dataset4_1000
808,للأسف طلبت صيانة غسالة واستبدلوا قطعة سليمة بدل القطعة المعطلة فعليًا.,سعودية عامة,طلب عميل إصلاح عطل محدد في غسالته، لكن الفني استبدل قطعة مختلفة سليمة عن طريق الخطأ بدلاً من القطعة المعطلة الفعلية، مما استمر العطل الأصلي.,سلبي,استياء مباشر من خطأ فني تسبب في استمرار العطل الأصلي,شكوى,غضب,4,لا,0,سلبي,سلبي,مرتبط,نعم,نعم,مرتفع,الخطأ الفعلي الذي أدى لاستمرار العطل الأصلي رغم دفع تكلفة الإصلاح يجعل الاستياء مباشرًا ويرفع احتمالية التصعيد.,Dataset4_1000
809,سبحان الله، صار فيه تتبع مباشر لموقع فني الصيانة قبل ما يوصل زي تطبيقات التوصيل.,الوسطى,أضافت شركة صيانة منزلية خاصية تتبع مباشر لموقع الفني المتجه للمنزل عبر التطبيق، مشابهة لتطبيقات التوصيل، مما ساعد العميل على تقدير وقت الوصول بدقة.,مدح,استحسان حقيقي لميزة عملية تحسن تقدير وقت الانتظار,مدح,رضا,2,لا,0,إيجابي,إيجابي,مرتبط,نعم,لا,منخفض,الفائدة العملية الفعلية لهذه الميزة الجديدة تجعل الاستحسان صادقًا وموضوعيًا دون أي مبالغة.,Dataset4_1000
810,والله فرحانين، صار فيه فحص مجاني شامل قبل أي عمل صيانة عشان نعرف الأولويات.,الحجازية,بدأت شركة صيانة منزلية بتقديم فحص شامل مجاني قبل أي عمل، لمساعدة العميل على معرفة أولويات الإصلاح الفعلية بدلاً من التسرع بعمل عشوائي.,مدح,رضا حقيقي عن خدمة تخطيط مجانية ومفيدة فعليًا,شكر,رضا,2,لا,0,إيجابي,إيجابي,مرتبط,نعم,لا,منخفض,الفائدة العملية الفعلية لهذه الخدمة الجديدة تجعل الرضا صادقًا وموضوعيًا دون أي مبالغة.,Dataset4_1000
811,طيب ليش فريق التنظيف يستخدم مواد كيميائية قوية رغم إني وضحت إن عندي طفل رضيع؟,الشرقية,أوضح صاحب منزل صراحة لفريق تنظيف أن لديه طفلاً رضيعًا ويفضل مواد تنظيف آمنة، لكن الفريق استخدم فعليًا مواد كيميائية قوية دون مراعاة هذا الطلب الصريح.,سلبي,استياء مباشر من تجاهل طلب صريح يتعلق بسلامة طفل,شكوى,قلق,4,لا,0,سلبي,سلبي,مرتبط,نعم,نعم,مرتفع,تجاهل طلب صريح يتعلق بسلامة طفل رضيع يجعل الاستياء مباشرًا ويرفع احتمالية التصعيد بشكل كبير.,Dataset4_1000
812,طيب ليش فاتورة الكهرباء تضاعفت وأنا مسافر الشهر كامل والبيت فاضي؟,الجنوبية,سافر صاحب منزل شهرًا كاملاً تاركًا المنزل فارغًا وأغلب الأجهزة مغلقة، لكنه فوجئ بفاتورة كهرباء أعلى من المعتاد رغم عدم وجود استهلاك فعلي متوقع.,محايد,استياء مباشر من فاتورة لا تتناسب مع الاستهلاك الفعلي المتوقع,شكوى,قلق,3,لا,0,محايد,سلبي,مرتبط,نعم,نعم,متوسط,عدم التناسب الفعلي بين غياب الاستهلاك المتوقع وارتفاع الفاتورة يجعل الاستياء منطقيًا ويستحق مراجعة العداد.,Dataset4_1000
813,عاشت الأيادي، رجعوا الخدمة خلال ساعة من بلاغ الانقطاع المفاجئ.,الشمالية,أبلغ سكان حي عن انقطاع مفاجئ في الكهرباء، واستجابت شركة الكهرباء بإصلاح العطل وإعادة الخدمة خلال ساعة واحدة فقط من البلاغ.,مدح,امتنان حقيقي لسرعة استجابة تفوق المتوقع,شكر,امتنان,3,لا,0,إيجابي,إيجابي,مرتبط,نعم,لا,منخفض,السرعة الفعلية في الاستجابة لبلاغ انقطاع مفاجئ تجعل الامتنان صادقًا وموضوعيًا دون أي مبالغة.,Dataset4_1000
814,سبحان الله، قراءة العداد اللي كتبوها أعلى بكثير من الرقم اللي أشوفه بنفسي على العداد.,سعودية عامة,قارن صاحب منزل قراءة عداد الكهرباء المسجلة في الفاتورة برقم العداد الفعلي الذي يشاهده بنفسه، ووجد فارقًا كبيرًا وغير منطقي بين الرقمين.,محايد,استياء مباشر من خطأ واضح في قراءة العداد الفعلية,شكوى,استياء,3,لا,0,محايد,سلبي,مرتبط,نعم,نعم,متوسط,الفارق الكبير الفعلي بين القراءة المسجلة والقراءة الحقيقية يجعل الاستياء منطقيًا ومباشرًا دون أي غموض.,Dataset4_1000
815,والله سهلوا علينا، صار فيه تطبيق يبين استهلاكنا اليومي بدل ما ننتظر الفاتورة الشهرية.,الوسطى,أضافت شركة كهرباء تطبيقًا يعرض استهلاك المنزل اليومي فعليًا، مما ساعد أسرة على مراقبة استهلاكها وتعديل عاداتها بدلاً من انتظار المفاجأة الشهرية بالفاتورة.,مدح,رضا حقيقي عن ميزة عملية تحسن إدارة الاستهلاك فعليًا,شكر,رضا,2,لا,0,إيجابي,إيجابي,مرتبط,نعم,لا,منخفض,الفائدة العملية الفعلية لهذه الميزة الجديدة تجعل الرضا صادقًا وموضوعيًا دون أي مبالغة.,Dataset4_1000
816,طيب ليش قطعوا الماء بدون إشعار مسبق لصيانة كانوا يعرفون موعدها من أسبوع؟,الحجازية,خططت شركة مياه لصيانة مجدولة كانت تعلم بموعدها قبل أسبوع كامل، لكنها لم ترسل أي إشعار مسبق للسكان قبل قطع الخدمة فعليًا.,سلبي,استياء مباشر من غياب إشعار رغم معرفة مسبقة بالموعد,شكوى,إحباط,3,لا,0,سلبي,سلبي,مرتبط,لا,نعم,متوسط,غياب الإشعار الفعلي رغم المعرفة المسبقة الكافية بالموعد يجعل الاستياء منطقيًا ومباشرًا دون أي غموض.,Dataset4_1000
817,عاشت الأيادي، عوضونا مبلغ رمزي عن انقطاع الخدمة يومين بدون ما نطلب.,الشرقية,انقطعت خدمة المياه عن حي سكني لمدة يومين بسبب عطل فني، وقامت الشركة بتعويض السكان بمبلغ رمزي في الفاتورة التالية دون أن يطلبوا ذلك.,مدح,امتنان حقيقي لمبادرة تعويض استباقية عن انقطاع فعلي,شكر,امتنان,3,لا,0,إيجابي,إيجابي,مرتبط,نعم,لا,منخفض,المبادرة الاستباقية الفعلية للتعويض عن انقطاع حقيقي تجعل الامتنان صادقًا وتعكس اهتمامًا فعليًا بالعملاء.,Dataset4_1000
818,سبحان الله، ضغط الماء ضعيف بالنهار وقوي جدًا بالليل بنفس المنزل.,الجنوبية,لاحظ صاحب منزل تفاوتًا كبيرًا في ضغط المياه بين ساعات النهار والليل، مما أثر على استخدامه اليومي للمياه خلال فترات الذروة النهارية تحديدًا.,محايد,استياء من تفاوت فعلي يؤثر على الاستخدام اليومي,شكوى,استياء,2,لا,0,محايد,سلبي,مرتبط,نعم,نعم,منخفض,التفاوت الفعلي المؤثر على الاستخدام اليومي يجعل الاستياء منطقيًا ومباشرًا دون أي مبالغة.,Dataset4_1000
819,والله فرحانين، صار فيه خيار تقسيط الفاتورة المرتفعة على ثلاث دفعات بدون فوائد.,الشمالية,واجهت أسرة فاتورة مياه مرتفعة بشكل استثنائي بسبب تسرب لم يلاحظوه، وأتاحت الشركة خيار تقسيطها على ثلاث دفعات دون أي فوائد إضافية.,مدح,رضا حقيقي عن مرونة عملية تخفف عبئًا ماليًا مفاجئًا,شكر,رضا,3,لا,0,إيجابي,إيجابي,مرتبط,نعم,لا,منخفض,المرونة العملية الفعلية في التعامل مع ظرف مفاجئ تجعل الرضا صادقًا وموضوعيًا دون أي مبالغة.,Dataset4_1000
820,طيب ليش يحملونا رسوم إعادة توصيل كاملة وانقطاع الخدمة كان بسبب عطل من طرفهم؟,سعودية عامة,انقطعت خدمة الكهرباء عن منزل بسبب عطل فني من جانب الشركة نفسها، لكن عند إعادة التوصيل احتسبت الشركة رسوم إعادة توصيل كاملة على العميل رغم أن الخطأ لم يكن من طرفه.,محايد,استياء مباشر من تحميل العميل تكلفة خطأ ليس بسببه,شكوى,غضب,3,لا,0,محايد,سلبي,مرتبط,نعم,نعم,متوسط,تحميل العميل تكلفة عطل فني ليس بسببه يجعل الاستياء منطقيًا ومباشرًا دون أي غموض.,Dataset4_1000
821,عاشت الأيادي، الفني اتصل يشرح سبب العطل قبل لا يبدأ الإصلاح مباشرة.,الوسطى,اتصل فني كهرباء بصاحب منزل ليشرح له سبب العطل المكتشف وخطة الإصلاح المقترحة قبل البدء بأي عمل فعلي، مما منحه وضوحًا كاملاً قبل الموافقة.,مدح,تقدير حقيقي لشفافية استباقية تحترم قرار العميل,شكر,رضا,2,لا,0,إيجابي,إيجابي,مرتبط,نعم,لا,منخفض,الشفافية الاستباقية الفعلية قبل التنفيذ تجعل التقدير صادقًا وموضوعيًا دون أي مبالغة.,Dataset4_1000
822,للأسف اتصلت أبلغ عن تسرب مياه بالشارع ولين الحين بعد ثلاثة أيام ولا حد جاء.,الحجازية,أبلغ مواطن عن تسرب مياه واضح في شارع سكني عام، لكن مرت ثلاثة أيام كاملة دون أن يصل أي فريق فني لمعالجة هذا التسرب رغم استمرار هدر المياه.,سلبي,استياء مباشر من تأخير في معالجة بلاغ يخص المرافق العامة,شكوى,إحباط,3,لا,0,سلبي,سلبي,مرتبط,لا,نعم,متوسط,طول مدة الانتظار الفعلية لمعالجة تسرب واضح ومستمر يجعل الاستياء منطقيًا ومباشرًا دون أي غموض.,Dataset4_1000
823,سبحان الله، صار فيه إشعار مبكر لو فاتورتنا رح تكون أعلى من المعتاد بسبب استهلاك غير طبيعي.,الشرقية,أضافت شركة كهرباء نظامًا يرسل تنبيهًا مبكرًا للعملاء إذا لاحظ ارتفاعًا غير طبيعي في استهلاكهم منتصف الشهر، قبل وصول الفاتورة النهائية المرتفعة كمفاجأة.,مدح,استحسان حقيقي لميزة استباقية تجنب مفاجآت مالية,مدح,رضا,2,لا,0,إيجابي,إيجابي,مرتبط,نعم,لا,منخفض,الفائدة العملية الفعلية لهذه الميزة الاستباقية الجديدة تجعل الاستحسان صادقًا وموضوعيًا دون أي مبالغة.,Dataset4_1000
824,طيب ليش تغيرت المعلمة ثلاث مرات لنفس المادة خلال فصل دراسي واحد؟,الجنوبية,لاحظ ولي أمر أن معلمة مادة أساسية لابنه تغيرت ثلاث مرات خلال فصل دراسي واحد فقط، دون أي تفسير واضح من إدارة المدرسة لهذا التغيير المتكرر.,محايد,استياء مباشر من عدم استقرار يؤثر على استمرارية التعليم,شكوى,قلق,3,لا,0,محايد,سلبي,مرتبط,لا,نعم,متوسط,التغيير المتكرر الفعلي دون تفسير يؤثر على استمرارية تعليم الطالب، وهذا يجعل الاستياء منطقيًا ومباشرًا.,Dataset4_1000
825,عاشت الأيادي، المعلم أرسل تقرير أسبوعي مفصل عن تقدم ابني بدون ما نطلب.,الشمالية,بادر معلم بإرسال تقرير أسبوعي مفصل لولي أمر يوضح فيه تقدم ابنه الدراسي ونقاط القوة والضعف، دون أن يطلب ولي الأمر هذه المتابعة الإضافية.,مدح,امتنان حقيقي لمبادرة تواصل استباقية ومفيدة فعليًا,شكر,امتنان,3,لا,0,إيجابي,إيجابي,مرتبط,لا,لا,منخفض,المبادرة الاستباقية الفعلية غير المطلوبة تجعل الامتنان صادقًا وموضوعيًا دون أي مبالغة.,Dataset4_1000
826,سبحان الله، مركز التقوية يعلن نتائج ممتازة وابني ما تحسن شي بعد شهرين اشتراك.,سعودية عامة,روّج مركز تقوية لنتائج تحسن ملحوظة لطلابه، لكن ولي أمر لاحظ عدم وجود أي تحسن فعلي في مستوى ابنه بعد شهرين كاملين من الاشتراك في الدروس.,محايد,استياء مباشر من فجوة بين الترويج والنتيجة الفعلية,شكوى,خيبة أمل,3,لا,0,محايد,سلبي,مرتبط,لا,نعم,متوسط,غياب أي تحسن فعلي ملموس رغم مدة كافية للاشتراك يجعل الاستياء منطقيًا ومباشرًا ويستحق مراجعة.,Dataset4_1000
827,والله فرحانين، المدرسة صارت ترسل جدول الاختبارات من أول الفصل بدل الإعلان المفاجئ.,الوسطى,بدأت مدرسة بإرسال جدول اختبارات الفصل كاملاً منذ بدايته، بدلاً من الإعلان عن كل اختبار قبل أيام قليلة فقط كما كان معتادًا سابقًا، مما ساعد الطلاب على التخطيط.,مدح,رضا حقيقي عن تحسن ملموس في التخطيط الأكاديمي,شكر,رضا,2,لا,0,إيجابي,إيجابي,مرتبط,لا,لا,منخفض,المقارنة الضمنية بأسلوب سابق أقل تنظيمًا تعزز صدق الرضا عن التحسن الفعلي الحالي.,Dataset4_1000
828,طيب ليش رسوم الكتب الإضافية تُعلن بعد التسجيل مباشرة وما كانت مذكورة بالرسوم الأساسية؟,الحجازية,سجّل ولي أمر ابنه في مدرسة بناءً على رسوم معلنة واضحة، لكنه فوجئ بعد التسجيل مباشرة برسوم إضافية للكتب لم تكن مذكورة ضمن الرسوم الأساسية المعلنة.,محايد,استياء مباشر من رسوم غير معلنة ظهرت بعد الالتزام,شكوى,استياء,3,لا,0,محايد,سلبي,مرتبط,لا,نعم,متوسط,ظهور رسوم غير معلنة بعد التزام مالي فعلي بالتسجيل يجعل الاستياء منطقيًا ومباشرًا دون أي غموض.,Dataset4_1000
829,عاشت الأيادي، المدرسة وفرت حافلة إضافية لما لاحظوا ازدحام بالحافلة الأساسية.,الشرقية,لاحظت إدارة مدرسة ازدحامًا في حافلة نقل الطلاب المخصصة لحي معين، فأضافت حافلة إضافية لتخفيف الازدحام دون أن يطلب أولياء الأمور ذلك صراحة.,مدح,امتنان حقيقي لاستجابة استباقية لمشكلة ملحوظة فعليًا,شكر,امتنان,2,لا,0,إيجابي,إيجابي,مرتبط,لا,لا,منخفض,الاستجابة الاستباقية الفعلية لمشكلة ملحوظة تجعل الامتنان صادقًا وموضوعيًا دون أي مبالغة.,Dataset4_1000
830,للأسف حسيت إن مستوى المعلم بمادة الرياضيات أضعف من مستوى الطلاب أنفسهم.,الجنوبية,لاحظ ولي أمر من خلال متابعة واجبات ابنه أن أسلوب شرح معلم الرياضيات يحتوي أخطاء بسيطة متكررة، مما أثار قلقه حول جودة التدريس المقدم فعليًا.,سلبي,استياء مباشر من مستوى تدريس أقل من المتوقع,شكوى,قلق,3,لا,0,سلبي,سلبي,مرتبط,لا,نعم,متوسط,الأخطاء الفعلية المتكررة الملحوظة في التدريس تجعل القلق منطقيًا ومباشرًا دون أي حاجة لتفسير معقد.,Dataset4_1000
831,سبحان الله، مركز التقوية يقدم حصة تعويضية مجانية إذا غاب المعلم لأي سبب.,الشمالية,التزم مركز تقوية بتقديم حصة تعويضية مجانية تلقائيًا في حال غياب المعلم لأي سبب، مما يضمن عدم خسارة الطالب لأي محتوى تعليمي مدفوع.,مدح,استحسان حقيقي لسياسة عادلة تحترم التزام العميل المالي,مدح,رضا,2,لا,0,إيجابي,إيجابي,مرتبط,لا,لا,منخفض,العدالة الفعلية لهذه السياسة تجاه التزام العميل المالي تجعل الاستحسان صادقًا وموضوعيًا دون أي مبالغة.,Dataset4_1000
832,والله ما توقعت، معلمة ابنتي اتصلت تسأل عن سبب غيابها المتكرر بقلق حقيقي.,سعودية عامة,لاحظت معلمة غيابًا متكررًا لطالبة، فاتصلت شخصيًا بولي الأمر للاطمئنان والاستفسار بقلق حقيقي، بدلاً من الاكتفاء بتسجيل الغياب رسميًا فقط.,مدح,امتنان حقيقي لاهتمام شخصي يتجاوز الواجب الوظيفي,شكر,امتنان,3,لا,0,إيجابي,إيجابي,مرتبط,لا,لا,منخفض,الاهتمام الشخصي الفعلي الذي تجاوز الواجب الرسمي البسيط يجعل الامتنان صادقًا وعميقًا دون أي مبالغة.,Dataset4_1000
833,طيب ليش يطلبون مننا شراء زي مدرسي جديد كل فصل رغم إن القديم لسا بحالة ممتازة؟,الوسطى,طلبت مدرسة من أولياء الأمور شراء زي مدرسي جديد كل فصل دراسي، رغم أن الزي القديم للطالب لا يزال بحالة جيدة جدًا ولا يستدعي الاستبدال فعليًا.,محايد,استياء مباشر من مطلب مالي غير مبرر بحاجة فعلية,شكوى,استياء,2,لا,0,محايد,سلبي,مرتبط,لا,نعم,منخفض,عدم وجود حاجة فعلية للاستبدال يجعل الاستياء منطقيًا ومباشرًا تجاه عبء مالي إضافي غير مبرر.,Dataset4_1000
834,عاشت الأيادي، مركز التقوية عرض علينا خصم تلقائي لما سجلنا أخوين مع بعض.,الحجازية,سجّل ولي أمر طفلين في نفس مركز التقوية، وطبق المركز تلقائيًا خصمًا عائليًا على الاشتراك الثاني دون أن يطلب ولي الأمر ذلك أو حتى يسأل عنه.,مدح,رضا حقيقي عن مبادرة تقدير استباقية للأسر,شكر,رضا,2,لا,0,إيجابي,إيجابي,مرتبط,لا,لا,منخفض,المبادرة الاستباقية الفعلية غير المطلوبة تجعل الرضا صادقًا وموضوعيًا دون أي مبالغة.,Dataset4_1000
835,للأسف انتظرنا موعد اجتماع أولياء الأمور ساعة كاملة رغم الحجز المسبق.,الشرقية,حجز ولي أمر موعدًا مسبقًا لاجتماع مع معلم ابنه، لكنه انتظر ساعة كاملة داخل المدرسة قبل أن يُستقبل فعليًا رغم الحجز المؤكد مسبقًا.,سلبي,استياء مباشر من عدم احترام موعد محجوز مسبقًا,شكوى,نفاد صبر,3,لا,0,سلبي,سلبي,مرتبط,لا,نعم,متوسط,عدم احترام الموعد الفعلي المحجوز مسبقًا يجعل الاستياء منطقيًا ومباشرًا دون أي حاجة لتفسير معقد.,Dataset4_1000
836,طيب ليش منظم الحفل غيّر ترتيب الطاولات آخر لحظة بدون استشارتنا؟,الجنوبية,اتفقت عائلة مع منظم حفل زفاف على ترتيب معين للطاولات، لكن المنظم غيّر الترتيب فعليًا في آخر لحظة قبل الحفل دون أي استشارة مسبقة للعائلة.,سلبي,استياء مباشر من تغيير غير مبرر لاتفاق سابق دون استشارة,شكوى,غضب,4,لا,0,سلبي,سلبي,مرتبط,لا,نعم,مرتفع,التغيير الفعلي غير المبرر لاتفاق مسبق في مناسبة مهمة كهذه يجعل الاستياء مباشرًا ويرفع احتمالية التصعيد بشكل كبير.,Dataset4_1000
837,عاشت الأيادي، شركة التصوير أرسلت لنا لقطات مختارة بنفس ليلة الحفل قبل التسليم الكامل.,الشمالية,صور فريق تصوير حفل زفاف، وأرسلوا مجموعة مختارة من أفضل اللقطات لصاحبي المناسبة في نفس ليلة الحفل، قبل تسليم الألبوم الكامل بأسابيع كالمعتاد.,مدح,امتنان حقيقي لسرعة استباقية تفوق المعتاد في هذا المجال,شكر,فرح,3,لا,0,إيجابي,إيجابي,مرتبط,لا,لا,منخفض,السرعة الاستباقية الفعلية غير المعتادة في هذا المجال تجعل الامتنان صادقًا وعميقًا دون أي مبالغة.,Dataset4_1000
838,سبحان الله، شركة الضيافة أحضرت كمية أقل من المتفق عليه رغم دفعنا للعدد الكامل.,سعودية عامة,اتفقت عائلة مع شركة ضيافة على تقديم وجبات لعدد محدد من الضيوف ودفعت المبلغ كاملاً، لكن الكمية المحضرة فعليًا كانت أقل من المتفق عليه.,سلبي,استياء مباشر من مخالفة اتفاق مدفوع بالكامل,شكوى,غضب,4,لا,0,سلبي,سلبي,مرتبط,نعم,نعم,مرتفع,مخالفة اتفاق مدفوع بالكامل في مناسبة مهمة يجعل الاستياء مباشرًا ويرفع احتمالية التصعيد بشكل كبير.,Dataset4_1000
839,والله فرحانين، قاعة الأفراح رتبت لنا زاوية خاصة لكبار السن بدون ما نطلب.,الوسطى,لاحظت إدارة قاعة أفراح وجود عدد من كبار السن ضمن ضيوف مناسبة، فبادرت بترتيب زاوية جلوس مريحة وهادئة لهم دون أن تُطلب هذه الخدمة صراحة.,مدح,امتنان حقيقي لمبادرة مراعية لاحتياج فئة معينة فعليًا,شكر,امتنان,3,لا,0,إيجابي,إيجابي,مرتبط,لا,لا,منخفض,المراعاة الاستباقية الفعلية لاحتياج فئة معينة تجعل الامتنان صادقًا وموضوعيًا دون أي مبالغة.,Dataset4_1000
840,طيب ليش يحسبون رسوم إلغاء الحجز كاملة رغم إن الإلغاء كان بسبب ظرف وفاة؟,الحجازية,اضطرت عائلة لإلغاء حجز قاعة مناسبة بسبب ظرف وفاة مفاجئ، لكن الشركة احتسبت رسوم إلغاء كاملة دون أي استثناء أو مراعاة لطبيعة الظرف الإنساني.,سلبي,استياء مباشر من عدم مرونة في ظرف إنساني استثنائي,شكوى,استياء,4,لا,0,سلبي,سلبي,مرتبط,نعم,نعم,مرتفع,غياب المرونة الفعلية في ظرف إنساني استثنائي كالوفاة يجعل الاستياء مباشرًا ويرفع احتمالية التصعيد.,Dataset4_1000
841,عاشت الأيادي، شركة الديكور عدّلت الألوان مجانًا لما اكتشفوا تعارض بسيط بالتنسيق.,الشرقية,لاحظ فريق ديكور مناسبة تعارضًا بسيطًا في تنسيق الألوان أثناء التجهيز، فعدّلوه مجانًا وبمبادرة منهم قبل بدء الحفل دون أي رسوم إضافية.,مدح,تقدير حقيقي لمبادرة احترافية تحرص على جودة النتيجة,شكر,رضا,2,لا,0,إيجابي,إيجابي,مرتبط,لا,لا,منخفض,المبادرة الفعلية الحريصة على جودة النتيجة دون رسوم إضافية تجعل التقدير صادقًا وموضوعيًا.,Dataset4_1000
842,للأسف طلبنا نظام صوت احترافي ووصل جهاز بسيط ما يكفي لحجم القاعة.,الجنوبية,اتفقت عائلة مع شركة تجهيزات على نظام صوت احترافي يناسب حجم قاعة كبيرة، لكن الجهاز الذي وصل فعليًا كان بسيطًا وغير كافٍ لتغطية المساحة الفعلية.,سلبي,استياء مباشر من مخالفة مواصفات متفق عليها لمناسبة مهمة,شكوى,غضب,4,لا,0,سلبي,سلبي,مرتبط,نعم,نعم,مرتفع,مخالفة المواصفات المتفق عليها فعليًا في مناسبة مهمة يجعل الاستياء مباشرًا ويرفع احتمالية التصعيد بشكل كبير.,Dataset4_1000
843,والله ما توقعت، منسقة الحفل بقيت معنا لين آخر ضيف يطلع من القاعة.,الشمالية,التزمت منسقة حفل بالبقاء حتى مغادرة آخر ضيف من القاعة، رغم انتهاء وقت العقد الرسمي قبل ذلك بساعة، دون أي رسوم إضافية على الوقت الزائد.,مدح,امتنان حقيقي لالتزام يفوق بنود العقد الرسمي,شكر,امتنان,3,لا,0,إيجابي,إيجابي,مرتبط,لا,لا,منخفض,الالتزام الفعلي الذي فاق بنود العقد الرسمي دون رسوم إضافية يجعل الامتنان صادقًا وعميقًا.,Dataset4_1000
844,طيب ليش عربون الحجز غير قابل للاسترجاع حتى لو ألغينا قبل ثلاثة أشهر من الموعد؟,سعودية عامة,دفعت عائلة عربونًا لحجز قاعة مناسبة قبل ثلاثة أشهر كاملة من الموعد، لكن سياسة القاعة لا تسمح باسترجاع العربون تحت أي ظرف حتى مع مهلة زمنية طويلة كهذه.,محايد,استياء مباشر من سياسة صارمة لا تراعي المهلة الزمنية الكافية,استفسار,قلق,2,لا,0,محايد,سلبي,مرتبط,لا,لا,منخفض,عدم مراعاة السياسة الفعلية لمهلة زمنية طويلة كافية للإلغاء يجعل الاستياء منطقيًا ويستحق مرونة أكبر.,Dataset4_1000
845,عاشت الأيادي، شركة الزهور بدلت الباقة مجانًا لما لاحظوا أن اللون ما يناسب موضوع الحفل.,الوسطى,لاحظ فريق تزيين مناسبة أن لون الزهور المطلوب أصلاً لا يتناسب فعليًا مع موضوع الحفل العام، فبدّلوه مجانًا بلون أنسب دون استشارة العميل أو رسوم إضافية.,مدح,تقدير حقيقي لمبادرة احترافية تحرص على جودة النتيجة النهائية,شكر,رضا,2,لا,0,إيجابي,إيجابي,مرتبط,لا,لا,منخفض,المبادرة الفعلية الحريصة على جودة النتيجة النهائية دون رسوم إضافية تجعل التقدير صادقًا وموضوعيًا.,Dataset4_1000
846,للأسف طلبنا كيكة بتصميم معين ووصلت بتصميم مختلف كليًا يوم الحفل نفسه.,الحجازية,طلبت عائلة كيكة بتصميم محدد بدقة لمناسبة مهمة، لكن الكيكة التي وصلت فعليًا يوم الحفل كانت بتصميم مختلف تمامًا عن المتفق عليه، دون وقت كافٍ للتصحيح.,سلبي,استياء مباشر وشديد من خطأ جسيم يوم المناسبة نفسها,شكوى,غضب,5,لا,0,سلبي,سلبي,مرتبط,نعم,نعم,مرتفع,وقوع الخطأ الفعلي الجسيم يوم المناسبة نفسها دون وقت للتصحيح يجعل الاستياء مباشرًا ويرفع احتمالية التصعيد لأقصى درجة.,Dataset4_1000
847,طيب ليش الصيدلية تبيع نفس الدواء بسعر مختلف عن فرعهم الثاني بنفس المدينة؟,الشرقية,لاحظ عميل فارقًا في سعر نفس الدواء بنفس الشركة المصنعة بين فرعين لنفس الصيدلية داخل المدينة نفسها دون أي تفسير واضح لهذا التباين.,محايد,استغراب واستياء من تباين سعري غير مبرر بين فروع نفس الجهة,استفسار,استياء,2,لا,0,محايد,سلبي,مرتبط,نعم,نعم,منخفض,التباين الفعلي في السعر بين فرعين لنفس الجهة يجعل الاستغراب هنا استياءً منطقيًا يستحق توضيحًا واضحًا.,Dataset4_1000
848,عاشت الأيادي، الصيدلي نبهني لتعارض بين دوائين وصفهم لي طبيبان مختلفان.,الجنوبية,لاحظ صيدلي أثناء صرف الأدوية تعارضًا محتملاً بين دواءين وصفهما طبيبان مختلفان لنفس المريض، فنبّهه فورًا واقترح التواصل مع أحد الأطباء للتأكد.,مدح,امتنان عميق وصادق لانتباه مهني قد يحمي سلامة المريض,شكر,امتنان,4,لا,0,إيجابي,إيجابي,مرتبط,نعم,لا,منخفض,الانتباه المهني الفعلي الذي قد يحمي سلامة المريض يجعل الامتنان صادقًا وعميقًا دون أي مبالغة.,Dataset4_1000
849,سبحان الله، البقالة رفعت سعر الخبز بس ما رفعت باقي الأسعار رغم رفع أسعار الموردين العام.,الشمالية,لاحظ زبون رفع سعر منتج واحد فقط (الخبز) في بقالة محلية، بينما بقيت أسعار باقي المنتجات ثابتة رغم إعلانات عامة عن ارتفاع أسعار التوريد بشكل شامل.,محايد,استغراب من رفع انتقائي لسعر منتج واحد دون غيره,استفسار,ارتباك,1,لا,0,محايد,محايد,مرتبط,نعم,لا,منخفض,الاستغراب هنا موضوعي وحقيقي من نمط تسعير انتقائي، دون أي دلالة على سخرية أو استياء عميق.,Dataset4_1000
850,والله فرحانين، صار فيه توصيل مجاني للأدوية المزمنة الشهرية بدون ما نطلب من الصيدلية.,سعودية عامة,بدأت صيدلية بتقديم خدمة توصيل مجانية تلقائية لمرضى الأمراض المزمنة عند تجديد وصفاتهم الشهرية، دون أن يطلب المريض هذه الخدمة في كل مرة.,مدح,امتنان حقيقي لخدمة استباقية تسهل حياة مرضى مزمنين,شكر,امتنان,3,لا,0,إيجابي,إيجابي,مرتبط,نعم,لا,منخفض,الخدمة الاستباقية الفعلية التي تسهل حياة فئة تحتاجها تجعل الامتنان صادقًا وموضوعيًا دون أي مبالغة.,Dataset4_1000
851,طيب ليش الدواء اللي وصفه الدكتور غير متوفر بأي صيدلية بالحي وأنا محتاجه اليوم؟,الوسطى,وصف طبيب دواءً عاجلاً لمريض، لكن العميل اضطر لزيارة عدة صيدليات في حيه دون أن يجد الدواء متوفرًا في أي منها رغم حاجته الفعلية والعاجلة له.,سلبي,قلق مباشر من عدم توفر دواء عاجل في نطاق قريب,شكوى,قلق,4,لا,0,سلبي,سلبي,مرتبط,لا,لا,متوسط,الحاجة العاجلة الفعلية وعدم التوفر في نطاق قريب يجعلان القلق مباشرًا ومبررًا دون أي مبالغة.,Dataset4_1000
852,عاشت الأيادي، البقالة صارت توفر خيار دفع بالتقسيط الأسبوعي لأصحاب الدخل المحدود.,الحجازية,أضافت بقالة محلية خيار تقسيط بسيط للمشتريات الأساسية على دفعات أسبوعية، مما ساعد بعض الأسر ذات الدخل المحدود على تنظيم مصروفها الغذائي فعليًا.,مدح,تقدير حقيقي لمبادرة اجتماعية تخدم احتياجًا فعليًا,شكر,امتنان,3,لا,0,إيجابي,إيجابي,مرتبط,لا,لا,منخفض,الفائدة الاجتماعية الفعلية لهذه المبادرة تجعل التقدير صادقًا وموضوعيًا دون أي مبالغة.,Dataset4_1000
853,سبحان الله، نفس الفيتامين سعره أرخص بصيدلية إلكترونية عن الصيدليات الفعلية بمراحل.,الشرقية,لاحظ عميل فارقًا كبيرًا في سعر نفس المكمل الغذائي بين صيدلية إلكترونية وصيدليات فعلية تقليدية داخل نفس المدينة.,محايد,استغراب من فارق سعر كبير بين قناتي بيع مختلفتين,استفسار,استياء,2,لا,0,محايد,سلبي,مرتبط,لا,لا,منخفض,الفارق الكبير الفعلي في السعر بين القناتين يجعل الاستغراب هنا استياءً منطقيًا يستحق المقارنة قبل الشراء.,Dataset4_1000
854,والله ما توقعت، الصيدلانية شرحت لي بديل أرخص بنفس المفعول بدل ما تبيعني الأغلى.,الجنوبية,طلب عميل دواءً معينًا باهظ السعر، فاقترحت عليه الصيدلانية بديلاً أرخص بنفس المادة الفعالة والمفعول، موضحة الفرق بينهما بأمانة كاملة.,مدح,إعجاب حقيقي بنزاهة تفوق التوقع في تقديم النصيحة,مدح,فرح,3,لا,0,إيجابي,إيجابي,مرتبط,نعم,لا,منخفض,النزاهة الفعلية غير المتوقعة في تقديم البديل الأنسب ماليًا تجعل الإعجاب صادقًا وليس مجاملة عابرة.,Dataset4_1000
855,طيب ليش المنتج اللي بالموقع يبين متوفر ووصلت البقالة ولقيته ناقص من الرفوف؟,الشمالية,أظهر تطبيق بقالة إلكترونية توفر منتج معين، لكن عند وصول العميل للفرع الفعلي وجد أن المنتج نفسه نافد من الرفوف بالكامل.,محايد,استياء مباشر من تناقض بين البيانات الإلكترونية والواقع الفعلي,شكوى,إحباط,2,لا,0,محايد,سلبي,مرتبط,نعم,نعم,منخفض,التناقض الفعلي بين البيانات المعروضة والتوفر الحقيقي يجعل الاستياء منطقيًا ومباشرًا دون أي غموض.,Dataset4_1000
856,عاشت الأيادي، صار فيه تذكير تلقائي قبل انتهاء صلاحية الوصفة الطبية بأسبوع.,سعودية عامة,أضافت صيدلية نظامًا يرسل تذكيرًا للمريض قبل أسبوع من انتهاء صلاحية وصفته الطبية، مما يمنحه وقتًا كافيًا لمراجعة الطبيب قبل انقطاع الدواء فعليًا.,مدح,امتنان حقيقي لميزة استباقية تحمي استمرارية العلاج,شكر,امتنان,3,لا,0,إيجابي,إيجابي,مرتبط,نعم,لا,منخفض,الفائدة الفعلية لهذه الميزة الاستباقية في حماية استمرارية العلاج تجعل الامتنان صادقًا وعميقًا.,Dataset4_1000
857,للأسف طلبت دواء لطفلي وأعطوني الجرعة المخصصة للبالغين بالغلط.,الوسطى,طلب والد دواءً لطفله الصغير من صيدلية، لكنه اكتشف بعد وصوله للمنزل أن الجرعة المصروفة فعليًا كانت مخصصة للبالغين وليست للأطفال.,سلبي,استياء وقلق شديدان من خطأ خطير يتعلق بسلامة طفل,شكوى,قلق,5,لا,0,سلبي,سلبي,مرتبط,نعم,نعم,مرتفع,خطورة الخطأ الفعلي المتعلق بسلامة طفل تجعل القلق والاستياء مباشرين ويرفعان احتمالية التصعيد لأقصى درجة.,Dataset4_1000
858,والله عجبني، صار فيه سلة تسوق ذكية تحسب المجموع أول بأول بدون ما أنتظر الكاشير.,الحجازية,أضافت بقالة كبيرة عربات تسوق ذكية تحسب إجمالي المشتريات تلقائيًا أثناء التسوق، مما يسمح للعميل بالدفع مباشرة دون الانتظار في طابور الكاشير التقليدي.,مدح,استحسان حقيقي لميزة تقنية توفر وقتًا فعليًا للعميل,مدح,رضا,2,لا,0,إيجابي,إيجابي,مرتبط,لا,لا,منخفض,الفائدة العملية الفعلية لهذه الميزة الجديدة تجعل الاستحسان صادقًا وموضوعيًا دون أي مبالغة.,Dataset4_1000
859,طيب ليش رسوم الجمارك أعلى من سعر المنتج نفسه اللي طلبته من الخارج؟,الشرقية,طلب عميل منتجًا بسيطًا نسبيًا من متجر دولي، لكن رسوم الجمارك المحتسبة عليه عند الوصول فاقت سعر المنتج الأصلي نفسه بشكل كبير.,محايد,استياء مباشر من عدم تناسب رسوم جمركية مع قيمة المنتج,شكوى,استياء,3,لا,0,محايد,سلبي,مرتبط,نعم,نعم,منخفض,عدم التناسب الفعلي بين قيمة المنتج ورسومه الجمركية يجعل الاستياء منطقيًا ومباشرًا دون أي غموض.,Dataset4_1000
860,عاشت الأيادي، خلصوا إجراءات التخليص الجمركي بيوم واحد بدل أسبوع متوقع.,الجنوبية,توقع عميل أن تستغرق إجراءات التخليص الجمركي لشحنته أسبوعًا كاملاً بناءً على تجارب سابقة، لكنها أُنجزت فعليًا خلال يوم واحد فقط هذه المرة.,مدح,رضا حقيقي عن سرعة تفوق التوقع بناءً على تجارب سابقة,شكر,فرح,3,لا,0,إيجابي,إيجابي,مرتبط,لا,لا,منخفض,المقارنة الضمنية بتجارب سابقة أبطأ تعزز صدق الرضا عن السرعة الفعلية هذه المرة.,Dataset4_1000
861,سبحان الله، الشحنة عالقة بالجمارك من أسبوعين بدون أي تحديث عن السبب.,الشمالية,علقت شحنة عميل في الجمارك لمدة أسبوعين كاملين دون أي تحديث أو تفسير واضح لسبب هذا التأخير الطويل من الجهة المسؤولة.,سلبي,استياء مباشر من طول مدة انتظار دون أي شفافية بالسبب,شكوى,قلق,4,لا,0,سلبي,سلبي,مرتبط,نعم,نعم,مرتفع,طول المدة الفعلية دون أي تفسير واضح يجعل الاستياء مباشرًا ويرفع احتمالية التصعيد بشكل كبير.,Dataset4_1000
862,والله ما توقعت، شركة الشحن دفعت رسوم الجمارك مقدمًا وحسبوها لي بالفاتورة بشفافية.,سعودية عامة,دفعت شركة شحن دولية رسوم الجمارك نيابة عن العميل مقدمًا لتسريع الإجراءات، وأدرجتها بوضوح تام ضمن الفاتورة النهائية دون أي رسوم خفية إضافية.,مدح,تقدير حقيقي لشفافية وتسهيل يوفران وقتًا فعليًا,شكر,رضا,2,لا,0,إيجابي,إيجابي,مرتبط,نعم,لا,منخفض,الشفافية الفعلية والتسهيل الحقيقي المقدمان يجعلان التقدير صادقًا وموضوعيًا دون أي مبالغة.,Dataset4_1000
863,طيب ليش يطلبون فاتورة شراء أصلية وأنا الطلب كان هدية من صديق برا؟,الوسطى,أرسل صديق طردًا كهدية لعميل من خارج البلاد، لكن الجمارك طلبت فاتورة شراء أصلية للطرد رغم أنه هدية شخصية لا تتوفر لها فاتورة رسمية بهذا الشكل.,محايد,قلق مباشر من متطلب إجرائي لا يراعي طبيعة الإرسال كهدية,استفسار,قلق,2,لا,0,محايد,سلبي,مرتبط,لا,لا,منخفض,عدم مراعاة الإجراء الفعلي لطبيعة الإرسال كهدية شخصية يثير قلقًا منطقيًا ومباشرًا دون أي مبالغة.,Dataset4_1000
864,عاشت الأيادي، أرسلوا لي رسالة توضح بالتفصيل كيف أحسب الرسوم الجمركية المتوقعة قبل الطلب.,الحجازية,أرسل متجر إلكتروني دولي دليلاً واضحًا لعملائه يشرح كيفية تقدير الرسوم الجمركية المتوقعة قبل إتمام الطلب، مما يساعدهم على اتخاذ قرار شراء واعٍ.,مدح,امتنان حقيقي لشفافية استباقية تساعد في اتخاذ قرار مالي واعٍ,شكر,رضا,2,لا,0,إيجابي,إيجابي,مرتبط,نعم,لا,منخفض,الشفافية الاستباقية الفعلية التي تساعد على قرار واعٍ تجعل الامتنان صادقًا وموضوعيًا دون أي مبالغة.,Dataset4_1000
865,للأسف الشحنة رجعت لبلد المنشأ بسبب خطأ بالعنوان ما أحد نبهني له قبل الإرجاع.,الشرقية,احتوى عنوان شحن عميل على خطأ بسيط، وبدلاً من التواصل معه لتصحيحه، أعادت شركة الشحن الطرد بالكامل لبلد المنشأ دون أي محاولة تواصل مسبقة.,سلبي,استياء مباشر وشديد من إجراء متسرع دون محاولة تواصل,شكوى,غضب,4,لا,0,سلبي,سلبي,مرتبط,نعم,نعم,مرتفع,الإجراء الفعلي المتسرع دون أي محاولة تواصل لتصحيح خطأ بسيط يجعل الاستياء مباشرًا ويرفع احتمالية التصعيد.,Dataset4_1000
866,سبحان الله، سعر الشحن الدولي أرخص من رسوم التخليص الجمركي المحلي.,الجنوبية,لاحظ عميل أن تكلفة شحن منتج من خارج البلاد كانت أرخص فعليًا من رسوم التخليص الجمركي المحلي المفروضة عليه لاحقًا، وهو ما فاجأه.,محايد,استغراب حقيقي من تفاوت غير متوقع بين نوعي التكلفة,استفسار,ارتباك,2,لا,0,محايد,محايد,مرتبط,لا,لا,منخفض,الاستغراب هنا موضوعي وحقيقي من تفاوت تكلفتين غير متوقع، دون أي دلالة على سخرية أو استياء عميق.,Dataset4_1000
867,والله فرحانين، صار فيه تتبع مباشر لحالة الشحنة الجمركية بدل ما نتصل نسأل كل مرة.,الشمالية,أضافت شركة شحن دولية خاصية تتبع مباشر لحالة الشحنة أثناء إجراءات التخليص الجمركي عبر التطبيق، مما ألغى حاجة العملاء للاتصال المتكرر للاستفسار.,مدح,رضا حقيقي عن ميزة عملية تلغي حاجة تواصل متكرر,شكر,رضا,2,لا,0,إيجابي,إيجابي,مرتبط,نعم,لا,منخفض,الفائدة العملية الفعلية لهذه الميزة الجديدة تجعل الرضا صادقًا وموضوعيًا دون أي مبالغة.,Dataset4_1000
868,طيب ليش نفس نوع المنتج رسومه الجمركية تختلف من طلبية لثانية بنفس القيمة تقريبًا؟,سعودية عامة,لاحظ عميل تفاوتًا في الرسوم الجمركية المحتسبة على طلبيتين من نفس فئة المنتج وبقيمة متقاربة جدًا، دون أي تفسير واضح لهذا التباين بين الطلبيتين.,محايد,استغراب واستياء من عدم اتساق في احتساب الرسوم,استفسار,ارتباك,2,لا,0,محايد,سلبي,مرتبط,لا,لا,منخفض,عدم الاتساق الفعلي في احتساب الرسوم لطلبيات متشابهة يجعل الاستغراب استياءً منطقيًا يستحق التوضيح.,Dataset4_1000
869,طيب ليش حجزت موعد تطعيم لقطتي وجاني اتصال يقول الطبيب البيطري إجازة؟,الوسطى,حجز مالك قطة موعدًا لتطعيم روتيني، لكنه فوجئ باتصال قبل الموعد بساعات يخبره بأن الطبيب البيطري في إجازة دون أي تنسيق بديل واضح.,محايد,استياء مباشر من إلغاء متأخر لموعد محجوز مسبقًا,شكوى,قلق,2,لا,0,محايد,سلبي,مرتبط,نعم,نعم,منخفض,الإلغاء الفعلي المتأخر لموعد محجوز دون بديل واضح يجعل الاستياء منطقيًا ومباشرًا دون أي مبالغة.,Dataset4_1000
870,عاشت الأيادي، العيادة البيطرية اتصلت تتابع حالة كلبي بعد العملية بيومين.,الحجازية,أجرى كلب عملية بسيطة في عيادة بيطرية، واتصلت العيادة بمالكه بعد يومين للاطمئنان على حالة الشفاء دون أن يُطلب منها هذه المتابعة.,مدح,امتنان حقيقي لمتابعة استباقية تعكس اهتمامًا فعليًا,شكر,امتنان,3,لا,0,إيجابي,إيجابي,مرتبط,نعم,لا,منخفض,المتابعة الاستباقية الفعلية غير المطلوبة تجعل الامتنان صادقًا وموضوعيًا دون أي مبالغة.,Dataset4_1000
871,سبحان الله، سعر فحص القطة يختلف حسب لونها عند نفس العيادة البيطرية.,الشرقية,لاحظ مالك حيوانات أليفة تسعيرًا مختلفًا للفحص الأساسي حسب سلالة أو لون الحيوان عند نفس العيادة، دون أي تفسير طبي منطقي لهذا التباين.,محايد,استغراب واستياء من تسعير غير منطقي وغير مبرر,استفسار,استياء,2,لا,0,محايد,سلبي,مرتبط,نعم,نعم,منخفض,عدم وجود تفسير طبي منطقي لهذا التباين في التسعير يجعل الاستغراب استياءً حقيقيًا يستحق التوضيح.,Dataset4_1000
872,والله فرحانين، صار فيه توصيل طعام الحيوانات الأليفة بنفس اليوم للمدن الكبيرة.,الجنوبية,أضاف متجر مستلزمات حيوانات أليفة خدمة توصيل بنفس اليوم للطلبات داخل المدن الكبيرة، مما سهّل على أصحاب الحيوانات تأمين احتياجاتها بسرعة عند نفاد المخزون.,مدح,رضا حقيقي عن خدمة عملية تلبي حاجة عاجلة فعليًا,شكر,رضا,2,لا,0,إيجابي,إيجابي,مرتبط,نعم,لا,منخفض,الفائدة العملية الفعلية لهذه الخدمة الجديدة تجعل الرضا صادقًا وموضوعيًا دون أي مبالغة.,Dataset4_1000
873,طيب ليش يطلبون مني أحجز موعد أسبوع مقدم لفحص روتيني بسيط لكلبي؟,الشمالية,أراد مالك كلب حجز موعد فحص روتيني بسيط لحيوانه، لكن العيادة أبلغته بضرورة الانتظار أسبوعًا كاملاً رغم بساطة الفحص المطلوب وعدم تعقيده.,محايد,استياء مباشر من مدة انتظار غير متناسبة مع بساطة الفحص,شكوى,استياء,2,لا,0,محايد,سلبي,مرتبط,نعم,نعم,منخفض,عدم التناسب الفعلي بين بساطة الفحص المطلوب ومدة الانتظار الطويلة يجعل الاستياء منطقيًا ومباشرًا.,Dataset4_1000
874,عاشت الأيادي، الطبيب البيطري شرح لنا كل خيارات العلاج بصراحة قبل ما يحدد التكلفة.,سعودية عامة,شرح طبيب بيطري لصاحب حيوان أليف جميع الخيارات العلاجية المتاحة بتفاصيلها ومزاياها بصراحة تامة، قبل أن يحدد التكلفة النهائية أو يضغط لاختيار الأغلى.,مدح,تقدير حقيقي لشفافية مهنية تحترم قرار صاحب الحيوان,شكر,رضا,3,لا,0,إيجابي,إيجابي,مرتبط,لا,لا,منخفض,الشفافية المهنية الفعلية التي تحترم قرار العميل تجعل التقدير صادقًا وموضوعيًا دون أي مبالغة.,Dataset4_1000
875,للأسف حجزنا موعد تعقيم وطلع الطبيب المتاح غير اللي حجزنا معه أصلاً.,الوسطى,حجزت عائلة موعدًا لتعقيم قطتها مع طبيب بيطري محدد بالاسم بناءً على توصية سابقة، لكن عند الحضور استقبلهم طبيب آخر دون أي إشعار مسبق بالتغيير.,سلبي,استياء مباشر من تغيير غير معلن لطبيب محدد بالاسم,شكوى,قلق,3,لا,0,سلبي,سلبي,مرتبط,لا,نعم,متوسط,التغيير الفعلي غير المعلن لطبيب محدد سلفًا بالاسم يجعل الاستياء منطقيًا ومباشرًا دون أي غموض.,Dataset4_1000
876,سبحان الله، متجر الحيوانات باع لنا طعام منتهي الصلاحية بدون ما ننتبه إلا بعد أسبوع.,الحجازية,اشترى صاحب حيوان أليف علبة طعام من متجر متخصص، واكتشف بعد أسبوع من الاستخدام أن تاريخ الصلاحية كان منتهيًا فعليًا وقت الشراء.,سلبي,استياء مباشر وقلق من خطأ يتعلق بصحة الحيوان الأليف,شكوى,قلق,4,لا,0,سلبي,سلبي,مرتبط,نعم,نعم,مرتفع,الخطأ الفعلي المتعلق بصحة الحيوان الأليف يجعل القلق والاستياء مباشرين ويرفعان احتمالية التصعيد بشكل واضح.,Dataset4_1000
877,والله ما توقعت، العيادة البيطرية عرضت خصم على الفحص الثاني لما جبنا كلب وقطة مع بعض.,الشرقية,أحضر عميل كلبًا وقطة معًا لفحص روتيني في نفس الزيارة، وطبقت العيادة تلقائيًا خصمًا على فحص الحيوان الثاني دون أن يطلب ذلك أو حتى يسأل عنه.,مدح,رضا حقيقي عن مبادرة تقدير استباقية لعميل بحيوانين,شكر,رضا,2,لا,0,إيجابي,إيجابي,مرتبط,لا,لا,منخفض,المبادرة الاستباقية الفعلية غير المطلوبة تجعل الرضا صادقًا وموضوعيًا دون أي مبالغة.,Dataset4_1000
878,طيب ليش يبيعون طوق تدريب للكلاب بسعر مرتفع وما فيه أي شرح لطريقة استخدامه؟,الجنوبية,اشترى مالك كلب طوق تدريب بسعر مرتفع نسبيًا، لكن المنتج لم يأتِ مرفقًا بأي دليل أو شرح لطريقة الاستخدام الصحيحة والآمنة.,محايد,استياء مباشر من نقص شرح ضروري لمنتج مدفوع بسعر مرتفع,شكوى,ارتباك,2,لا,0,محايد,سلبي,مرتبط,نعم,لا,منخفض,نقص الشرح الفعلي الضروري لاستخدام آمن لمنتج بسعر مرتفع يجعل الاستياء منطقيًا ومباشرًا.,Dataset4_1000
879,طيب ليش أدفع رسوم مخالفة وأنا متأكد إني ما كنت بذاك الشارع وقت المخالفة؟,الشمالية,استلم صاحب سيارة إشعار مخالفة مرورية في وقت وموقع يتذكر بوضوح أنه لم يكن فيهما فعليًا، مما أثار شكوكه حول دقة توثيق المخالفة.,محايد,استياء مباشر من احتمال خطأ في توثيق مخالفة,شكوى,قلق,3,لا,0,محايد,سلبي,مرتبط,لا,نعم,متوسط,التذكر الواضح لعدم التواجد الفعلي في موقع المخالفة يجعل الاستياء منطقيًا ويستحق تدقيقًا رسميًا.,Dataset4_1000
880,عاشت الأيادي، مدرسة القيادة عدّلت موعد الدرس لما عرفت إني بصيام.,سعودية عامة,راعت مدرسة تعليم قيادة ظرف طالبة صائمة، فعدّلت موعد درسها العملي ليكون في وقت أنسب لها دون أن تطلب هي ذلك صراحة.,مدح,تقدير حقيقي لمراعاة استباقية لظرف شخصي,شكر,امتنان,2,لا,0,إيجابي,إيجابي,مرتبط,لا,لا,منخفض,المراعاة الاستباقية الفعلية لظرف شخصي تجعل التقدير صادقًا وموضوعيًا دون أي مبالغة.,Dataset4_1000
881,سبحان الله، رسوم تجديد الرخصة مختلفة بين موقع المرور والتطبيق البنكي لنفس الخدمة.,الوسطى,لاحظ مواطن فارقًا في الرسوم المعروضة لتجديد رخصة القيادة بين موقع المرور الرسمي وتطبيق بنكي وسيط لنفس الخدمة بالضبط.,محايد,استغراب واستياء من تباين رسوم لنفس الخدمة الرسمية,استفسار,ارتباك,2,لا,0,محايد,سلبي,مرتبط,نعم,لا,منخفض,التباين الفعلي في الرسوم لنفس الخدمة الرسمية عبر قناتين يجعل الاستغراب استياءً منطقيًا يستحق التوضيح.,Dataset4_1000
882,والله ما توقعت، المدرب صبر علي وأنا أخطئ بنفس نقطة الدوران أكثر من مرة.,الحجازية,أخطأت متدربة قيادة في نفس مناورة الدوران عدة مرات متتالية خلال الدرس العملي، وتعامل معها المدرب بصبر كبير دون أي انزعاج ظاهر طوال المحاولات.,مدح,امتنان حقيقي وصادق لصبر مهني في موقف تعلم صعب,شكر,امتنان,3,لا,0,إيجابي,إيجابي,مرتبط,لا,لا,منخفض,الصبر الفعلي في موقف تعلم متكرر الأخطاء يجعل الامتنان صادقًا وعميقًا دون أي مبالغة.,Dataset4_1000
883,طيب ليش اختبار القيادة العملي يتأجل ثلاث مرات لنفس المتقدم بدون سبب واضح؟,الشرقية,أجّلت إدارة المرور موعد اختبار القيادة العملي لمتقدم ثلاث مرات متتالية دون تقديم أي سبب واضح لهذا التأجيل المتكرر رغم استعداده الكامل في كل مرة.,محايد,استياء مباشر من تأجيل متكرر دون تفسير واضح,شكوى,نفاد صبر,3,لا,0,محايد,سلبي,مرتبط,لا,نعم,متوسط,التكرار الفعلي للتأجيل دون تفسير واضح يجعل الاستياء منطقيًا ومباشرًا دون أي حاجة لتفسير معقد.,Dataset4_1000
884,عاشت الأيادي، صار فيه محاكاة افتراضية للطرق الصعبة قبل الاختبار العملي الفعلي.,الجنوبية,أضافت مدرسة قيادة برنامج محاكاة افتراضي يدرب الطلاب على الطرق والمواقف الصعبة قبل خوض الاختبار العملي الفعلي، مما رفع ثقتهم قبل الامتحان.,مدح,استحسان حقيقي لأداة تدريب عملية ومفيدة فعليًا,مدح,رضا,2,لا,0,إيجابي,إيجابي,مرتبط,لا,لا,منخفض,الفائدة العملية الفعلية لهذه الأداة الجديدة تجعل الاستحسان صادقًا وموضوعيًا دون أي مبالغة.,Dataset4_1000
885,للأسف دفعت رسوم مخالفة اعتراض عليها ورفضوا الاعتراض بدون توضيح السبب.,الشمالية,قدّم مواطن اعتراضًا رسميًا على مخالفة مرورية يرى أنها غير صحيحة، لكن الجهة المختصة رفضت الاعتراض دون تقديم أي تفسير مفصل لأسباب الرفض.,سلبي,استياء مباشر من رفض غير مبرر لاعتراض رسمي مشروع,شكوى,إحباط,3,لا,0,سلبي,سلبي,مرتبط,لا,نعم,متوسط,غياب تفسير واضح لرفض اعتراض رسمي مشروع يجعل الاستياء منطقيًا ومباشرًا دون أي غموض.,Dataset4_1000
886,سبحان الله، مدرسة القيادة أعطتنا حصة تعويضية مجانية لما تعطلت السيارة أثناء الدرس.,سعودية عامة,تعطلت سيارة تدريب أثناء درس عملي لطالبة، فقدمت مدرسة القيادة حصة تعويضية مجانية كاملة لتعويض الوقت المهدر، دون أي رسوم إضافية.,مدح,استحسان حقيقي لسياسة عادلة تحترم التزام العميل المالي,مدح,رضا,2,لا,0,إيجابي,إيجابي,مرتبط,لا,لا,منخفض,العدالة الفعلية لهذه السياسة تجاه التزام العميل المالي تجعل الاستحسان صادقًا وموضوعيًا دون أي مبالغة.,Dataset4_1000
887,والله فرحانين، صار فيه إشعار مبكر قبل شهر من انتهاء رخصة القيادة بدل يوم واحد بس.,الوسطى,غيّرت إدارة المرور توقيت إشعار انتهاء رخصة القيادة ليصبح قبل شهر كامل بدلاً من يوم واحد فقط كما كان معتادًا سابقًا، مما منح المواطنين وقتًا كافيًا للتجديد.,مدح,رضا حقيقي عن تحسن ملموس في توقيت التذكير الرسمي,شكر,رضا,2,لا,0,إيجابي,إيجابي,مرتبط,لا,لا,منخفض,التحسن الفعلي في توقيت التذكير مقارنة بالمعتاد سابقًا يجعل الرضا صادقًا وموضوعيًا دون أي مبالغة.,Dataset4_1000
888,طيب ليش موقف اختبار القيادة بعيد عن مقر المدرسة ونحتاج ننتقل بسيارة ثانية؟,الحجازية,لاحظ متدرب أن موقع إجراء اختبار القيادة العملي يقع بعيدًا عن مقر مدرسة التدريب الرئيسي، مما يستدعي تنقلاً إضافيًا غير مريح قبل الاختبار مباشرة.,محايد,استياء مباشر من ترتيب لوجستي غير عملي يرهق المتقدمين,شكوى,قلق,2,لا,0,محايد,سلبي,مرتبط,لا,لا,منخفض,الترتيب اللوجستي الفعلي غير العملي يجعل الاستياء منطقيًا ومباشرًا دون أي حاجة لتفسير معقد.,Dataset4_1000
889,طيب ليش طلبت بدلة مقاس محدد بالتفصيل ووصلت مختلفة عن المقاسات المتفق عليها؟,الشرقية,طلب عميل بدلة مفصّلة حسب مقاساته الدقيقة المرسلة مسبقًا للخياط، لكن البدلة النهائية جاءت مختلفة بشكل واضح عن المقاسات المتفق عليها.,سلبي,استياء مباشر من مخالفة مقاسات دقيقة متفق عليها كتابيًا,شكوى,استياء,3,لا,0,سلبي,سلبي,مرتبط,لا,نعم,متوسط,المخالفة الفعلية لمقاسات دقيقة موثقة مسبقًا يجعل الاستياء منطقيًا ومباشرًا دون أي غموض.,Dataset4_1000
890,عاشت الأيادي، محل الطباعة صحح لي خطأ إملائي بالبطاقات قبل ما يطبعها كلها.,الجنوبية,لاحظ موظف محل طباعة خطأ إملائيًا بسيطًا في ملف بطاقات دعوة أرسله عميل، فتواصل معه لتصحيحه قبل طباعة الكمية الكاملة بدلاً من طباعتها كما هي.,مدح,امتنان حقيقي لانتباه استباقي منع خطأ في طلب كامل,شكر,امتنان,3,لا,0,إيجابي,إيجابي,مرتبط,لا,لا,منخفض,الانتباه الاستباقي الفعلي الذي منع خطأ في كمية كاملة يجعل الامتنان صادقًا وموضوعيًا دون أي مبالغة.,Dataset4_1000
891,سبحان الله، طلبت طاولة بلون معين ووصلت بلون مختلف كليًا عن الطلب الأصلي.,الشمالية,طلب عميل طاولة خشبية بلون محدد بدقة من كتالوج متجر أثاث، لكن القطعة التي وصلته فعليًا كانت بلون مختلف تمامًا عن اللون المطلوب أصلاً.,سلبي,استياء مباشر من مخالفة واضحة لطلب محدد بدقة,شكوى,استياء,3,لا,0,سلبي,سلبي,مرتبط,نعم,نعم,متوسط,المخالفة الفعلية الواضحة بين الطلب المحدد بدقة والمنتج المستلم تجعل الاستياء منطقيًا ومباشرًا.,Dataset4_1000
892,والله فرحانين، صار فيه معاينة افتراضية ثلاثية الأبعاد لقطعة الأثاث قبل الشراء.,سعودية عامة,أضاف متجر أثاث خاصية معاينة ثلاثية الأبعاد تتيح للعميل تصور شكل القطعة في منزله قبل اتخاذ قرار الشراء النهائي، مما قلل مخاطرة اختيار قطعة غير مناسبة.,مدح,استحسان حقيقي لميزة تقنية تقلل مخاطرة قرار الشراء,مدح,رضا,2,لا,0,إيجابي,إيجابي,مرتبط,لا,لا,منخفض,الفائدة العملية الفعلية لهذه الميزة الجديدة تجعل الاستحسان صادقًا وموضوعيًا دون أي مبالغة.,Dataset4_1000
893,طيب ليش رسوم تفصيل الثوب مختلفة حسب الشخص اللي يستقبلني بنفس المحل؟,الوسطى,لاحظ عميل تفاوتًا في رسوم تفصيل نفس نوع الثوب حسب الموظف الذي يستقبله داخل نفس محل الخياطة، دون أي قائمة أسعار ثابتة ومعلنة.,محايد,استياء مباشر من غياب تسعير موحد وواضح,استفسار,استياء,2,لا,0,محايد,سلبي,مرتبط,نعم,نعم,منخفض,غياب التسعير الموحد الفعلي والمعلن يجعل الاستياء منطقيًا ومباشرًا دون أي حاجة لتفسير معقد.,Dataset4_1000
894,عاشت الأيادي، الخياط عدّل القياس مجانًا لما لاحظ تغير بسيط بوزني عن آخر زيارة.,الحجازية,لاحظ خياط عند زيارة عميل متكرر تغيرًا طفيفًا في وزنه منذ آخر زيارة، فعدّل مقاساته تلقائيًا دون رسوم إضافية لضمان ملاءمة القطعة الجديدة.,مدح,تقدير حقيقي لانتباه مهني استباقي يخدم مصلحة العميل,شكر,امتنان,2,لا,0,إيجابي,إيجابي,مرتبط,لا,لا,منخفض,الانتباه الاستباقي الفعلي الذي يخدم مصلحة العميل دون رسوم إضافية يجعل التقدير صادقًا وموضوعيًا.,Dataset4_1000
895,للأسف طلبت طباعة كتالوج للمشروع وطلع بجودة ألوان أقل من العينة اللي وافقنا عليها.,الشرقية,وافق عميل على عينة طباعة بجودة ألوان معينة لكتالوج مشروع، لكن الكمية النهائية المطبوعة جاءت بجودة ألوان أقل وضوحًا من العينة المعتمدة أصلاً.,سلبي,استياء مباشر من مخالفة جودة معتمدة مسبقًا لكمية كاملة,شكوى,غضب,4,لا,0,سلبي,سلبي,مرتبط,نعم,نعم,مرتفع,المخالفة الفعلية لجودة معتمدة مسبقًا في كمية كاملة تجعل الاستياء مباشرًا ويرفع احتمالية التصعيد بشكل واضح.,Dataset4_1000
896,سبحان الله، محل الأثاث وصل الطلب بدون تركيب رغم إني دفعت رسوم تركيب واضحة بالفاتورة.,الجنوبية,دفع عميل رسوم تركيب واضحة ضمن فاتورة شراء أثاث، لكن الطلب وصل فعليًا مفككًا دون أي فريق تركيب مرافق كما هو متفق عليه في الفاتورة.,سلبي,استياء مباشر من عدم تقديم خدمة مدفوعة صراحة,شكوى,استياء,4,لا,0,سلبي,سلبي,مرتبط,نعم,نعم,مرتفع,عدم تقديم الخدمة الفعلية المدفوعة صراحة في الفاتورة يجعل الاستياء مباشرًا ويرفع احتمالية التصعيد.,Dataset4_1000
897,والله ما توقعت، محل الخياطة أرسل صورة للقطعة قبل التسليم النهائي للتأكد من رضانا.,الشمالية,أرسل خياط صورة للقطعة شبه المكتملة لعميل قبل التسليم النهائي، للتأكد من رضاه عن التفاصيل قبل إتمام العمل بشكل كامل ونهائي.,مدح,تقدير حقيقي لخطوة تأكد استباقية تحترم رأي العميل,شكر,رضا,2,لا,0,إيجابي,إيجابي,مرتبط,لا,لا,منخفض,خطوة التأكد الاستباقية الفعلية قبل التسليم النهائي تجعل التقدير صادقًا وموضوعيًا دون أي مبالغة.,Dataset4_1000
898,طيب ليش يطلبون دفعة مقدمة خمسين بالمية لطلب طباعة بسيط ما يستغرق نص يوم؟,سعودية عامة,طلب محل طباعة من عميل دفع نصف قيمة طلب بسيط نسبيًا مقدمًا، رغم أن العمل المطلوب لا يستغرق أكثر من نصف يوم لإنجازه فعليًا.,محايد,استياء واستغراب من شرط دفع غير متناسب مع بساطة الطلب,استفسار,قلق,2,لا,0,محايد,سلبي,مرتبط,لا,لا,منخفض,عدم التناسب الفعلي بين بساطة الطلب وشرط الدفعة المقدمة الكبيرة يثير استياءً منطقيًا يستحق توضيحًا.,Dataset4_1000
899,الله يكفينا شرها.,الوسطى,سمع المتحدث عن كارثة طبيعية أصابت منطقة بعيدة، فدعا بهذه العبارة معبرًا عن تعاطف صادق مع المتضررين.,محايد,دعاء حقيقي وصادق مع متضررين من كارثة فعلية,مواساة,حزن,3,لا,0,محايد,محايد,مرتبط,لا,لا,منخفض,الكارثة الفعلية الحقيقية الموصوفة في السياق تجعل الدعاء صادقًا ومباشرًا دون أي التباس.,Dataset4_1000
900,الله يكفينا شرها.,الحجازية,علّق موظف على مبادرة إدارية جديدة يشك في جدواها بناءً على تجارب سابقة مشابهة فشلت، بنبرة تهكمية متشائمة.,محايد,سخرية متشائمة من مبادرة يشك في جدواها الفعلية,سخرية,قلق,2,نعم,2,محايد,سلبي,غير مرتبط,لا,لا,منخفض,الشك المبني على تجارب سابقة فاشلة يجعل الدعاء الظاهري سخرية متشائمة من تكرار نفس النمط غير الناجح.,Dataset4_1000
901,أبشر، خلها علي.,الشرقية,طلب صديق مساعدة بسيطة من المتحدث، فوافق بحماس صادق لأنه فعلاً متفرغ وقادر على المساعدة دون أي عبء.,محايد,موافقة حقيقية وحماس صادق للمساعدة,قبول,فرح,2,لا,0,محايد,إيجابي,مرتبط,لا,لا,منخفض,التفرغ الفعلي والقدرة الحقيقية على المساعدة تجعلان الموافقة صادقة ومباشرة دون أي تكلف.,Dataset4_1000
902,أبشر، خلها علي.,الجنوبية,طلب مدير من موظف مرهق تولي مهمة إضافية ضخمة قبل انتهاء دوامه مباشرة، فوافق الموظف بهذه العبارة رغم إرهاقه الشديد.,محايد,موافقة مجاملة تخفي إرهاقًا واستياءً حقيقيين,قبول,إحباط,3,لا,0,محايد,سلبي,مرتبط جزئيًا,لا,لا,منخفض,الإرهاق الفعلي الموصوف في السياق يجعل الموافقة السريعة تخفي استياءً حقيقيًا لم يُصرَّح به مباشرة.,Dataset4_1000
903,يا رجال، فدوة قلبك.,الشمالية,قدّم صديق مساعدة كبيرة ومؤثرة للمتحدث في أزمة حقيقية، فعبّر له عن امتنانه العميق بهذه العبارة الصادقة.,مدح,امتنان عميق وصادق لمساعدة حقيقية في أزمة فعلية,شكر,امتنان,4,لا,0,إيجابي,إيجابي,مرتبط,لا,لا,منخفض,الأزمة الفعلية والمساعدة الحقيقية الموصوفتان في السياق تجعلان الامتنان صادقًا وعميقًا دون أي مبالغة.,Dataset4_1000
904,يا رجال، فدوة قلبك.,سعودية عامة,أهدى قريب هدية بسيطة جدًا وغير مناسبة للمناسبة رغم إمكانياته المادية الجيدة المعروفة، فعلّق المتحدث بهذه العبارة بنبرة ساخرة أمام العائلة.,مدح,سخرية من هدية غير متناسبة مع إمكانيات فعلية معروفة,سخرية,استياء,3,نعم,3,إيجابي,سلبي,غير مرتبط,لا,لا,منخفض,عدم تناسب الهدية الفعلي مع إمكانيات معروفة للقريب يجعل عبارة المدح الظاهرية سخرية خفيفة من هذا التباين.,Dataset4_1000
905,ما شاء الله، ذوق رفيع.,الوسطى,اختار صديق هدية مدروسة بعناية تناسب اهتمامات المتحدث الشخصية تمامًا، فعبّر عن إعجابه الصادق باختياره المميز.,مدح,إعجاب حقيقي وصادق باختيار مدروس فعليًا,مدح,فرح,3,لا,0,إيجابي,إيجابي,مرتبط,لا,لا,منخفض,الاختيار المدروس الفعلي الموصوف في السياق يجعل الإعجاب صادقًا ومباشرًا دون أي مبالغة.,Dataset4_1000
906,ما شاء الله، ذوق رفيع.,الحجازية,اختارت شركة ديكورًا غريبًا وغير متناسق لمقرها الجديد أثار استغراب الموظفين والزوار على حد سواء عند رؤيته لأول مرة.,مدح,سخرية من اختيار تصميم غير متناسق وغريب فعليًا,سخرية,استياء,2,نعم,3,إيجابي,سلبي,غير مرتبط,لا,لا,منخفض,الغرابة الفعلية الموصوفة في التصميم تجعل عبارة المدح الظاهرية سخرية واضحة من اختيار غير موفق.,Dataset4_1000
907,توك جبتها.,الشرقية,توصل موظف لحل ذكي لمشكلة تقنية معقدة بعد تفكير عميق، فأشاد به زميله بهذه العبارة معبرًا عن إعجابه الحقيقي بسرعة بديهته.,محايد,إعجاب حقيقي وصادق بحل ذكي وسريع فعلاً,مدح,فرح,3,لا,0,محايد,إيجابي,مرتبط,لا,لا,منخفض,الحل الذكي الفعلي الموصوف في السياق يجعل الإعجاب صادقًا ومباشرًا دون أي مبالغة.,Dataset4_1000
908,توك جبتها.,الجنوبية,قدّم موظف حجة متأخرة جدًا لتبرير خطأ ارتكبه قبل أسبوعين، بعد أن سبق ونفى مسؤوليته عنه مرارًا أمام الفريق.,محايد,سخرية من تبرير متأخر يخالف مواقف سابقة صريحة,سخرية,استياء,3,نعم,3,محايد,سلبي,غير مرتبط,لا,لا,منخفض,التناقض الفعلي بين التبرير المتأخر ومواقف سابقة صريحة يجعل العبارة سخرية من محاولة تبرير غير متسقة.,Dataset4_1000
909,الله يجزاك عني خير ألف خير.,الشمالية,ساعد جار المتحدث في أزمة صحية طارئة لأحد أفراد أسرته، فعبّر له عن امتنانه العميق والصادق بهذه العبارة المكررة للتأكيد.,مدح,امتنان عميق وصادق تعكس حجم المساعدة الحقيقية,شكر,امتنان,5,لا,0,إيجابي,إيجابي,مرتبط,لا,لا,منخفض,حجم المساعدة الفعلية في أزمة صحية طارئة يجعل الامتنان العميق المكرر صادقًا تمامًا دون أي مبالغة.,Dataset4_1000
910,الله يجزاك عني خير ألف خير.,سعودية عامة,سلّم مقاول عملاً بمستوى أقل بكثير من المتفق عليه للمرة الثانية رغم وعود سابقة صريحة بالتحسين، فعلّق العميل بهذه العبارة بنبرة تهكمية.,مدح,سخرية شديدة من تكرار إخفاق رغم وعود صريحة سابقة,سخرية,غضب,4,نعم,4,إيجابي,سلبي,غير مرتبط,لا,نعم,متوسط,التكرار الفعلي للإخفاق رغم وعود صريحة سابقة يجعل عبارة الدعاء المبالغ فيها سخرية شديدة من عدم الوفاء بالوعد.,Dataset4_1000
911,يا فالح، دبرتها زين.,الوسطى,رتّب موظف خطة بديلة ناجحة بسرعة بعد تعطل الخطة الأصلية فجأة، فأشاد به زميله بهذه العبارة معبرًا عن إعجابه بحسن التصرف الفعلي.,محايد,إعجاب حقيقي وصادق بحسن تصرف فعلي في أزمة مفاجئة,مدح,فرح,3,لا,0,محايد,إيجابي,مرتبط,لا,لا,منخفض,حسن التصرف الفعلي في أزمة مفاجئة يجعل الإعجاب صادقًا ومباشرًا دون أي مبالغة.,Dataset4_1000
912,يا فالح، دبرتها زين.,الحجازية,اتخذ زميل قرارًا متسرعًا في غياب المدير أدى فعليًا لتعقيد المشكلة الأصلية بدلاً من حلها، فعلّق عليه زميله بهذه العبارة بنبرة ساخرة.,محايد,سخرية من قرار متسرع أدى لتعقيد المشكلة فعليًا,سخرية,استياء,3,نعم,3,محايد,سلبي,غير مرتبط,لا,لا,متوسط,النتيجة الفعلية السلبية للقرار المتسرع تجعل عبارة المدح الظاهرية سخرية من سوء تقدير الموقف.,Dataset4_1000
913,عساك دايم كذا.,الشرقية,قدّم صديق مساعدة صادقة ومستمرة للمتحدث على مدى فترة طويلة، فدعا له بهذه العبارة معبرًا عن أمله باستمرار هذا اللطف الحقيقي.,محايد,دعاء حقيقي وصادق باستمرار سلوك إيجابي فعلي,تشجيع,امتنان,3,لا,0,إيجابي,إيجابي,مرتبط,لا,لا,منخفض,الاستمرارية الفعلية للسلوك الإيجابي الموصوفة في السياق تجعل الدعاء صادقًا وليس مبالغة.,Dataset4_1000
914,عساك دايم كذا.,الجنوبية,قدّم موظف عملاً استثنائيًا لمرة واحدة فقط بعد سلسلة من أداء متواضع متكرر، فعلّق عليه مديره بهذه العبارة بنبرة تحمل تحفظًا خفيًا.,محايد,أمل حذر مغلف بشك من استمرارية تحسن مفاجئ,تحذير,قلق,2,لا,0,إيجابي,محايد,مرتبط جزئيًا,لا,لا,منخفض,سجل الأداء المتواضع السابق يجعل الدعاء الظاهري يحمل شكًا حقيقيًا من استمرارية هذا التحسن المفاجئ.,Dataset4_1000
915,والله وفرتوا علينا وقت كثير.,الشمالية,بسّطت شركة إجراءات معاملة كانت معقدة سابقًا، فأنجزها عميل فعليًا بوقت أقل بكثير من المعتاد، وعبّر عن رضاه الصادق بهذه العبارة.,مدح,رضا حقيقي وصادق عن توفير وقت فعلي وملموس,شكر,رضا,2,لا,0,إيجابي,إيجابي,مرتبط,نعم,لا,منخفض,التوفير الفعلي والملموس للوقت الموصوف في السياق يجعل الرضا صادقًا ومباشرًا دون أي مبالغة.,Dataset4_1000
916,والله وفرتوا علينا وقت كثير.,سعودية عامة,حوّلت شركة عميلاً بين خمسة أقسام مختلفة لحل مشكلة بسيطة استغرقت في النهاية وقتًا أطول بكثير مما توقعه أصلاً، فعلّق بهذه العبارة بنبرة ساخرة.,مدح,سخرية من إهدار وقت فعلي بدل توفيره كما تدعي الجملة,سخرية,إحباط,3,نعم,4,إيجابي,سلبي,غير مرتبط,نعم,نعم,متوسط,التناقض الفعلي بين معنى الجملة الظاهري وتجربة إهدار الوقت الحقيقية يجعلها سخرية واضحة من سوء التنظيم.,Dataset4_1000
917,أبد ما أنسى هالموقف.,الوسطى,قدّم شخص مساعدة مؤثرة وصادقة للمتحدث في لحظة صعبة جدًا من حياته، فعبّر عن امتنانه العميق الذي سيبقى محفورًا في ذاكرته.,مدح,امتنان عميق وصادق لموقف إنساني مؤثر فعلاً,شكر,امتنان,5,لا,0,إيجابي,إيجابي,مرتبط,لا,لا,منخفض,التأثير العميق الفعلي للموقف الإنساني الموصوف في السياق يجعل الامتنان صادقًا وعميقًا تمامًا.,Dataset4_1000
918,أبد ما أنسى هالموقف.,الحجازية,تعرض عميل لموقف محرج وسيء للغاية من موظف خدمة عملاء أمام زبائن آخرين، فعلّق بهذه العبارة بنبرة غاضبة تعبر عن استيائه الشديد.,مدح,استياء شديد من موقف مهين لن يُنسى بسهولة,شكوى,غضب,5,لا,0,إيجابي,سلبي,غير مرتبط,نعم,نعم,مرتفع,نفس العبارة تتحول من امتنان إيجابي لاستياء شديد بحسب طبيعة الموقف الموصوف، والإهانة العلنية هنا تجعلها تعبيرًا عن غضب حقيقي لا امتنان.,Dataset4_1000
919,والله يستاهل التقدير.,الشرقية,بذل موظف جهدًا استثنائيًا وحقق نتيجة متميزة فعليًا حظيت بإشادة الجميع في فريق العمل بشكل مستحق وموضوعي.,مدح,تقدير حقيقي وصادق يعكس استحقاقًا فعليًا واضحًا,مدح,تقدير,3,لا,0,إيجابي,إيجابي,مرتبط,لا,لا,منخفض,الجهد والنتيجة الفعليان الموصوفان في السياق يجعلان التقدير صادقًا ومستحقًا تمامًا دون أي مبالغة.,Dataset4_1000
920,والله يستاهل التقدير.,الجنوبية,حصل موظف على مكافأة مالية كبيرة رغم أن زملاءه يعرفون جميعًا أن أداءه كان الأضعف في الفريق خلال العام الماضي بأكمله.,مدح,سخرية من مكافأة غير مستحقة يعرف الجميع حقيقتها,سخرية,استياء,3,نعم,3,إيجابي,سلبي,غير مرتبط,لا,لا,منخفض,معرفة الزملاء الجماعية بضعف الأداء الفعلي تجعل عبارة التقدير سخرية واضحة من قرار مكافأة غير منطقي.,Dataset4_1000
921,ما قصر معنا ولا لحظة.,الشمالية,رافق صديق المتحدث في كل خطوة من أزمة عائلية صعبة استمرت أسابيع، دون أن يتخلى عنه لحظة واحدة طوال هذه الفترة الصعبة.,مدح,امتنان عميق وصادق لدعم مستمر طوال أزمة حقيقية,شكر,امتنان,4,لا,0,إيجابي,إيجابي,مرتبط,لا,لا,منخفض,الدعم المستمر الفعلي طوال أزمة حقيقية يجعل الامتنان صادقًا وعميقًا دون أي مبالغة.,Dataset4_1000
922,ما قصر معنا ولا لحظة.,سعودية عامة,قدّم مورد خدمة متذبذبة الجودة طوال فترة العقد رغم وعود أولية بالتميز المستمر، فعلّق العميل بهذه العبارة بنبرة تهكمية عند مراجعة أداء العقد.,مدح,سخرية من أداء متذبذب يخالف وعودًا أولية صريحة,سخرية,استياء,3,نعم,3,إيجابي,سلبي,غير مرتبط,لا,نعم,متوسط,التذبذب الفعلي في الأداء طوال فترة العقد يجعل عبارة المدح الظاهرية سخرية من عدم الوفاء بوعد الاستمرارية.,Dataset4_1000
923,مو مضطر تعتذر أكثر من كذا، بس المرة الجاية خلها فعل مو كلام بس.,الوسطى,اعتذر مورد لعميل للمرة الثالثة عن نفس نوع التأخير دون أي تغيير فعلي ملموس في أدائه بعد كل اعتذار سابق.,محايد,قبول ظاهري للاعتذار يخفي تحذيرًا حقيقيًا من تكرار الوعود الفارغة,تحذير,استياء,3,لا,0,محايد,سلبي,مرتبط جزئيًا,لا,نعم,متوسط,تكرار الاعتذار دون تغيير فعلي في الأداء يجعل العبارة تحذيرًا جادًا وليس مجرد قبول عابر للاعتذار.,Dataset4_1000
924,ما راح أفتح الموضوع من جديد، بس يبين إن أحد ما راجع القرار قبل ما يطلعه.,الحجازية,اكتشف موظف أن قرارًا إداريًا صدر يحتوي على تناقض واضح مع سياسة سابقة معلنة، دون أن يبدو أن أحدًا راجعه قبل إصداره رسميًا.,محايد,انتقاد غير مباشر لضعف مراجعة قرار قبل إصداره,لوم,استياء,2,لا,0,محايد,سلبي,مرتبط جزئيًا,لا,لا,منخفض,الامتناع الظاهري عن إعادة فتح الموضوع لا يخفي انتقادًا حقيقيًا لضعف المراجعة قبل إصدار القرار.,Dataset4_1000
925,والله ما ألومكم على الظروف، بس هذي رابع مرة تكون الظروف هي السبب.,الشرقية,قدّم مورد أعذارًا مختلفة تتعلق بظروف خارجة عن إرادته في أربع مناسبات متتالية لتبرير تأخيره عن نفس نوع الالتزام.,محايد,استياء مباشر مغلف بعبارة تفهم ظاهرية للأعذار المتكررة,شكوى,نفاد صبر,3,لا,0,محايد,سلبي,مرتبط,لا,نعم,متوسط,عبارة (ما ألومكم) الافتتاحية لا تخفي استياءً حقيقيًا من تكرار نفس نمط الأعذار أربع مرات متتالية.,Dataset4_1000
926,عادي، بس صراحة توقعت اهتمام أكثر بمناسبة بهالحجم.,الجنوبية,شارك عدد قليل نسبيًا من الموظفين في فعالية داخلية كان يُفترض أن تحظى باهتمام أكبر نظرًا لأهميتها المعلنة للشركة.,محايد,خيبة أمل مباشرة مغلفة بكلمة عادي افتتاحية,شكوى,خيبة أمل,2,لا,0,محايد,سلبي,مرتبط جزئيًا,لا,لا,منخفض,كلمة عادي الافتتاحية لا تخفي خيبة أمل حقيقية معبرًا عنها بوضوح تجاه مستوى الاهتمام الفعلي بالمناسبة.,Dataset4_1000
927,مو لازم تشرح أكثر، بس ودي أفهم ليش هذا القرار بالذات ما مر علينا للمراجعة.,الشمالية,اكتشف فريق عمل قرارًا يخص عملهم المباشر اتُخذ ونُفذ دون أن يُعرض عليهم للمراجعة أو حتى الإطلاع المسبق كما جرت العادة في قرارات مشابهة.,محايد,استفسار مهذب يحمل استياءً من استبعاد من إجراء معتاد,استفسار,استياء,2,لا,0,محايد,سلبي,مرتبط جزئيًا,لا,لا,منخفض,الاستبعاد الفعلي من إجراء مراجعة معتاد لقرار يخص الفريق مباشرة يجعل الاستفسار يحمل استياءً منطقيًا.,Dataset4_1000
928,أحيانًا الصمت يكون أبلغ رد، وأنا حاليًا اخترت الصمت.,سعودية عامة,شهد موظف تجاهلاً واضحًا لملاحظة قدمها بشكل رسمي في اجتماعين متتاليين، ففضّل عدم إثارة الموضوع مرة ثالثة مكتفيًا بهذه العبارة الملغزة.,محايد,استياء واضح مغلف بعبارة غامضة ومحسوبة,لوم,استياء,2,لا,0,محايد,سلبي,مرتبط جزئيًا,لا,لا,منخفض,الغموض المتعمد في الجملة أداة تعبير غير مباشرة عن استياء حقيقي من تجاهل متكرر لملاحظة رسمية.,Dataset4_1000
929,ما راح أطول بالموضوع، بس صار وقت نراجع هالسياسة من جذورها.,الوسطى,طبّقت إدارة سياسة معينة أثارت مشاكل متكررة لدى عدة موظفين على مدى أشهر، دون أي مراجعة أو تعديل حقيقي لها حتى الآن.,محايد,دعوة حاسمة لمراجعة جوهرية مغلفة بعبارة اقتضاب ظاهرية,اقتراح,استياء,3,لا,0,محايد,سلبي,مرتبط جزئيًا,لا,نعم,متوسط,عبارة (ما راح أطول) لا تخفي دعوة جادة وحاسمة لمراجعة جوهرية لسياسة أثبتت مشاكلها المتكررة.,Dataset4_1000
930,أقدر انشغالكم، بس صراحة توقعت رد أسرع لطلب بهالبساطة.,الحجازية,أرسل عميل طلبًا بسيطًا نسبيًا لجهة خدمية، وانتظر مدة طويلة غير متناسبة مع بساطة الطلب قبل الحصول على أي رد فعلي.,محايد,استياء مباشر مغلف بعبارة تفهم ظاهرية لانشغال الطرف الآخر,شكوى,نفاد صبر,2,لا,0,محايد,سلبي,مرتبط,نعم,نعم,منخفض,عبارة (أقدر انشغالكم) الافتتاحية لا تخفي استياءً حقيقيًا من عدم تناسب مدة الانتظار مع بساطة الطلب.,Dataset4_1000
931,ما بقول شي، بس الأرقام بتتكلم لما تشوفوا التقرير الشهر الجاي.,الشرقية,لاحظ موظف مبيعات تراجعًا مستمرًا في أداء قسم آخر يؤثر بشكل غير مباشر على نتائج فريقه، دون أن يوجه اتهامًا مباشرًا لأي شخص بعينه.,محايد,تحذير غير مباشر مبني على بيانات موضوعية متوقعة,تحذير,قلق,2,لا,0,محايد,سلبي,مرتبط جزئيًا,لا,لا,منخفض,الإحالة الحاسمة لتقرير مستقبلي كدليل موضوعي تخفي تحذيرًا حقيقيًا من استمرار تراجع لم يُصرَّح به مباشرة بعد.,Dataset4_1000
932,والله يبين عليكم مشغولين هالفترة، خذوا وقتكم بس لا تنسون طلبي بالكامل.,الجنوبية,لاحظ عميل تراجعًا في سرعة استجابة مزود خدمة معتاد على التعامل السريع معه، فعبّر عن تفهمه مع تذكير حذر بعدم نسيان طلبه تمامًا.,محايد,تفهم حقيقي ممزوج بتذكير حذر من احتمال النسيان,طلب,قلق,1,لا,0,محايد,محايد,مرتبط جزئيًا,نعم,لا,منخفض,هذه حالة معنى غير مباشر (تذكير حذر) لكن بدون سخرية أو استياء عميق، فالجملة تفهم صادق مصحوب بحذر منطقي فقط.,Dataset4_1000
933,أوكي ما فيه مشكلة، بس هذا يخلينا نفكر مرتين قبل الاعتماد عليكم بمشروع مستقبلي.,الشمالية,أخفق مورد في تسليم مشروع بالجودة المتفق عليها للمرة الأولى مع عميل جديد، فعبّر العميل عن قبول الموقف الحالي مع تحفظ واضح على التعاون المستقبلي.,محايد,قبول ظاهري للموقف الحالي مع تحذير صريح من المستقبل,تحذير,خيبة أمل,2,لا,0,محايد,سلبي,مرتبط,لا,لا,منخفض,التحذير هنا صريح وواضح من تأثير الأداء الحالي على قرارات تعاون مستقبلية، وليس مبطنًا أو غامضًا.,Dataset4_1000
934,للأمانة أنا مو زعلان من الفكرة نفسها، بس من طريقة طرحها فجأة بدون تمهيد.,سعودية عامة,طرح مدير تغييرًا مفاجئًا في سير العمل دون أي تمهيد مسبق أو شرح كافٍ للفريق، مما فاجأ الموظفين رغم أن الفكرة نفسها كانت معقولة نسبيًا.,محايد,تقييم صريح يفصل بين قبول الفكرة ورفض أسلوب طرحها,لوم,استياء,2,لا,0,محايد,سلبي,مرتبط,لا,لا,منخفض,الفصل الصريح بين تقبل الفكرة ورفض أسلوب الطرح المفاجئ يجعل الجملة تقييمًا موضوعيًا دون أي سخرية أو غموض.,Dataset4_1000
935,ما راح أحمّلكم أكثر من طاقتكم، بس هذا يعني إني لازم أدور بديل يوصل بوقته.,الوسطى,تكرر تأخر مورد في تسليم طلبات عميل لعدة مرات متتالية، فأوضح العميل بهدوء أنه سيضطر للبحث عن بديل أكثر التزامًا دون تصعيد أو غضب ظاهر.,سلبي,قرار حاسم يخفي استياءً عميقًا خلف صياغة هادئة ومهنية,تحذير,خيبة أمل,3,لا,0,سلبي,سلبي,مرتبط,لا,نعم,متوسط,الهدوء الظاهري في الصياغة لا يخفي قرارًا حاسمًا وحادًا بالبحث عن بديل بسبب استياء عميق متراكم من التأخير المتكرر.,Dataset4_1000
936,ما أبي أخليها قضية كبيرة، بس أرجو ملاحظة إن هذا صار للمرة الثالثة.,الحجازية,لاحظ عميل تكرار نفس نوع الخطأ في تعامل شركة معه للمرة الثالثة خلال فترة قصيرة نسبيًا، فعبّر عن ذلك بهدوء مع الإشارة الواضحة لعدد المرات.,محايد,تحذير هادئ يخفي استياءً متراكمًا من نمط متكرر وموثق,تحذير,قلق,2,لا,0,محايد,سلبي,مرتبط جزئيًا,نعم,لا,منخفض,التحديد الدقيق لعدد مرات التكرار (ثلاث مرات) يحمل تحذيرًا حقيقيًا أكثر من كونه ملاحظة عابرة بريئة.,Dataset4_1000
937,ما ألومك شخصيًا، بس النظام اللي تشتغلون فيه واضح إنه يحتاج تطوير.,الشرقية,أخطأ موظف في تنفيذ إجراء بسبب تعقيد نظام العمل الداخلي وليس بسبب إهماله الشخصي، فوجّه العميل ملاحظته للنظام بدلاً من الشخص مباشرة.,محايد,انتقاد موضوعي يوجه اللوم للنظام لا للشخص المنفذ,اقتراح,استياء,2,لا,0,محايد,سلبي,مرتبط,لا,لا,منخفض,الفصل الصريح بين مسؤولية الموظف الشخصية وضعف النظام الإجرائي يجعل الجملة تقييمًا موضوعيًا وعادلاً دون أي سخرية.,Dataset4_1000
938,عادي ما تسوون شي زيادة، بس أنا أشوف هذا أقل الواجب فعليًا.,الجنوبية,قدّم مركز خدمة تعويضًا بسيطًا جدًا لعميل تعرض لضرر أكبر نسبيًا، فعبّر العميل عن قبول المستوى المقدم مع تسجيل تحفظه الصريح على كفايته.,محايد,قبول مشروط يحمل استياءً صريحًا من عدم كفاية التعويض,شكوى,استياء,2,لا,0,محايد,سلبي,مرتبط,نعم,نعم,منخفض,التحفظ هنا صريح وواضح وليس مبطنًا، فالعميل يعبّر بوضوح عن رأيه في كفاية التعويض دون أي غموض.,Dataset4_1000
939,سبحان الله، نفس الاقتراح اللي رفضتوه مني الشهر اللي طاف قبلتوه من شخص ثاني.,الشمالية,قدّم موظف اقتراحًا رُفض من الإدارة الشهر الماضي، ثم لاحظ قبول نفس الاقتراح تقريبًا عندما طرحه زميل آخر لاحقًا دون أي تغيير جوهري فيه.,محايد,استياء مباشر من ازدواجية معايير في تقييم نفس الفكرة,شكوى,استياء,3,لا,0,محايد,سلبي,مرتبط,لا,لا,متوسط,التناقض الفعلي في التعامل مع نفس الفكرة حسب مصدرها يجعل الاستياء منطقيًا ومباشرًا دون أي مبالغة.,Dataset4_1000
940,والله يبان عليكم متحمسين للمشروع، بس الحماس وحده ما يكفي بدون خطة واضحة.,سعودية عامة,أبدى فريق حماسًا واضحًا لبدء مشروع جديد، لكن العرض التقديمي افتقر لخطة تنفيذية واضحة أو جدول زمني محدد رغم الحماس الظاهر.,محايد,تقييم متوازن يفصل بين تقدير الحماس ونقد غياب التخطيط,اقتراح,قلق,2,لا,0,محايد,سلبي,مرتبط,لا,لا,منخفض,الفصل الصريح بين تقدير الحماس الظاهري والنقد الموضوعي لغياب الخطة يجعل الجملة تقييمًا متوازنًا دون أي سخرية.,Dataset4_1000
941,ما أبي أسبق الأحداث، بس مؤشرات البداية ما كانت مشجعة كثير.,الوسطى,بدأ مشروع جديد بعدة عقبات بسيطة في أسبوعه الأول، فعبّر أحد أعضاء الفريق عن ملاحظة حذرة دون إصدار حكم نهائي متسرع على مستقبل المشروع.,محايد,ملاحظة حذرة ومتحفظة دون حكم متسرع أو سخرية,استفسار,قلق,1,لا,0,محايد,سلبي,مرتبط,لا,لا,منخفض,هذه حالة معنى غير مباشر (ملاحظة حذرة) لكن بدون سخرية أو استياء عميق، فالتحفظ هنا منطقي وموضوعي فقط.,Dataset4_1000
942,مو مشكلة إننا نعيد الجدولة، بس هذي رابع مرة يصير فيها نفس الشي بالضبط.,الحجازية,اضطر فريق لإعادة جدولة اجتماع مهم للمرة الرابعة بسبب نفس الطرف المتسبب في التأجيل في كل مرة سابقة دون أي تغيير في هذا النمط.,محايد,استياء مباشر مغلف بعبارة تساهل ظاهرية في البداية,شكوى,نفاد صبر,3,لا,0,محايد,سلبي,مرتبط,لا,نعم,متوسط,التحديد الدقيق لعدد مرات التكرار (رابع مرة) يجعل عبارة التساهل الظاهرية استياءً حقيقيًا من نمط متكرر وموثق.,Dataset4_1000
943,أحترم تجربتكم بالمجال، بس بصراحة النتيجة ما طابقت التوقعات اللي بنيناها على كلامكم.,الشرقية,وعد مستشار عميلاً بنتائج معينة بناءً على خبرته المزعومة في المجال، لكن النتيجة الفعلية جاءت أقل بكثير من التوقعات المبنية على وعوده الأولية.,سلبي,خيبة أمل صريحة تفصل بين احترام الخبرة ونقد النتيجة الفعلية,شكوى,خيبة أمل,3,لا,0,سلبي,سلبي,مرتبط,لا,نعم,متوسط,الفصل الصريح بين احترام الخبرة المزعومة والنقد الموضوعي للنتيجة الفعلية يجعل الجملة خيبة أمل واضحة دون أي سخرية.,Dataset4_1000
944,ما راح أحكم عليكم من موقف واحد، بس هذا الموقف بالذات كان مخيب فعلاً.,الجنوبية,قدّمت شركة خدمة سيئة بشكل استثنائي في مناسبة واحدة مقارنة بتاريخها الجيد المعتاد، فعبّر عميل دائم عن خيبة أمله من هذا الموقف تحديدًا دون تعميم.,سلبي,خيبة أمل مباشرة ومحددة بموقف واحد دون تعميم متسرع,شكوى,خيبة أمل,3,لا,0,سلبي,سلبي,مرتبط,نعم,نعم,متوسط,التحديد الصريح لموقف واحد دون تعميم على كامل التجربة يجعل خيبة الأمل موضوعية ومباشرة دون أي مبالغة.,Dataset4_1000
945,عساها كانت مجرد صدفة، بس لو تكررت بأسبوع الجاي بصير عندي قلق حقيقي.,الشمالية,لاحظ عميل خطأ واحدًا في فاتورته الشهرية لأول مرة بعد سنوات من التعامل الدقيق مع نفس الشركة، فعبّر عن تفهمه المبدئي مع تحذير واضح من التكرار.,محايد,تفهم مبدئي مصحوب بتحذير صريح ومحدد من التكرار,تحذير,قلق,1,لا,0,محايد,سلبي,مرتبط,نعم,لا,منخفض,التحذير هنا صريح وواضح المصدر من احتمال التكرار، وليس مبطنًا أو مخفيًا خلف صياغة ملتبسة.,Dataset4_1000
946,والله أمي فرحانة، صار عندها خط اتصال مباشر بالمستشفى بدل ما تنتظر بالطابور كل مرة.,الوسطى,اشتركت والدة المتحدث في برنامج رعاية كبار السن بمستشفى قريب، ووفر لها البرنامج خط تواصل مباشر لحجز المواعيد دون الحاجة للانتظار كباقي المراجعين.,مدح,رضا حقيقي عن خدمة عملية تسهل حياة والدة مسنة,شكر,رضا,3,لا,0,إيجابي,إيجابي,مرتبط,نعم,لا,منخفض,الفائدة العملية الفعلية لهذه الخدمة على حياة والدة مسنة تجعل الرضا صادقًا وموضوعيًا دون أي مبالغة.,Dataset4_1000
947,طيب ليش أخوي الصغير يقدر يشترك بالتطبيق بعمر أقل من المسموح رسميًا؟,الحجازية,لاحظ ولي أمر أن تطبيقًا معينًا يفرض حدًا أدنى للعمر عند التسجيل، لكن أخاه الأصغر تمكن فعليًا من إنشاء حساب رغم كونه أصغر من السن المطلوب رسميًا.,محايد,قلق مباشر من ثغرة أمان تخص حماية القاصرين,شكوى,قلق,3,لا,0,محايد,سلبي,مرتبط,لا,نعم,متوسط,الثغرة الفعلية في نظام التحقق من العمر تثير قلقًا منطقيًا ومباشرًا لدى ولي الأمر دون أي مبالغة.,Dataset4_1000
948,عاشت الأيادي، صديقتي ذكرتني بموعد دوائي وأنا ناسية تمامًا.,الشرقية,نسيت المتحدثة موعد تناول دواء مهم، وذكّرتها صديقتها في الوقت المناسب تمامًا قبل أن يفوتها الموعد بوقت طويل.,مدح,امتنان حقيقي وصادق لاهتمام صديقة حقيقي وفي وقته,شكر,امتنان,3,لا,0,إيجابي,إيجابي,مرتبط,لا,لا,منخفض,التذكير الفعلي في الوقت المناسب تمامًا يجعل الامتنان صادقًا ومباشرًا دون أي مبالغة.,Dataset4_1000
949,سبحان الله، ابني صار يفضل يلعب بالجوال على ما يلعب معانا، لاحظته الأسبوعين الأخيرين.,الجنوبية,لاحظ والد تغيرًا في سلوك ابنه خلال الأسبوعين الأخيرين، حيث أصبح يفضل قضاء الوقت على الجوال بدلاً من اللعب مع العائلة كما كان معتادًا.,محايد,قلق مباشر من تغير سلوكي ملحوظ يستحق المتابعة,استفسار,قلق,3,لا,0,محايد,محايد,مرتبط,لا,لا,منخفض,الملاحظة الزمنية الدقيقة (الأسبوعين الأخيرين) تجعل القلق موضوعيًا ومباشرًا دون أي مبالغة أو سخرية.,Dataset4_1000
950,والله فرحانين، صار فيه نادي صيفي قريب من البيت يناسب عمر بناتي بالضبط.,الشمالية,بحثت أسرة عن نشاط صيفي مناسب لبناتها منذ فترة، ووجدت أخيرًا ناديًا صيفيًا قريبًا يستهدف فعليًا نفس الفئة العمرية لبناتها بدقة.,مدح,فرح حقيقي عن حل مناسب لاحتياج عائلي كان قائمًا فعليًا,شكر,فرح,3,لا,0,إيجابي,إيجابي,مرتبط,لا,لا,منخفض,الملاءمة الفعلية الدقيقة للاحتياج العائلي القائم تجعل الفرح المعبر عنه صادقًا وموضوعيًا دون أي مبالغة.,Dataset4_1000
951,طيب ليش المدرسة تطلب رسوم رحلة مدرسية بمبلغ يعادل نصف الراتب الشهري تقريبًا؟,سعودية عامة,طلبت مدرسة من أولياء الأمور مبلغًا مرتفعًا نسبيًا لرحلة مدرسية اختيارية، يشكل عبئًا ماليًا كبيرًا على بعض الأسر ذات الدخل المحدود.,محايد,استياء مباشر من عبء مالي كبير لنشاط اختياري,شكوى,قلق,3,لا,0,محايد,سلبي,مرتبط,لا,نعم,منخفض,حجم العبء المالي الفعلي على أسر محدودة الدخل يجعل الاستياء منطقيًا ومباشرًا دون أي مبالغة.,Dataset4_1000
952,عاشت الأيادي، جارتنا الجديدة عرضت تساعدني بالأطفال لما احتجت أطلع لموعد طبي طارئ.,الوسطى,احتاجت أم لحضور موعد طبي طارئ دون وجود من يعتني بأطفالها، فبادرت جارتها الجديدة بعرض المساعدة فورًا دون أن تُسأل.,مدح,امتنان حقيقي وصادق لمبادرة إنسانية في وقت الحاجة,شكر,امتنان,4,لا,0,إيجابي,إيجابي,مرتبط,لا,لا,منخفض,المبادرة الإنسانية الفعلية في وقت حاجة حقيقية تجعل الامتنان صادقًا وعميقًا دون أي مبالغة.,Dataset4_1000
953,سبحان الله، نفس النشاط الرياضي سعره يختلف بين ولد وبنت بنفس المركز.,الحجازية,لاحظ ولي أمر تسعيرًا مختلفًا لنفس النشاط الرياضي حسب جنس المشترك في مركز ترفيهي عائلي، دون أي تفسير واضح لهذا التباين.,محايد,استغراب واستياء من تسعير غير مبرر وغير منطقي,استفسار,استياء,2,لا,0,محايد,سلبي,مرتبط,لا,لا,منخفض,عدم وجود تفسير منطقي لهذا التباين في التسعير يجعل الاستغراب استياءً حقيقيًا يستحق التوضيح.,Dataset4_1000
954,والله ما توقعت، خالي اتصل بنفسه يسأل إذا نحتاج مساعدة بترتيبات العزيمة.,الشرقية,استعدت عائلة لتنظيم عزيمة عائلية كبيرة، وبادر أحد الأقارب بالاتصال شخصيًا لعرض المساعدة في الترتيبات دون أن يُطلب منه ذلك.,مدح,امتنان حقيقي لمبادرة عائلية استباقية ولطيفة,شكر,فرح,3,لا,0,إيجابي,إيجابي,مرتبط,لا,لا,منخفض,المبادرة العائلية الفعلية غير المطلوبة تجعل الامتنان صادقًا وموضوعيًا دون أي مبالغة.,Dataset4_1000
955,طيب ليش مركز الترفيه يمنع الأطفال أقل من ست سنوات وما فيه أي منطقة لعب لهم أصلاً؟,الجنوبية,زارت أسرة مركز ترفيه عائلي معلن كوجهة مناسبة لجميع الأعمار، لكنهم اكتشفوا وجود قيد عمري يمنع أطفالهم الأصغر من دخول أغلب المناطق الترفيهية.,محايد,استياء مباشر من فجوة بين وصف تسويقي وواقع فعلي محدود,شكوى,استياء,2,لا,0,محايد,سلبي,مرتبط,لا,لا,منخفض,الفجوة الفعلية بين الوصف التسويقي العام والقيود الحقيقية تجعل الاستياء منطقيًا ومباشرًا.,Dataset4_1000
956,عاشت الأيادي، جدي صار يقدر يتواصل معنا بالفيديو بعد ما علمته أختي بصبر.,الشمالية,علّمت أخت المتحدث جدها المسن استخدام مكالمات الفيديو بصبر كبير على مدى عدة أيام، حتى أصبح قادرًا على التواصل مع العائلة بشكل مستقل.,مدح,امتنان حقيقي وصادق لجهد عائلي صبور ومؤثر,شكر,امتنان,4,لا,0,إيجابي,إيجابي,مرتبط,لا,لا,منخفض,الجهد الفعلي الصبور والمؤثر الموصوف في السياق يجعل الامتنان صادقًا وعميقًا دون أي مبالغة.,Dataset4_1000
957,سبحان الله، صار فيه ثلاث نسخ مختلفة من نفس قصة الحادثة بين أفراد العائلة.,سعودية عامة,روى ثلاثة أفراد من نفس العائلة نفس حادثة بسيطة وقعت في مناسبة عائلية، لكن كل رواية اختلفت في بعض التفاصيل عن الأخرى بشكل ملحوظ.,محايد,استغراب حقيقي من تضارب روايات لموقف واحد بلا استياء عميق,حياد,ارتباك,1,لا,0,محايد,محايد,مرتبط,لا,لا,منخفض,الاستغراب هنا حقيقي وخفيف من تضارب طبيعي في الروايات، دون أي دلالة على غضب أو سخرية عميقة.,Dataset4_1000
958,والله فرحانين، معلمة أختي الصغيرة تواصلت معنا تشرح كيف نساعدها بالبيت.,الوسطى,تواصلت معلمة مع عائلة طالبة تواجه صعوبة في مادة معينة، وشرحت لهم بالتفصيل كيفية مساعدتها في المذاكرة بالمنزل، دون أن يطلبوا هذا الدعم صراحة.,مدح,امتنان حقيقي لمبادرة تعليمية استباقية تفوق الواجب الوظيفي,شكر,امتنان,3,لا,0,إيجابي,إيجابي,مرتبط,لا,لا,منخفض,المبادرة التعليمية الاستباقية التي فاقت الواجب الوظيفي البسيط تجعل الامتنان صادقًا وعميقًا.,Dataset4_1000
959,طيب ليش عيادة الأسنان للأطفال تحجز مواعيد بنفس طريقة عيادة الكبار المزدحمة؟,الحجازية,حجز والد موعدًا لطفله في عيادة أسنان مخصصة للأطفال، لكنه واجه نفس نظام الانتظار الطويل والمزدحم المعتاد في عيادات الكبار دون أي مراعاة خاصة للأطفال.,محايد,استياء مباشر من عدم مراعاة طبيعة عيادة مخصصة للأطفال,شكوى,قلق,2,لا,0,محايد,سلبي,مرتبط,نعم,لا,منخفض,عدم المراعاة الفعلية لطبيعة عيادة متخصصة بالأطفال يجعل الاستياء منطقيًا ومباشرًا دون أي مبالغة.,Dataset4_1000
960,عاشت الأيادي، أختي صممت لنا جدول مذاكرة يراعي مواعيد صلاتنا وأنشطتنا.,الشرقية,صممت أخت المتحدث جدول مذاكرة مفصلاً لإخوتها الأصغر يراعي مواعيد الصلاة والأنشطة اليومية المختلفة، مما سهل عليهم تنظيم وقتهم بشكل فعلي.,مدح,امتنان حقيقي لجهد عائلي منظم ومفيد فعليًا,شكر,امتنان,3,لا,0,إيجابي,إيجابي,مرتبط,لا,لا,منخفض,الفائدة العملية الفعلية لهذا الجهد المنظم تجعل الامتنان صادقًا وموضوعيًا دون أي مبالغة.,Dataset4_1000
961,سبحان الله، جمعية الحي وزعت سلات غذائية للأسر المحتاجة بدون ما أحد يحرج نفسه بالطلب.,الجنوبية,نظمت جمعية خيرية محلية توزيع سلات غذائية للأسر المحتاجة في الحي بطريقة تحفظ خصوصيتهم وكرامتهم دون الحاجة لطلب المساعدة علنًا.,مدح,امتنان حقيقي لمبادرة إنسانية تراعي كرامة المستفيدين فعليًا,شكر,امتنان,4,لا,0,إيجابي,إيجابي,مرتبط,لا,لا,منخفض,المراعاة الفعلية لكرامة المستفيدين في هذه المبادرة تجعل الامتنان صادقًا وعميقًا دون أي مبالغة.,Dataset4_1000
962,والله ما توقعت، صديقة أمي اتصلت تطمنها بعد العملية بدون ما تعرف إنها متوترة أصلاً.,الشمالية,أجرت والدة المتحدث عملية بسيطة، واتصلت صديقة قديمة لها للاطمئنان دون أن تعرف أصلاً أن الوالدة كانت متوترة بشأن العملية، مما جاء التوقيت مثاليًا.,مدح,امتنان حقيقي وصادق لتوقيت لطيف وغير مقصود,شكر,امتنان,3,لا,0,إيجابي,إيجابي,مرتبط,لا,لا,منخفض,التوقيت المثالي غير المقصود لهذا الاتصال يجعل الامتنان صادقًا ومؤثرًا دون أي مبالغة.,Dataset4_1000
963,طيب ليش برنامج تطعيم الأطفال بالمركز الصحي يحجز موعد بعد شهرين لتطعيم روتيني؟,سعودية عامة,حاولت أم حجز موعد لتطعيم روتيني لطفلها في مركز صحي حكومي، لكن أقرب موعد متاح كان بعد شهرين كاملين رغم أن التطعيم مجدول ضمن برنامج زمني محدد.,محايد,قلق مباشر من تأخير يؤثر على جدول تطعيم طبي مهم,شكوى,قلق,3,لا,0,محايد,سلبي,مرتبط,نعم,نعم,متوسط,التأخير الفعلي المؤثر على جدول طبي مهم لطفل يجعل القلق منطقيًا ومباشرًا ويستحق متابعة عاجلة.,Dataset4_1000
964,عاشت الأيادي، أختي الكبيرة راجعت واجب أخوي كل يوم بدون ما نطلب منها.,الوسطى,بادرت أخت كبرى بمراجعة واجبات أخيها الصغير يوميًا خلال فترة امتحاناته، دون أن يطلب منها أحد في العائلة هذا الجهد الإضافي المستمر.,مدح,امتنان حقيقي لجهد عائلي مستمر وغير مطلوب رسميًا,شكر,امتنان,3,لا,0,إيجابي,إيجابي,مرتبط,لا,لا,منخفض,الجهد المستمر الفعلي غير المطلوب رسميًا يجعل الامتنان صادقًا وعميقًا دون أي مبالغة.,Dataset4_1000
965,سبحان الله، مسبح النادي العائلي يفتح للنساء وقت ضيق جدًا مقارنة بوقت الرجال.,الحجازية,لاحظت عضوة نادٍ عائلي أن الأوقات المخصصة للنساء في المسبح أقصر بكثير من الأوقات المخصصة للرجال، رغم دفع نفس قيمة الاشتراك لكلا الجنسين.,محايد,استياء مباشر من عدم توازن في توزيع الأوقات مقابل نفس الاشتراك,شكوى,استياء,3,لا,0,محايد,سلبي,مرتبط,نعم,نعم,متوسط,عدم التوازن الفعلي في توزيع الأوقات مقابل نفس قيمة الاشتراك يجعل الاستياء منطقيًا ومباشرًا.,Dataset4_1000
966,والله فرحانين، عمي علمنا كيف نصلح دراجة أخوي بدل ما يشتري وحدة جديدة.,الشرقية,تعطلت دراجة طفل، فبدلاً من شراء واحدة جديدة، خصص العم وقتًا لتعليم العائلة كيفية إصلاحها بأنفسهم، مما وفر مالاً وعلّمهم مهارة جديدة في آن واحد.,مدح,امتنان حقيقي لمبادرة تعليمية عملية توفر جهدًا وتعلّم مهارة,شكر,امتنان,3,لا,0,إيجابي,إيجابي,مرتبط,لا,لا,منخفض,الفائدة المزدوجة الفعلية (توفير مالي وتعلم مهارة) تجعل الامتنان صادقًا وموضوعيًا دون أي مبالغة.,Dataset4_1000
967,طيب ليش نادي الأطفال الصيفي يلغي النشاط بدون تعويض لو صار فيه غيوم بس؟,الجنوبية,ألغى نادٍ صيفي نشاطًا خارجيًا لمجرد ظهور غيوم خفيفة دون أي هطول فعلي للمطر، دون تقديم بديل أو تعويض عن النشاط الملغى لأولياء الأمور الذين دفعوا رسومه.,محايد,استياء مباشر من إلغاء غير مبرر بدون بديل أو تعويض,شكوى,استياء,2,لا,0,محايد,سلبي,مرتبط,لا,نعم,منخفض,عدم وجود مبرر فعلي كافٍ للإلغاء دون تعويض يجعل الاستياء منطقيًا ومباشرًا دون أي مبالغة.,Dataset4_1000
968,عاشت الأيادي، صديقتي القديمة تذكرت عيد ميلاد ابني بدون ما أذكرها.,الشمالية,تذكرت صديقة قديمة عيد ميلاد ابن المتحدثة دون أي تذكير منها، وأرسلت تهنئة صادقة ومفاجئة أثلجت صدر الأم.,مدح,فرح حقيقي وصادق بمبادرة صداقة قديمة ومستمرة,شكر,فرح,3,لا,0,إيجابي,إيجابي,مرتبط,لا,لا,منخفض,التذكر التلقائي الفعلي دون أي تذكير مسبق يجعل الفرح المعبر عنه صادقًا وعميقًا دون أي مبالغة.,Dataset4_1000
969,سبحان الله، مستشفى الولادة يفرض زيارات محدودة جدًا حتى للأب نفسه.,سعودية عامة,وضع مستشفى قيودًا صارمة على أوقات زيارة الأب لزوجته وطفلها حديث الولادة، بحيث لا تتجاوز الزيارة اليومية فترة قصيرة جدًا لا تتناسب مع طبيعة هذه المرحلة الحساسة.,محايد,استياء مباشر من قيود صارمة لا تراعي احتياج عائلي حساس,شكوى,قلق,3,لا,0,محايد,سلبي,مرتبط,نعم,لا,متوسط,عدم مراعاة القيود الفعلية لطبيعة مرحلة حساسة كهذه يجعل الاستياء منطقيًا ومباشرًا دون أي مبالغة.,Dataset4_1000
970,والله ما توقعت، ابن عمي اتصل يعرض يوصلني للمطار بدون ما أطلب منه.,الوسطى,احتاج المتحدث لمن يوصله للمطار في وقت مبكر جدًا، فبادر ابن عمه بالاتصال وعرض توصيله دون أن يُطلب منه ذلك أصلاً.,مدح,امتنان حقيقي لمبادرة عائلية استباقية ومريحة,شكر,امتنان,3,لا,0,إيجابي,إيجابي,مرتبط,لا,لا,منخفض,المبادرة العائلية الفعلية غير المطلوبة تجعل الامتنان صادقًا وموضوعيًا دون أي مبالغة.,Dataset4_1000
971,طيب ليش رياض الأطفال تطلب رسوم تسجيل غير قابلة للاسترجاع حتى لو ما بدأ العام الدراسي؟,الحجازية,سجّلت أم طفلها في روضة أطفال ودفعت رسوم تسجيل، لكنها اضطرت للانسحاب قبل بدء العام الدراسي فعليًا بسبب انتقال العائلة، فرفضت الروضة استرجاع أي مبلغ.,محايد,استياء مباشر من سياسة صارمة لا تراعي ظرفًا لم يبدأ فيه العام أصلاً,شكوى,استياء,3,لا,0,محايد,سلبي,مرتبط,لا,لا,متوسط,عدم مراعاة السياسة لظرف انسحاب قبل بدء العام الدراسي فعليًا يجعل الاستياء منطقيًا ويستحق مرونة إضافية.,Dataset4_1000
972,عاشت الأيادي، بنت خالتي علمت أطفالها يتبرعون بألعابهم القديمة قبل العيد.,الشرقية,شجعت أم أطفالها على التبرع بألعابهم القديمة التي لم يعودوا يستخدمونها للأطفال المحتاجين قبل حلول العيد، مما غرس فيهم قيمة العطاء منذ الصغر.,مدح,إعجاب حقيقي بمبادرة تربوية مؤثرة وقيّمة فعليًا,مدح,فرح,3,لا,0,إيجابي,إيجابي,مرتبط,لا,لا,منخفض,الأثر التربوي الفعلي المؤثر لهذه المبادرة يجعل الإعجاب صادقًا وموضوعيًا دون أي مبالغة.,Dataset4_1000
973,سبحان الله، ابني رجع من المدرسة وهو يعرف يشرح لي درس الرياضيات أحسن من المعلم.,الجنوبية,لاحظ والد أن ابنه أصبح قادرًا على شرح مفهوم رياضي معقد بوضوح شديد بعد حصة دراسية واحدة فقط، مما عكس جودة تدريس المعلم الفعلية.,مدح,إعجاب حقيقي وصادق بأثر تعليمي ملموس على الابن,مدح,فخر,3,لا,0,إيجابي,إيجابي,مرتبط,لا,لا,منخفض,الأثر التعليمي الملموس الفعلي على الابن يجعل الإعجاب صادقًا وموضوعيًا دون أي مبالغة أو سخرية.,Dataset4_1000
974,والله فرحانين، صار فيه ممر آمن للمشاة قدام المدرسة بعد سنوات من المطالبة.,الشمالية,طالب أولياء أمور طلاب مدرسة بإنشاء ممر مشاة آمن أمام المدرسة لسنوات عديدة، وأخيرًا استجابت البلدية وأنشأت هذا الممر مما حسّن سلامة الطلاب فعليًا.,مدح,رضا حقيقي وصادق عن استجابة لمطالبة طويلة الأمد,شكر,فرح,3,لا,0,إيجابي,إيجابي,مرتبط,لا,لا,منخفض,طول مدة المطالبة الفعلية قبل الاستجابة تعزز صدق الرضا عن هذا التحسن الأمني المهم.,Dataset4_1000
975,طيب ليش نظام حضانة الأطفال بالمول يقبل أطفال لسنة وحدة بس وأنا محتاج ساعتين؟,سعودية عامة,زارت أسرة مولاً تجاريًا يقدم خدمة حضانة مؤقتة للأطفال، لكن النظام يسمح باستخدام الخدمة لمدة ساعة واحدة فقط، بينما تحتاج العائلة لوقت أطول لإنجاز تسوقها.,محايد,استياء مباشر من قيد زمني لا يتناسب مع احتياج فعلي شائع,شكوى,قلق,2,لا,0,محايد,سلبي,مرتبط,نعم,لا,منخفض,عدم تناسب القيد الزمني الفعلي مع احتياج شائع للعائلات يجعل الاستياء منطقيًا ومباشرًا دون أي مبالغة.,Dataset4_1000
976,عاشت الأيادي، جارنا الجديد ساعد أبوي يركب الرف بدون ما نطلب منه شي.,الوسطى,لاحظ جار جديد أن والد المتحدث يواجه صعوبة في تركيب رف كبير بمفرده، فبادر بمساعدته فورًا دون أي طلب مسبق من العائلة.,مدح,امتنان حقيقي لمبادرة جوار طيبة وتلقائية,شكر,امتنان,3,لا,0,إيجابي,إيجابي,مرتبط,لا,لا,منخفض,المبادرة التلقائية الفعلية غير المطلوبة تجعل الامتنان صادقًا وموضوعيًا دون أي مبالغة.,Dataset4_1000
977,سبحان الله، مركز رعاية المسنين يقدم أنشطة ترفيهية أكثر من الأنشطة الصحية الأساسية.,الحجازية,لاحظت أسرة أن مركز رعاية مسنين يركز في برنامجه اليومي على الأنشطة الترفيهية أكثر بكثير من الرعاية الصحية والمتابعة الطبية الأساسية لكبار السن المقيمين.,محايد,قلق مباشر من عدم توازن في أولويات رعاية فعلية مهمة,شكوى,قلق,3,لا,0,محايد,سلبي,مرتبط,نعم,لا,متوسط,عدم التوازن الفعلي في أولويات الرعاية يثير قلقًا منطقيًا ومباشرًا لدى الأسرة يستحق متابعة جادة.,Dataset4_1000
978,والله ما توقعت، معلم القرآن اتصل يطمن أهل الطالب الغايب لظرف صحي.,الشرقية,غاب طالب عن حلقة تحفيظ قرآن بسبب ظرف صحي بسيط، فاتصل معلمه شخصيًا بأهله للاطمئنان عليه، دون أن يكتفِ بتسجيل الغياب فقط.,مدح,امتنان حقيقي لاهتمام شخصي يتجاوز الواجب التعليمي البسيط,شكر,امتنان,3,لا,0,إيجابي,إيجابي,مرتبط,لا,لا,منخفض,الاهتمام الشخصي الفعلي الذي تجاوز الواجب الرسمي البسيط يجعل الامتنان صادقًا وعميقًا دون أي مبالغة.,Dataset4_1000
979,طيب ليش ملعب الحي العام مغلق أغلب الوقت وأطفالنا محتاجين مكان يلعبون فيه؟,الجنوبية,لاحظت أسر في حي سكني أن الملعب العام المخصص للأطفال مغلق أغلب أوقات اليوم دون سبب واضح، بينما يحتاج أطفال الحي فعليًا لمكان آمن للعب.,محايد,استياء مباشر من عدم استغلال مرفق عام لاحتياج فعلي واضح,شكوى,استياء,3,لا,0,محايد,سلبي,مرتبط,لا,نعم,منخفض,عدم الاستغلال الفعلي لمرفق عام رغم احتياج واضح للأطفال يجعل الاستياء منطقيًا ومباشرًا دون أي مبالغة.,Dataset4_1000
980,عاشت الأيادي، أم صديقتي طبخت لنا أكل زيادة لما عرفت إن أمي مريضة هالأسبوع.,الشمالية,علمت جارة أن والدة المتحدثة مريضة ولا تستطيع الطبخ هذا الأسبوع، فبادرت بإرسال وجبات إضافية للعائلة دون أن يُطلب منها ذلك.,مدح,امتنان حقيقي وصادق لمبادرة إنسانية في وقت الحاجة الفعلية,شكر,امتنان,4,لا,0,إيجابي,إيجابي,مرتبط,لا,لا,منخفض,المبادرة الإنسانية الفعلية في وقت حاجة حقيقية تجعل الامتنان صادقًا وعميقًا دون أي مبالغة.,Dataset4_1000
981,سبحان الله، صالة الأفراح تسمح بحضور الأطفال بس ما فيها ولا ركن مخصص لهم.,سعودية عامة,سمحت صالة أفراح باصطحاب الأطفال للمناسبات العائلية، لكنها لم توفر أي ركن أو منطقة مخصصة تناسب احتياجاتهم، مما جعل إدارتهم صعبة على الأهالي طوال الحفل.,محايد,استياء مباشر من فجوة بين السماح بالحضور وتوفير الاحتياجات الفعلية,شكوى,استياء,2,لا,0,محايد,سلبي,مرتبط,لا,لا,منخفض,الفجوة الفعلية بين السماح بالحضور وتوفير احتياجات فعلية للأطفال تجعل الاستياء منطقيًا ومباشرًا.,Dataset4_1000
982,والله فرحانين، معلمة اللغة الإنجليزية أرسلت فيديوهات إضافية لأخوي المتعثر بالمادة.,الوسطى,لاحظت معلمة تعثر طالب في مادة اللغة الإنجليزية، فأرسلت له فيديوهات شرح إضافية مخصصة لمعالجة نقاط ضعفه تحديدًا، دون أن يطلب أهله هذه المساعدة الإضافية.,مدح,امتنان حقيقي لمبادرة تعليمية استباقية ومخصصة فعليًا,شكر,امتنان,3,لا,0,إيجابي,إيجابي,مرتبط,لا,لا,منخفض,المبادرة التعليمية الاستباقية والمخصصة فعليًا لاحتياج الطالب تجعل الامتنان صادقًا وعميقًا.,Dataset4_1000
983,طيب ليش أطفال المنطقة الشرقية ما فيه لهم أي مخيم صيفي متخصص بالروبوتات قريب؟,الشرقية,بحث والد عن مخيم صيفي متخصص بالروبوتات والبرمجة لابنه المهتم بهذا المجال، لكنه لم يجد أي خيار قريب من منطقته رغم توفر هذا النوع من المخيمات في مدن أخرى.,محايد,استياء مباشر من فجوة في توفر خيارات تعليمية متخصصة إقليميًا,شكوى,خيبة أمل,2,لا,0,محايد,محايد,مرتبط,لا,لا,منخفض,الفجوة الفعلية في توفر خيارات تعليمية متخصصة بمنطقة معينة تجعل الاستياء منطقيًا وليس سخرية.,Dataset4_1000
984,عاشت الأيادي، صديقة أختي علمتها تطرز بدون أي مقابل مادي طول الصيف.,الجنوبية,خصصت صديقة وقتًا طويلاً طوال فصل الصيف لتعليم صديقتها مهارة التطريز دون أي مقابل مادي، مجرد رغبة صادقة في مشاركة مهارتها ومساعدتها.,مدح,امتنان حقيقي وصادق لكرم وقت ومهارة دون أي مقابل,شكر,امتنان,4,لا,0,إيجابي,إيجابي,مرتبط,لا,لا,منخفض,الكرم الفعلي بالوقت والمهارة دون أي مقابل مادي يجعل الامتنان صادقًا وعميقًا دون أي مبالغة.,Dataset4_1000
985,سبحان الله، مكتبة الحي العامة ساعاتها تتعارض مع دوام المدارس تمامًا.,الشمالية,لاحظت عائلة أن ساعات عمل مكتبة الحي العامة تنتهي في نفس وقت خروج الطلاب تقريبًا من المدارس، مما يجعل استفادة الطلاب منها بعد الدوام شبه مستحيلة عمليًا.,محايد,استياء مباشر من تعارض توقيت يقلل فائدة مرفق تعليمي عام,شكوى,استياء,2,لا,0,محايد,سلبي,مرتبط,لا,لا,منخفض,التعارض الفعلي في التوقيت الذي يقلل فائدة مرفق عام مخصص للطلاب يجعل الاستياء منطقيًا ومباشرًا.,Dataset4_1000
986,والله ما توقعت، الطبيبة أعطتنا رقمها الشخصي لو احتجنا استفسار عاجل بالليل.,سعودية عامة,قدّمت طبيبة أطفال رقم هاتفها الشخصي لعائلة مريضة صغيرة السن، تحسبًا لأي استفسار طبي عاجل قد يحدث خارج أوقات الدوام الرسمي.,مدح,امتنان عميق وصادق لالتزام مهني يفوق المطلوب رسميًا,شكر,امتنان,4,لا,0,إيجابي,إيجابي,مرتبط,لا,لا,منخفض,الالتزام المهني الفعلي الذي فاق المطلوب رسميًا يجعل الامتنان صادقًا وعميقًا دون أي مبالغة.,Dataset4_1000
987,طيب ليش فعالية اليوم الوطني بالحي كانت بس ليومين رغم إعلانهم عن أسبوع كامل؟,الوسطى,أعلنت لجنة حي عن فعاليات يوم وطني تستمر أسبوعًا كاملاً، لكن الفعاليات الفعلية اقتصرت على يومين فقط دون أي تفسير للتقليص الكبير في المدة المعلنة.,محايد,استياء مباشر من فجوة كبيرة بين الإعلان والتنفيذ الفعلي,شكوى,خيبة أمل,2,لا,0,محايد,سلبي,مرتبط,لا,لا,منخفض,الفجوة الكبيرة الفعلية بين المدة المعلنة والفعلية تجعل الاستياء منطقيًا ومباشرًا دون أي حاجة لتفسير معقد.,Dataset4_1000
988,عاشت الأيادي، جدتي فرحانة إن حفيدها اتصل يسألها عن وصفة الكليجا قبل العيد.,الحجازية,اتصل حفيد بجدته المسنة قبل العيد بأيام ليسألها عن تفاصيل وصفة الكليجا التقليدية، مما أسعدها كثيرًا وجعلها تشعر بأهمية تراثها لدى الجيل الجديد.,مدح,فرح حقيقي وصادق باهتمام الحفيد بتراثها العائلي,شكر,فرح,4,لا,0,إيجابي,إيجابي,مرتبط,لا,لا,منخفض,الاهتمام الفعلي الصادق بتراث الجدة يجعل الفرح المعبر عنه صادقًا وعميقًا دون أي مبالغة.,Dataset4_1000
989,سبحان الله، مدرسة اللغات تطلب من الطلاب شراء نفس الكتاب من مكتبة واحدة معينة بسعر مرتفع.,الشرقية,طلبت مدرسة لغات من الطلاب شراء كتاب مقرر من مكتبة واحدة محددة بسعر أعلى من متاجر أخرى تبيع نفس الكتاب، دون أي مبرر واضح لهذا التخصيص.,محايد,استياء مباشر من قيد شراء غير مبرر يرفع التكلفة على الأسر,شكوى,استياء,3,لا,0,محايد,سلبي,مرتبط,لا,نعم,متوسط,عدم وجود مبرر واضح لتخصيص مصدر شراء واحد بسعر أعلى يجعل الاستياء منطقيًا ومباشرًا.,Dataset4_1000
990,والله فرحانين، صار فيه ورشة تدريب للأمهات الجدد على الإسعافات الأولية للرضع مجانًا.,الجنوبية,نظم مركز صحي ورشة مجانية لتدريب الأمهات الجدد على أساسيات الإسعافات الأولية للرضع، وهو نوع من الدعم كانت أم جديدة تحتاجه فعليًا ولم تجده سابقًا.,مدح,امتنان حقيقي لمبادرة تلبي احتياجًا فعليًا لم يكن متوفرًا سابقًا,شكر,امتنان,3,لا,0,إيجابي,إيجابي,مرتبط,لا,لا,منخفض,الفائدة الفعلية لهذه المبادرة التي تلبي احتياجًا حقيقيًا تجعل الامتنان صادقًا وعميقًا دون أي مبالغة.,Dataset4_1000
991,طيب ليش صف تحفيظ القرآن للبنات ينتهي وقت مواصلات المدرسة نفسه تمامًا؟,الشمالية,لاحظت أسرة تعارضًا في التوقيت بين انتهاء حلقة تحفيظ قرآن مسائية وموعد آخر حافلة مواصلات مدرسية، مما يعقّد ترتيبات النقل اليومية للبنت.,محايد,استياء مباشر من تعارض توقيت يعقّد ترتيبات فعلية للعائلة,شكوى,قلق,2,لا,0,محايد,سلبي,مرتبط,لا,لا,منخفض,التعارض الفعلي في التوقيت الذي يعقّد ترتيبات النقل اليومية يجعل الاستياء منطقيًا ومباشرًا.,Dataset4_1000
992,عاشت الأيادي، ابن جيراننا ساعد جدي يعبر الشارع كل يوم بدون أي طلب منا.,سعودية عامة,لاحظ طفل جار أن جد المتحدث المسن يواجه صعوبة في عبور شارع مزدحم يوميًا، فبادر بمساعدته في العبور كل يوم دون أن تطلب العائلة منه ذلك.,مدح,إعجاب حقيقي وصادق بمبادرة طفولية نبيلة ومستمرة,شكر,فرح,4,لا,0,إيجابي,إيجابي,مرتبط,لا,لا,منخفض,المبادرة الطفولية المستمرة الفعلية غير المطلوبة تجعل الإعجاب صادقًا وعميقًا دون أي مبالغة.,Dataset4_1000
993,سبحان الله، ملعب كرة القدم بالمدرسة مخصص للأولاد بس والبنات ما فيه لهم بديل مشابه.,الوسطى,لاحظت طالبة أن مدرستها توفر ملعبًا مجهزًا بالكامل للأولاد، بينما لا يوجد مرفق رياضي مشابه أو بديل مناسب متاح للطالبات ضمن نفس المدرسة.,محايد,استياء مباشر من فجوة في توفير مرافق رياضية متكافئة,شكوى,استياء,3,لا,0,محايد,سلبي,مرتبط,لا,نعم,متوسط,الفجوة الفعلية في توفير مرافق متكافئة تجعل الاستياء منطقيًا ومباشرًا دون أي مبالغة.,Dataset4_1000
994,والله ما توقعت، خالتي رجعت تسأل عن نتيجة مقابلة عملي بعد أسبوعين من نفسها.,الحجازية,تقدم المتحدث لمقابلة عمل مهمة، وبعد أسبوعين تذكرت خالته الأمر واتصلت بنفسها للاطمئنان على النتيجة، دون أن يخبرها هو بذلك مجددًا.,مدح,امتنان حقيقي وصادق لاهتمام عائلي مستمر وصادق,شكر,امتنان,3,لا,0,إيجابي,إيجابي,مرتبط,لا,لا,منخفض,الاهتمام العائلي المستمر الفعلي دون تذكير يجعل الامتنان صادقًا ومباشرًا دون أي مبالغة.,Dataset4_1000
995,طيب ليش حضانة الأطفال بالجامعة تخدم أطفال الموظفات بس مو الطالبات الأمهات؟,الشرقية,اكتشفت طالبة جامعية أم أن خدمة حضانة الأطفال المتوفرة بالجامعة مخصصة لأطفال الموظفات فقط، دون أن تشمل الطالبات الأمهات رغم حاجتهن الفعلية لنفس الخدمة.,محايد,استياء مباشر من استبعاد فئة تحتاج نفس الخدمة فعليًا,شكوى,استياء,3,لا,0,محايد,سلبي,مرتبط,لا,نعم,متوسط,الاستبعاد الفعلي لفئة تحتاج نفس الخدمة بنفس القدر يجعل الاستياء منطقيًا ومباشرًا دون أي مبالغة.,Dataset4_1000
996,عاشت الأيادي، مدرب كرة القدم لابني عدّل التمرين لما لاحظ إنه متعب من الصيام.,الجنوبية,لاحظ مدرب كرة قدم أن أحد اللاعبين الصغار يبدو متعبًا بسبب الصيام، فعدّل شدة التمرين له خصيصًا دون أن يُطلب منه ذلك أو يشعر الطفل بالإحراج أمام زملائه.,مدح,تقدير حقيقي لمراعاة استباقية تحمي صحة طفل صائم,شكر,امتنان,3,لا,0,إيجابي,إيجابي,مرتبط,لا,لا,منخفض,المراعاة الاستباقية الفعلية لصحة الطفل دون إحراجه تجعل التقدير صادقًا وموضوعيًا دون أي مبالغة.,Dataset4_1000
997,سبحان الله، مركز الأسرة يقدم استشارات مجانية بس يحتاج حجز مسبق شهر كامل.,الشمالية,بحثت أسرة عن استشارة أسرية مجانية تحتاجها بشكل نسبي عاجل، لكنها اكتشفت أن أقرب موعد متاح في المركز المتخصص يستدعي انتظار شهر كامل رغم كون الخدمة معلنة كمجانية ومتاحة.,محايد,استياء مباشر من فجوة بين توفر خدمة معلنة وإمكانية الوصول الفعلية إليها,شكوى,قلق,3,لا,0,محايد,سلبي,مرتبط,نعم,نعم,متوسط,الفجوة الفعلية بين إعلان توفر الخدمة ومدة الانتظار الطويلة للوصول إليها تجعل الاستياء منطقيًا ومباشرًا.,Dataset4_1000
998,والله فرحانين، صار فيه تطبيق للعائلة يذكرنا بمواعيد أدوية جدي بدون ما ننسى.,سعودية عامة,استخدمت عائلة تطبيقًا مشتركًا يرسل تذكيرات لجميع أفراد الأسرة بمواعيد أدوية الجد المسن، مما ضمن عدم نسيان أي جرعة رغم انشغال الجميع بأعمالهم اليومية.,مدح,رضا حقيقي عن حل تقني يخدم احتياج عائلي مهم فعليًا,شكر,رضا,3,لا,0,إيجابي,إيجابي,مرتبط,لا,لا,منخفض,الفائدة العملية الفعلية لهذا الحل التقني تجعل الرضا صادقًا وموضوعيًا دون أي مبالغة.,Dataset4_1000
999,والله فرحانين، صار فيه معرض توظيف سنوي يجمع خريجي التخصصات النادرة بمكان واحد.,الحجازية,نظمت جهة تعليمية معرض توظيف سنوي متخصص يجمع أصحاب العمل مع خريجي تخصصات نادرة كانوا يواجهون صعوبة في إيجاد فرص مناسبة لهم سابقًا بشكل مباشر.,مدح,رضا حقيقي عن مبادرة تسد فجوة توظيف فعلية كانت قائمة,شكر,رضا,3,لا,0,إيجابي,إيجابي,مرتبط,لا,لا,منخفض,سد الفجوة الفعلية القائمة سابقًا في فرص توظيف تخصصات نادرة يجعل الرضا صادقًا وموضوعيًا دون أي مبالغة.,Dataset4_1000
1000,طيب ليش مكتبة الجامعة تمنع دخول الزوار حتى لو كانوا يبحثون عن مرجع نادر متوفر بس فيها؟,الشرقية,احتاج باحث خارجي الاطلاع على مرجع نادر متوفر حصريًا في مكتبة جامعية معينة، لكن سياسة المكتبة منعت دخول أي زائر من خارج الجامعة مهما كان سبب زيارته الأكاديمي المشروع.,محايد,استياء مباشر من سياسة صارمة تحد من الوصول لمصدر أكاديمي نادر,شكوى,إحباط,2,لا,0,محايد,سلبي,مرتبط,لا,لا,منخفض,الحاجة الأكاديمية المشروعة الفعلية لمرجع نادر تجعل صرامة سياسة المنع غير مبررة، وهذا يفسر الاستياء المباشر.,Dataset4_1000
